#
# There is insufficient memory for the Java Runtime Environment to continue.
# Native memory allocation (mmap) failed to map 710934528 bytes. Error detail: G1 virtual space
# Possible reasons:
#   The system is out of physical RAM or swap space
#   This process is running with CompressedOops enabled, and the Java Heap may be blocking the growth of the native heap
# Possible solutions:
#   Reduce memory load on the system
#   Increase physical memory or swap space
#   Check if swap backing store is full
#   Decrease Java heap size (-Xmx/-Xms)
#   Decrease number of Java threads
#   Decrease Java thread stack sizes (-Xss)
#   Set larger code cache with -XX:ReservedCodeCacheSize=
#   JVM is running with Zero Based Compressed Oops mode in which the Java heap is
#     placed in the first 32GB address space. The Java Heap base address is the
#     maximum limit for the native heap growth. Please use -XX:HeapBaseMinAddress
#     to set the Java Heap base and to place the Java Heap above 32GB virtual address.
# This output file may be truncated or incomplete.
#
#  Out of Memory Error (os_windows.cpp:3618), pid=20220, tid=8116
#
# JRE version: OpenJDK Runtime Environment Temurin-17.0.15+6 (17.0.15+6) (build 17.0.15+6)
# Java VM: OpenJDK 64-Bit Server VM Temurin-17.0.15+6 (17.0.15+6, mixed mode, sharing, tiered, compressed oops, compressed class ptrs, g1 gc, windows-amd64)
# No core dump will be written. Minidumps are not enabled by default on client versions of Windows
#

---------------  S U M M A R Y ------------

Command Line: --add-opens=java.base/java.lang=ALL-UNNAMED --add-opens=java.base/java.lang.invoke=ALL-UNNAMED --add-opens=java.base/java.util=ALL-UNNAMED --add-opens=java.prefs/java.util.prefs=ALL-UNNAMED --add-exports=jdk.compiler/com.sun.tools.javac.api=ALL-UNNAMED --add-exports=jdk.compiler/com.sun.tools.javac.util=ALL-UNNAMED --add-opens=java.base/java.util=ALL-UNNAMED --add-opens=java.prefs/java.util.prefs=ALL-UNNAMED --add-opens=java.base/java.nio.charset=ALL-UNNAMED --add-opens=java.base/java.net=ALL-UNNAMED --add-opens=java.base/java.util.concurrent.atomic=ALL-UNNAMED --add-opens=java.xml/javax.xml.namespace=ALL-UNNAMED -XX:MaxMetaspaceSize=1024m -Xmx4096m -Dfile.encoding=windows-1252 -Duser.country=US -Duser.language=en -Duser.variant -javaagent:C:\Users\dell\.gradle\wrapper\dists\gradle-8.13-bin\5xuhj0ry160q40clulazy9h7d\gradle-8.13\lib\agents\gradle-instrumentation-agent-8.13.jar org.gradle.launcher.daemon.bootstrap.GradleDaemon 8.13

Host: Intel(R) Core(TM) i5-5300U CPU @ 2.30GHz, 4 cores, 7G,  Windows 10 , 64 bit Build 19041 (10.0.19041.5915)
Time: Fri Jul 25 15:54:25 2025 Pakistan Standard Time elapsed time: 9770.439933 seconds (0d 2h 42m 50s)

---------------  T H R E A D  ---------------

Current thread (0x00000219244e4060):  VMThread "VM Thread" [stack: 0x000000ddf8200000,0x000000ddf8300000] [id=8116]

Stack: [0x000000ddf8200000,0x000000ddf8300000]
Native frames: (J=compiled Java code, j=interpreted, Vv=VM code, C=native code)
V  [jvm.dll+0x682fc9]
V  [jvm.dll+0x839878]
V  [jvm.dll+0x83b323]
V  [jvm.dll+0x83b993]
V  [jvm.dll+0x24725f]
V  [jvm.dll+0x67fda9]
V  [jvm.dll+0x674c9a]
V  [jvm.dll+0x304d06]
V  [jvm.dll+0x30c1c6]
V  [jvm.dll+0x35dd4e]
V  [jvm.dll+0x35df8d]
V  [jvm.dll+0x2dc0cc]
V  [jvm.dll+0x2da46f]
V  [jvm.dll+0x2d9bdc]
V  [jvm.dll+0x31d3bb]
V  [jvm.dll+0x8401cd]
V  [jvm.dll+0x840f03]
V  [jvm.dll+0x84142f]
V  [jvm.dll+0x841814]
V  [jvm.dll+0x8418de]
V  [jvm.dll+0x7e94dc]
V  [jvm.dll+0x681ea7]
C  [ucrtbase.dll+0x21bb2]
C  [KERNEL32.DLL+0x17374]
C  [ntdll.dll+0x4cc91]

VM_Operation (0x000000ddf96f9330): G1CollectForAllocation, mode: safepoint, requested by thread 0x000002196dc02e90


---------------  P R O C E S S  ---------------

Threads class SMR info:
_java_thread_list=0x000002196d12cdf0, length=96, elements={
0x000002197fd57e20, 0x00000219244ed1d0, 0x00000219244ee200, 0x0000021924505ec0,
0x00000219245068a0, 0x0000021924507610, 0x000002192450dbc0, 0x0000021924519840,
0x0000021924540740, 0x0000021924549c60, 0x0000021924742cd0, 0x00000219247f3840,
0x000002195f3b3ab0, 0x000002195e6cfa20, 0x000002195ed436c0, 0x000002195ff02340,
0x000002192486d850, 0x0000021924871a20, 0x000002192486c920, 0x0000021924872e60,
0x000002192486e270, 0x000002192486f6b0, 0x00000219607853e0, 0x00000219601f08e0,
0x00000219601f3b80, 0x00000219603c3780, 0x00000219631d0f30, 0x000002196dc01030,
0x000002196dc01540, 0x000002196dbff6e0, 0x000002196dc02980, 0x000002196dc02e90,
0x000002196dbffbf0, 0x000002196dc00100, 0x000002196dbfce60, 0x000002196dbfba20,
0x000002196dbfbf30, 0x000002196dbfe2a0, 0x000002196dbfc440, 0x000002196dbfe7b0,
0x000002196dbfd880, 0x000002196dbfdd90, 0x00000219601f03d0, 0x00000219601f0df0,
0x00000219601f1d20, 0x00000219601f1300, 0x00000219601f45a0, 0x00000219601f3670,
0x00000219601f1810, 0x00000219601ef4a0, 0x00000219601efec0, 0x00000219601f2230,
0x00000219601ee060, 0x00000219601ef9b0, 0x00000219601f2c50, 0x00000219601f3160,
0x00000219601f4fc0, 0x00000219601f4090, 0x00000219601f4ab0, 0x00000219601f54d0,
0x00000219601eea80, 0x0000021960784ed0, 0x0000021960783070, 0x00000219607890a0,
0x0000021960788170, 0x00000219607849c0, 0x00000219607895b0, 0x0000021960783580,
0x0000021960789ac0, 0x0000021960783a90, 0x00000219607844b0, 0x0000021960789fd0,
0x000002196078a9f0, 0x00000219607858f0, 0x0000021960785e00, 0x0000021960786d30,
0x0000021960786310, 0x0000021960786820, 0x0000021960787240, 0x00000219631d1e60,
0x00000219631d3cc0, 0x00000219631d0510, 0x00000219631d2370, 0x00000219631d2880,
0x00000219631d46e0, 0x00000219631d6540, 0x00000219631d4bf0, 0x00000219631d6a50,
0x00000219631d5610, 0x00000219631d7470, 0x0000021924871510, 0x0000021924870af0,
0x0000021924872950, 0x0000021924871f30, 0x0000021924873370, 0x00000219605a34c0
}

Java Threads: ( => current thread )
  0x000002197fd57e20 JavaThread "main" [_thread_blocked, id=5992, stack(0x000000ddf7c00000,0x000000ddf7d00000)]
  0x00000219244ed1d0 JavaThread "Reference Handler" daemon [_thread_blocked, id=6940, stack(0x000000ddf8300000,0x000000ddf8400000)]
  0x00000219244ee200 JavaThread "Finalizer" daemon [_thread_blocked, id=17376, stack(0x000000ddf8400000,0x000000ddf8500000)]
  0x0000021924505ec0 JavaThread "Signal Dispatcher" daemon [_thread_blocked, id=21048, stack(0x000000ddf8500000,0x000000ddf8600000)]
  0x00000219245068a0 JavaThread "Attach Listener" daemon [_thread_blocked, id=12228, stack(0x000000ddf8600000,0x000000ddf8700000)]
  0x0000021924507610 JavaThread "Service Thread" daemon [_thread_blocked, id=16800, stack(0x000000ddf8700000,0x000000ddf8800000)]
  0x000002192450dbc0 JavaThread "Monitor Deflation Thread" daemon [_thread_blocked, id=9840, stack(0x000000ddf8800000,0x000000ddf8900000)]
  0x0000021924519840 JavaThread "C2 CompilerThread0" daemon [_thread_blocked, id=20028, stack(0x000000ddf8900000,0x000000ddf8a00000)]
  0x0000021924540740 JavaThread "C1 CompilerThread0" daemon [_thread_blocked, id=8288, stack(0x000000ddf8a00000,0x000000ddf8b00000)]
  0x0000021924549c60 JavaThread "Sweeper thread" daemon [_thread_blocked, id=16844, stack(0x000000ddf8b00000,0x000000ddf8c00000)]
  0x0000021924742cd0 JavaThread "Common-Cleaner" daemon [_thread_blocked, id=15748, stack(0x000000ddf8c00000,0x000000ddf8d00000)]
  0x00000219247f3840 JavaThread "Notification Thread" daemon [_thread_blocked, id=21824, stack(0x000000ddf8d00000,0x000000ddf8e00000)]
  0x000002195f3b3ab0 JavaThread "Daemon health stats" [_thread_blocked, id=6596, stack(0x000000ddf9300000,0x000000ddf9400000)]
  0x000002195e6cfa20 JavaThread "Incoming local TCP Connector on port 63959" [_thread_in_native, id=21544, stack(0x000000ddf9400000,0x000000ddf9500000)]
  0x000002195ed436c0 JavaThread "Daemon periodic checks" [_thread_blocked, id=13016, stack(0x000000ddf9500000,0x000000ddf9600000)]
  0x000002195ff02340 JavaThread "Cache worker for journal cache (C:\Users\dell\.gradle\caches\journal-1)" [_thread_blocked, id=10272, stack(0x000000ddf9d00000,0x000000ddf9e00000)]
  0x000002192486d850 JavaThread "File lock request listener" [_thread_in_native, id=12188, stack(0x000000ddf9e00000,0x000000ddf9f00000)]
  0x0000021924871a20 JavaThread "Cache worker for file hash cache (C:\Users\dell\.gradle\caches\8.13\fileHashes)" [_thread_blocked, id=6584, stack(0x000000ddf9f00000,0x000000ddfa000000)]
  0x000002192486c920 JavaThread "File watcher server" daemon [_thread_blocked, id=4128, stack(0x000000ddfa200000,0x000000ddfa300000)]
  0x0000021924872e60 JavaThread "File watcher consumer" daemon [_thread_blocked, id=20960, stack(0x000000ddfa300000,0x000000ddfa400000)]
  0x000002192486e270 JavaThread "jar transforms" [_thread_blocked, id=11036, stack(0x000000ddf9200000,0x000000ddf9300000)]
  0x000002192486f6b0 JavaThread "Cache worker for file content cache (C:\Users\dell\.gradle\caches\8.13\fileContent)" [_thread_blocked, id=1200, stack(0x000000ddfa500000,0x000000ddfa600000)]
  0x00000219607853e0 JavaThread "Memory manager" [_thread_blocked, id=12352, stack(0x000000ddfb900000,0x000000ddfba00000)]
  0x00000219601f08e0 JavaThread "jar transforms Thread 2" [_thread_blocked, id=8372, stack(0x000000ddfdd00000,0x000000ddfde00000)]
  0x00000219601f3b80 JavaThread "jar transforms Thread 3" [_thread_blocked, id=9808, stack(0x000000ddfde00000,0x000000ddfdf00000)]
  0x00000219603c3780 JavaThread "jar transforms Thread 4" [_thread_blocked, id=2912, stack(0x000000ddfe200000,0x000000ddfe300000)]
  0x00000219631d0f30 JavaThread "pool-3-thread-1" [_thread_blocked, id=11052, stack(0x000000ddfe500000,0x000000ddfe600000)]
  0x000002196dc01030 JavaThread "pool-6-thread-1" [_thread_blocked, id=13180, stack(0x000000ddfe000000,0x000000ddfe100000)]
  0x000002196dc01540 JavaThread "Daemon Thread 3" [_thread_blocked, id=9756, stack(0x000000ddf7900000,0x000000ddf7a00000)]
  0x000002196dbff6e0 JavaThread "Handler for socket connection from /127.0.0.1:63959 to /127.0.0.1:56431" [_thread_in_native, id=6756, stack(0x000000ddf7a00000,0x000000ddf7b00000)]
  0x000002196dc02980 JavaThread "Cancel handler" [_thread_blocked, id=8860, stack(0x000000ddf7b00000,0x000000ddf7c00000)]
  0x000002196dc02e90 JavaThread "Daemon worker Thread 3" [_thread_blocked, id=13696, stack(0x000000ddf9600000,0x000000ddf9700000)]
  0x000002196dbffbf0 JavaThread "Asynchronous log dispatcher for DefaultDaemonConnection: socket connection from /127.0.0.1:63959 to /127.0.0.1:56431" [_thread_blocked, id=16876, stack(0x000000ddf9700000,0x000000ddf9800000)]
  0x000002196dc00100 JavaThread "Stdin handler" [_thread_blocked, id=21244, stack(0x000000ddf9800000,0x000000ddf9900000)]
  0x000002196dbfce60 JavaThread "Daemon client event forwarder" [_thread_blocked, id=18848, stack(0x000000ddf9900000,0x000000ddf9a00000)]
  0x000002196dbfba20 JavaThread "Cache worker for file hash cache (C:\Users\dell\lifeorganizer\android\.gradle\8.13\fileHashes)" [_thread_blocked, id=19516, stack(0x000000ddf9b00000,0x000000ddf9c00000)]
  0x000002196dbfbf30 JavaThread "Cache worker for Build Output Cleanup Cache (C:\Users\dell\lifeorganizer\android\.gradle\buildOutputCleanup)" [_thread_blocked, id=17864, stack(0x000000ddf9c00000,0x000000ddf9d00000)]
  0x000002196dbfe2a0 JavaThread "Cache worker for checksums cache (C:\Users\dell\lifeorganizer\android\.gradle\8.13\checksums)" [_thread_blocked, id=18256, stack(0x000000ddfa000000,0x000000ddfa100000)]
  0x000002196dbfc440 JavaThread "Cache worker for cache directory md-supplier (C:\Users\dell\.gradle\caches\8.13\md-supplier)" [_thread_blocked, id=21624, stack(0x000000ddfa100000,0x000000ddfa200000)]
  0x000002196dbfe7b0 JavaThread "Cache worker for cache directory md-rule (C:\Users\dell\.gradle\caches\8.13\md-rule)" [_thread_blocked, id=18400, stack(0x000000ddfa400000,0x000000ddfa500000)]
  0x000002196dbfd880 JavaThread "Cache worker for Build Output Cleanup Cache (C:\Users\dell\lifeorganizer\node_modules\@react-native\gradle-plugin\.gradle\buildOutputCleanup)" [_thread_blocked, id=21740, stack(0x000000ddfa600000,0x000000ddfa700000)]
  0x000002196dbfdd90 JavaThread "Unconstrained build operations" [_thread_blocked, id=9428, stack(0x000000ddfa700000,0x000000ddfa800000)]
  0x00000219601f03d0 JavaThread "Unconstrained build operations Thread 2" [_thread_blocked, id=19800, stack(0x000000ddfa800000,0x000000ddfa900000)]
  0x00000219601f0df0 JavaThread "Unconstrained build operations Thread 3" [_thread_blocked, id=22100, stack(0x000000ddfa900000,0x000000ddfaa00000)]
  0x00000219601f1d20 JavaThread "Unconstrained build operations Thread 4" [_thread_blocked, id=22136, stack(0x000000ddfaa00000,0x000000ddfab00000)]
  0x00000219601f1300 JavaThread "Unconstrained build operations Thread 5" [_thread_blocked, id=2936, stack(0x000000ddfab00000,0x000000ddfac00000)]
  0x00000219601f45a0 JavaThread "Unconstrained build operations Thread 6" [_thread_blocked, id=5404, stack(0x000000ddfac00000,0x000000ddfad00000)]
  0x00000219601f3670 JavaThread "Unconstrained build operations Thread 7" [_thread_blocked, id=13832, stack(0x000000ddfad00000,0x000000ddfae00000)]
  0x00000219601f1810 JavaThread "Unconstrained build operations Thread 8" [_thread_blocked, id=21004, stack(0x000000ddfae00000,0x000000ddfaf00000)]
  0x00000219601ef4a0 JavaThread "Unconstrained build operations Thread 9" [_thread_blocked, id=18756, stack(0x000000ddfaf00000,0x000000ddfb000000)]
  0x00000219601efec0 JavaThread "Unconstrained build operations Thread 10" [_thread_blocked, id=7596, stack(0x000000ddfb000000,0x000000ddfb100000)]
  0x00000219601f2230 JavaThread "build event listener" [_thread_blocked, id=11984, stack(0x000000ddfb100000,0x000000ddfb200000)]
  0x00000219601ee060 JavaThread "ForkJoinPool.commonPool-worker-7" daemon [_thread_blocked, id=9748, stack(0x000000ddfb200000,0x000000ddfb300000)]
  0x00000219601ef9b0 JavaThread "ForkJoinPool.commonPool-worker-8" daemon [_thread_blocked, id=13996, stack(0x000000ddfb300000,0x000000ddfb400000)]
  0x00000219601f2c50 JavaThread "ForkJoinPool.commonPool-worker-9" daemon [_thread_blocked, id=5036, stack(0x000000ddfb400000,0x000000ddfb500000)]
  0x00000219601f3160 JavaThread "included builds" [_thread_blocked, id=15812, stack(0x000000ddfb500000,0x000000ddfb600000)]
  0x00000219601f4fc0 JavaThread "Execution worker" [_thread_blocked, id=16084, stack(0x000000ddfb600000,0x000000ddfb700000)]
  0x00000219601f4090 JavaThread "Execution worker Thread 2" [_thread_blocked, id=5760, stack(0x000000ddfb700000,0x000000ddfb800000)]
  0x00000219601f4ab0 JavaThread "Execution worker Thread 3" [_thread_blocked, id=4216, stack(0x000000ddfb800000,0x000000ddfb900000)]
  0x00000219601f54d0 JavaThread "Cache worker for execution history cache (C:\Users\dell\lifeorganizer\node_modules\@react-native\gradle-plugin\.gradle\8.13\executionHistory)" [_thread_blocked, id=19340, stack(0x000000ddfba00000,0x000000ddfbb00000)]
  0x00000219601eea80 JavaThread "Unconstrained build operations Thread 11" [_thread_blocked, id=21200, stack(0x000000ddfbb00000,0x000000ddfbc00000)]
  0x0000021960784ed0 JavaThread "Unconstrained build operations Thread 12" [_thread_blocked, id=14868, stack(0x000000ddfbc00000,0x000000ddfbd00000)]
  0x0000021960783070 JavaThread "Unconstrained build operations Thread 13" [_thread_blocked, id=7796, stack(0x000000ddfbd00000,0x000000ddfbe00000)]
  0x00000219607890a0 JavaThread "Unconstrained build operations Thread 14" [_thread_blocked, id=20948, stack(0x000000ddfbe00000,0x000000ddfbf00000)]
  0x0000021960788170 JavaThread "Unconstrained build operations Thread 15" [_thread_blocked, id=12712, stack(0x000000ddfbf00000,0x000000ddfc000000)]
  0x00000219607849c0 JavaThread "Unconstrained build operations Thread 16" [_thread_blocked, id=10088, stack(0x000000ddfc000000,0x000000ddfc100000)]
  0x00000219607895b0 JavaThread "Unconstrained build operations Thread 17" [_thread_blocked, id=16912, stack(0x000000ddfc100000,0x000000ddfc200000)]
  0x0000021960783580 JavaThread "Unconstrained build operations Thread 18" [_thread_blocked, id=16132, stack(0x000000ddfc200000,0x000000ddfc300000)]
  0x0000021960789ac0 JavaThread "Unconstrained build operations Thread 19" [_thread_blocked, id=15596, stack(0x000000ddfc300000,0x000000ddfc400000)]
  0x0000021960783a90 JavaThread "Unconstrained build operations Thread 20" [_thread_blocked, id=8824, stack(0x000000ddfc400000,0x000000ddfc500000)]
  0x00000219607844b0 JavaThread "Unconstrained build operations Thread 21" [_thread_blocked, id=11352, stack(0x000000ddfc500000,0x000000ddfc600000)]
  0x0000021960789fd0 JavaThread "Unconstrained build operations Thread 22" [_thread_blocked, id=5260, stack(0x000000ddfc600000,0x000000ddfc700000)]
  0x000002196078a9f0 JavaThread "Unconstrained build operations Thread 23" [_thread_blocked, id=10872, stack(0x000000ddfc700000,0x000000ddfc800000)]
  0x00000219607858f0 JavaThread "Unconstrained build operations Thread 24" [_thread_blocked, id=20996, stack(0x000000ddfc800000,0x000000ddfc900000)]
  0x0000021960785e00 JavaThread "Unconstrained build operations Thread 25" [_thread_blocked, id=22240, stack(0x000000ddfc900000,0x000000ddfca00000)]
  0x0000021960786d30 JavaThread "Unconstrained build operations Thread 26" [_thread_blocked, id=10336, stack(0x000000ddfca00000,0x000000ddfcb00000)]
  0x0000021960786310 JavaThread "Unconstrained build operations Thread 27" [_thread_blocked, id=1808, stack(0x000000ddfcb00000,0x000000ddfcc00000)]
  0x0000021960786820 JavaThread "Unconstrained build operations Thread 28" [_thread_blocked, id=4636, stack(0x000000ddfcc00000,0x000000ddfcd00000)]
  0x0000021960787240 JavaThread "Unconstrained build operations Thread 29" [_thread_blocked, id=14712, stack(0x000000ddfcd00000,0x000000ddfce00000)]
  0x00000219631d1e60 JavaThread "Unconstrained build operations Thread 30" [_thread_blocked, id=7952, stack(0x000000ddfce00000,0x000000ddfcf00000)]
  0x00000219631d3cc0 JavaThread "Unconstrained build operations Thread 31" [_thread_blocked, id=7520, stack(0x000000ddfcf00000,0x000000ddfd000000)]
  0x00000219631d0510 JavaThread "Unconstrained build operations Thread 32" [_thread_blocked, id=21876, stack(0x000000ddfd000000,0x000000ddfd100000)]
  0x00000219631d2370 JavaThread "build event listener" [_thread_blocked, id=14208, stack(0x000000ddfd100000,0x000000ddfd200000)]
  0x00000219631d2880 JavaThread "Problems report writer" [_thread_blocked, id=17000, stack(0x000000ddfd200000,0x000000ddfd300000)]
  0x00000219631d46e0 JavaThread "Unconstrained build operations Thread 33" [_thread_blocked, id=7260, stack(0x000000ddfd300000,0x000000ddfd400000)]
  0x00000219631d6540 JavaThread "Unconstrained build operations Thread 34" [_thread_blocked, id=8668, stack(0x000000ddfd400000,0x000000ddfd500000)]
  0x00000219631d4bf0 JavaThread "Unconstrained build operations Thread 35" [_thread_blocked, id=20528, stack(0x000000ddfd500000,0x000000ddfd600000)]
  0x00000219631d6a50 JavaThread "Unconstrained build operations Thread 36" [_thread_blocked, id=11524, stack(0x000000ddfd600000,0x000000ddfd700000)]
  0x00000219631d5610 JavaThread "Unconstrained build operations Thread 37" [_thread_blocked, id=7428, stack(0x000000ddfd700000,0x000000ddfd800000)]
  0x00000219631d7470 JavaThread "Unconstrained build operations Thread 38" [_thread_blocked, id=5216, stack(0x000000ddfd800000,0x000000ddfd900000)]
  0x0000021924871510 JavaThread "Unconstrained build operations Thread 39" [_thread_blocked, id=21872, stack(0x000000ddfd900000,0x000000ddfda00000)]
  0x0000021924870af0 JavaThread "Unconstrained build operations Thread 40" [_thread_blocked, id=6228, stack(0x000000ddfda00000,0x000000ddfdb00000)]
  0x0000021924872950 JavaThread "Exec process Thread 13" [_thread_blocked, id=19072, stack(0x000000ddfdb00000,0x000000ddfdc00000)]
  0x0000021924871f30 JavaThread "Exec process Thread 14" [_thread_blocked, id=20508, stack(0x000000ddfdc00000,0x000000ddfdd00000)]
  0x0000021924873370 JavaThread "Exec process Thread 15" [_thread_blocked, id=16804, stack(0x000000ddfdf00000,0x000000ddfe000000)]
  0x00000219605a34c0 JavaThread "C2 CompilerThread1" daemon [_thread_blocked, id=9468, stack(0x000000ddf9a00000,0x000000ddf9b00000)]

Other Threads:
=>0x00000219244e4060 VMThread "VM Thread" [stack: 0x000000ddf8200000,0x000000ddf8300000] [id=8116]
  0x000002197fd58be0 WatcherThread [stack: 0x000000ddf8e00000,0x000000ddf8f00000] [id=4288]
  0x000002197fdc5600 GCTaskThread "GC Thread#0" [stack: 0x000000ddf7d00000,0x000000ddf7e00000] [id=15400]
  0x00000219248cf1f0 GCTaskThread "GC Thread#1" [stack: 0x000000ddf8f00000,0x000000ddf9000000] [id=10728]
  0x000002192494f280 GCTaskThread "GC Thread#2" [stack: 0x000000ddf9000000,0x000000ddf9100000] [id=3284]
  0x000002195eea7a30 GCTaskThread "GC Thread#3" [stack: 0x000000ddf9100000,0x000000ddf9200000] [id=7676]
  0x000002197fc3e650 ConcurrentGCThread "G1 Main Marker" [stack: 0x000000ddf7e00000,0x000000ddf7f00000] [id=16780]
  0x000002197fdd2510 ConcurrentGCThread "G1 Conc#0" [stack: 0x000000ddf7f00000,0x000000ddf8000000] [id=17304]
  0x000002197fe0ea50 ConcurrentGCThread "G1 Refine#0" [stack: 0x000000ddf8000000,0x000000ddf8100000] [id=15808]
  0x000002196be39480 ConcurrentGCThread "G1 Refine#1" [stack: 0x000000ddfe100000,0x000000ddfe200000] [id=4380]
  0x000002196dc89cd0 ConcurrentGCThread "G1 Refine#2" [stack: 0x000000ddfe300000,0x000000ddfe400000] [id=11168]
  0x00000219243a00a0 ConcurrentGCThread "G1 Service" [stack: 0x000000ddf8100000,0x000000ddf8200000] [id=18424]

Threads with active compile tasks:
C2 CompilerThread0  9770497 26764 %     4       org.gradle.api.internal.artifacts.ivyservice.resolveengine.graph.builder.DependencyGraphBuilder::assembleResult @ 59 (492 bytes)
C2 CompilerThread1  9770497 26791       4       org.gradle.api.internal.artifacts.ivyservice.resolveengine.result.DependencyResultSerializer::read (208 bytes)

VM state: at safepoint (normal execution)

VM Mutex/Monitor currently owned by a thread:  ([mutex/lock_event])
[0x000002197fd53760] Threads_lock - owner thread: 0x00000219244e4060
[0x000002197fd54c30] Heap_lock - owner thread: 0x000002196dc02e90

Heap address: 0x0000000700000000, size: 4096 MB, Compressed Oops mode: Zero based, Oop shift amount: 3

CDS archive(s) mapped at: [0x0000021925000000-0x0000021925bb0000-0x0000021925bb0000), size 12255232, SharedBaseAddress: 0x0000021925000000, ArchiveRelocationMode: 1.
Compressed class space mapped at: 0x0000021926000000-0x000002195a000000, reserved size: 872415232
Narrow klass base: 0x0000021925000000, Narrow klass shift: 0, Narrow klass range: 0x100000000

GC Precious Log:
 CPUs: 4 total, 4 available
 Memory: 8082M
 Large Page Support: Disabled
 NUMA Support: Disabled
 Compressed Oops: Enabled (Zero based)
 Heap Region Size: 2M
 Heap Min Capacity: 8M
 Heap Initial Capacity: 128M
 Heap Max Capacity: 4G
 Pre-touch: Disabled
 Parallel Workers: 4
 Concurrent Workers: 1
 Concurrent Refinement Workers: 4
 Periodic GC: Disabled

Heap:
 garbage-first heap   total 694272K, used 349149K [0x0000000700000000, 0x0000000800000000)
  region size 2048K, 2 young (4096K), 2 survivors (4096K)
 Metaspace       used 135070K, committed 137408K, reserved 983040K
  class space    used 18050K, committed 19136K, reserved 851968K

Heap Regions: E=young(eden), S=young(survivor), O=old, HS=humongous(starts), HC=humongous(continues), CS=collection set, F=free, OA=open archive, CA=closed archive, TAMS=top-at-mark-start (previous, next)
|   0|0x0000000700000000, 0x0000000700200000, 0x0000000700200000|100%|HS|  |TAMS 0x0000000700200000, 0x0000000700000000| Complete 
|   1|0x0000000700200000, 0x0000000700400000, 0x0000000700400000|100%|HC|  |TAMS 0x0000000700400000, 0x0000000700200000| Complete 
|   2|0x0000000700400000, 0x0000000700600000, 0x0000000700600000|100%| O|  |TAMS 0x0000000700600000, 0x0000000700400000| Untracked 
|   3|0x0000000700600000, 0x0000000700800000, 0x0000000700800000|100%| O|  |TAMS 0x0000000700800000, 0x0000000700600000| Untracked 
|   4|0x0000000700800000, 0x0000000700a00000, 0x0000000700a00000|100%| O|  |TAMS 0x0000000700a00000, 0x0000000700800000| Untracked 
|   5|0x0000000700a00000, 0x0000000700c00000, 0x0000000700c00000|100%| O|  |TAMS 0x0000000700c00000, 0x0000000700a00000| Untracked 
|   6|0x0000000700c00000, 0x0000000700e00000, 0x0000000700e00000|100%| O|  |TAMS 0x0000000700e00000, 0x0000000700c00000| Untracked 
|   7|0x0000000700e00000, 0x0000000700ff9200, 0x0000000701000000| 98%| O|  |TAMS 0x0000000700ff9200, 0x0000000700e00000| Untracked 
|   8|0x0000000701000000, 0x0000000701200000, 0x0000000701200000|100%| O|  |TAMS 0x0000000701200000, 0x0000000701000000| Untracked 
|   9|0x0000000701200000, 0x0000000701400000, 0x0000000701400000|100%| O|  |TAMS 0x0000000701400000, 0x0000000701200000| Untracked 
|  10|0x0000000701400000, 0x0000000701600000, 0x0000000701600000|100%| O|  |TAMS 0x0000000701600000, 0x0000000701400000| Untracked 
|  11|0x0000000701600000, 0x0000000701800000, 0x0000000701800000|100%| O|  |TAMS 0x0000000701800000, 0x0000000701600000| Untracked 
|  12|0x0000000701800000, 0x0000000701a00000, 0x0000000701a00000|100%| O|  |TAMS 0x0000000701a00000, 0x0000000701800000| Untracked 
|  13|0x0000000701a00000, 0x0000000701c00000, 0x0000000701c00000|100%| O|  |TAMS 0x0000000701c00000, 0x0000000701a00000| Untracked 
|  14|0x0000000701c00000, 0x0000000701e00000, 0x0000000701e00000|100%| O|  |TAMS 0x0000000701e00000, 0x0000000701c00000| Untracked 
|  15|0x0000000701e00000, 0x0000000702000000, 0x0000000702000000|100%| O|  |TAMS 0x0000000702000000, 0x0000000701e00000| Untracked 
|  16|0x0000000702000000, 0x0000000702200000, 0x0000000702200000|100%| O|  |TAMS 0x0000000702200000, 0x0000000702000000| Untracked 
|  17|0x0000000702200000, 0x0000000702400000, 0x0000000702400000|100%| O|  |TAMS 0x0000000702400000, 0x0000000702200000| Untracked 
|  18|0x0000000702400000, 0x0000000702600000, 0x0000000702600000|100%| O|  |TAMS 0x0000000702600000, 0x0000000702400000| Untracked 
|  19|0x0000000702600000, 0x0000000702800000, 0x0000000702800000|100%|HS|  |TAMS 0x0000000702800000, 0x0000000702600000| Complete 
|  20|0x0000000702800000, 0x0000000702800000, 0x0000000702a00000|  0%| F|  |TAMS 0x0000000702800000, 0x0000000702800000| Untracked 
|  21|0x0000000702a00000, 0x0000000702c00000, 0x0000000702c00000|100%| O|  |TAMS 0x0000000702c00000, 0x0000000702a00000| Untracked 
|  22|0x0000000702c00000, 0x0000000702e00000, 0x0000000702e00000|100%|HS|  |TAMS 0x0000000702e00000, 0x0000000702c00000| Complete 
|  23|0x0000000702e00000, 0x0000000703000000, 0x0000000703000000|100%|HC|  |TAMS 0x0000000703000000, 0x0000000702e00000| Complete 
|  24|0x0000000703000000, 0x0000000703200000, 0x0000000703200000|100%|HS|  |TAMS 0x0000000703200000, 0x0000000703000000| Complete 
|  25|0x0000000703200000, 0x0000000703400000, 0x0000000703400000|100%| O|  |TAMS 0x0000000703400000, 0x0000000703200000| Untracked 
|  26|0x0000000703400000, 0x0000000703600000, 0x0000000703600000|100%| O|  |TAMS 0x0000000703600000, 0x0000000703400000| Untracked 
|  27|0x0000000703600000, 0x0000000703800000, 0x0000000703800000|100%| O|  |TAMS 0x0000000703800000, 0x0000000703600000| Untracked 
|  28|0x0000000703800000, 0x0000000703a00000, 0x0000000703a00000|100%|HS|  |TAMS 0x0000000703a00000, 0x0000000703800000| Complete 
|  29|0x0000000703a00000, 0x0000000703c00000, 0x0000000703c00000|100%|HC|  |TAMS 0x0000000703c00000, 0x0000000703a00000| Complete 
|  30|0x0000000703c00000, 0x0000000703e00000, 0x0000000703e00000|100%| O|  |TAMS 0x0000000703e00000, 0x0000000703c00000| Untracked 
|  31|0x0000000703e00000, 0x0000000704000000, 0x0000000704000000|100%| O|  |TAMS 0x0000000703e00000, 0x0000000703e00000| Untracked 
|  32|0x0000000704000000, 0x0000000704200000, 0x0000000704200000|100%| O|  |TAMS 0x0000000704200000, 0x0000000704000000| Untracked 
|  33|0x0000000704200000, 0x0000000704400000, 0x0000000704400000|100%| O|  |TAMS 0x0000000704400000, 0x0000000704200000| Untracked 
|  34|0x0000000704400000, 0x0000000704600000, 0x0000000704600000|100%| O|  |TAMS 0x0000000704600000, 0x0000000704400000| Untracked 
|  35|0x0000000704600000, 0x0000000704600000, 0x0000000704800000|  0%| F|  |TAMS 0x0000000704600000, 0x0000000704600000| Untracked 
|  36|0x0000000704800000, 0x0000000704800000, 0x0000000704a00000|  0%| F|  |TAMS 0x0000000704800000, 0x0000000704800000| Untracked 
|  37|0x0000000704a00000, 0x0000000704c00000, 0x0000000704c00000|100%| O|  |TAMS 0x0000000704a00000, 0x0000000704a00000| Untracked 
|  38|0x0000000704c00000, 0x0000000704c00000, 0x0000000704e00000|  0%| F|  |TAMS 0x0000000704c00000, 0x0000000704c00000| Untracked 
|  39|0x0000000704e00000, 0x0000000705000000, 0x0000000705000000|100%| O|  |TAMS 0x0000000704e00000, 0x0000000704e00000| Untracked 
|  40|0x0000000705000000, 0x0000000705000000, 0x0000000705200000|  0%| F|  |TAMS 0x0000000705000000, 0x0000000705000000| Untracked 
|  41|0x0000000705200000, 0x0000000705200000, 0x0000000705400000|  0%| F|  |TAMS 0x0000000705200000, 0x0000000705200000| Untracked 
|  42|0x0000000705400000, 0x0000000705600000, 0x0000000705600000|100%| O|  |TAMS 0x0000000705400000, 0x0000000705400000| Untracked 
|  43|0x0000000705600000, 0x0000000705800000, 0x0000000705800000|100%|HS|  |TAMS 0x0000000705800000, 0x0000000705600000| Complete 
|  44|0x0000000705800000, 0x0000000705a00000, 0x0000000705a00000|100%| O|  |TAMS 0x0000000705a00000, 0x0000000705800000| Untracked 
|  45|0x0000000705a00000, 0x0000000705c00000, 0x0000000705c00000|100%| O|  |TAMS 0x0000000705c00000, 0x0000000705a00000| Untracked 
|  46|0x0000000705c00000, 0x0000000705e00000, 0x0000000705e00000|100%| O|  |TAMS 0x0000000705e00000, 0x0000000705c00000| Untracked 
|  47|0x0000000705e00000, 0x0000000706000000, 0x0000000706000000|100%| O|  |TAMS 0x0000000706000000, 0x0000000705e00000| Untracked 
|  48|0x0000000706000000, 0x0000000706200000, 0x0000000706200000|100%| O|  |TAMS 0x0000000706200000, 0x0000000706000000| Untracked 
|  49|0x0000000706200000, 0x0000000706400000, 0x0000000706400000|100%| O|  |TAMS 0x0000000706400000, 0x0000000706200000| Untracked 
|  50|0x0000000706400000, 0x0000000706400000, 0x0000000706600000|  0%| F|  |TAMS 0x0000000706400000, 0x0000000706400000| Untracked 
|  51|0x0000000706600000, 0x0000000706800000, 0x0000000706800000|100%| O|  |TAMS 0x0000000706600000, 0x0000000706600000| Untracked 
|  52|0x0000000706800000, 0x0000000706a00000, 0x0000000706a00000|100%| O|  |TAMS 0x0000000706a00000, 0x0000000706800000| Untracked 
|  53|0x0000000706a00000, 0x0000000706a00000, 0x0000000706c00000|  0%| F|  |TAMS 0x0000000706a00000, 0x0000000706a00000| Untracked 
|  54|0x0000000706c00000, 0x0000000706e00000, 0x0000000706e00000|100%| O|  |TAMS 0x0000000706e00000, 0x0000000706c00000| Untracked 
|  55|0x0000000706e00000, 0x0000000707000000, 0x0000000707000000|100%| O|  |TAMS 0x0000000707000000, 0x0000000706e00000| Untracked 
|  56|0x0000000707000000, 0x0000000707000000, 0x0000000707200000|  0%| F|  |TAMS 0x0000000707000000, 0x0000000707000000| Untracked 
|  57|0x0000000707200000, 0x0000000707400000, 0x0000000707400000|100%|HS|  |TAMS 0x0000000707400000, 0x0000000707200000| Complete 
|  58|0x0000000707400000, 0x0000000707600000, 0x0000000707600000|100%|HS|  |TAMS 0x0000000707600000, 0x0000000707400000| Complete 
|  59|0x0000000707600000, 0x0000000707800000, 0x0000000707800000|100%| O|  |TAMS 0x0000000707800000, 0x0000000707600000| Untracked 
|  60|0x0000000707800000, 0x0000000707a00000, 0x0000000707a00000|100%| O|  |TAMS 0x0000000707a00000, 0x0000000707800000| Untracked 
|  61|0x0000000707a00000, 0x0000000707c00000, 0x0000000707c00000|100%| O|  |TAMS 0x0000000707c00000, 0x0000000707a00000| Untracked 
|  62|0x0000000707c00000, 0x0000000707e00000, 0x0000000707e00000|100%| O|  |TAMS 0x0000000707c00000, 0x0000000707c00000| Untracked 
|  63|0x0000000707e00000, 0x0000000708000000, 0x0000000708000000|100%| O|  |TAMS 0x0000000707e00000, 0x0000000707e00000| Untracked 
|  64|0x0000000708000000, 0x0000000708000000, 0x0000000708200000|  0%| F|  |TAMS 0x0000000708000000, 0x0000000708000000| Untracked 
|  65|0x0000000708200000, 0x0000000708400000, 0x0000000708400000|100%| O|  |TAMS 0x0000000708200000, 0x0000000708200000| Untracked 
|  66|0x0000000708400000, 0x0000000708600000, 0x0000000708600000|100%| O|  |TAMS 0x0000000708400000, 0x0000000708400000| Untracked 
|  67|0x0000000708600000, 0x0000000708800000, 0x0000000708800000|100%| O|  |TAMS 0x0000000708800000, 0x0000000708600000| Untracked 
|  68|0x0000000708800000, 0x0000000708a00000, 0x0000000708a00000|100%| O|  |TAMS 0x0000000708a00000, 0x0000000708800000| Untracked 
|  69|0x0000000708a00000, 0x0000000708c00000, 0x0000000708c00000|100%| O|  |TAMS 0x0000000708a00000, 0x0000000708a00000| Untracked 
|  70|0x0000000708c00000, 0x0000000708e00000, 0x0000000708e00000|100%| O|  |TAMS 0x0000000708c00000, 0x0000000708c00000| Untracked 
|  71|0x0000000708e00000, 0x0000000708e00000, 0x0000000709000000|  0%| F|  |TAMS 0x0000000708e00000, 0x0000000708e00000| Untracked 
|  72|0x0000000709000000, 0x0000000709200000, 0x0000000709200000|100%| O|  |TAMS 0x0000000709000000, 0x0000000709000000| Untracked 
|  73|0x0000000709200000, 0x0000000709400000, 0x0000000709400000|100%| O|  |TAMS 0x0000000709200000, 0x0000000709200000| Untracked 
|  74|0x0000000709400000, 0x0000000709600000, 0x0000000709600000|100%|HS|  |TAMS 0x0000000709600000, 0x0000000709400000| Complete 
|  75|0x0000000709600000, 0x0000000709800000, 0x0000000709800000|100%| O|  |TAMS 0x0000000709800000, 0x0000000709600000| Untracked 
|  76|0x0000000709800000, 0x0000000709800000, 0x0000000709a00000|  0%| F|  |TAMS 0x0000000709800000, 0x0000000709800000| Untracked 
|  77|0x0000000709a00000, 0x0000000709c00000, 0x0000000709c00000|100%| O|  |TAMS 0x0000000709c00000, 0x0000000709a00000| Untracked 
|  78|0x0000000709c00000, 0x0000000709e00000, 0x0000000709e00000|100%| O|  |TAMS 0x0000000709e00000, 0x0000000709c00000| Untracked 
|  79|0x0000000709e00000, 0x000000070a000000, 0x000000070a000000|100%| O|  |TAMS 0x000000070a000000, 0x0000000709e00000| Untracked 
|  80|0x000000070a000000, 0x000000070a200000, 0x000000070a200000|100%| O|  |TAMS 0x000000070a200000, 0x000000070a000000| Untracked 
|  81|0x000000070a200000, 0x000000070a400000, 0x000000070a400000|100%| O|  |TAMS 0x000000070a400000, 0x000000070a200000| Untracked 
|  82|0x000000070a400000, 0x000000070a600000, 0x000000070a600000|100%| O|  |TAMS 0x000000070a400000, 0x000000070a400000| Untracked 
|  83|0x000000070a600000, 0x000000070a800000, 0x000000070a800000|100%| O|  |TAMS 0x000000070a800000, 0x000000070a600000| Untracked 
|  84|0x000000070a800000, 0x000000070aa00000, 0x000000070aa00000|100%| O|  |TAMS 0x000000070aa00000, 0x000000070a800000| Untracked 
|  85|0x000000070aa00000, 0x000000070ac00000, 0x000000070ac00000|100%| O|  |TAMS 0x000000070ac00000, 0x000000070aa00000| Untracked 
|  86|0x000000070ac00000, 0x000000070ae00000, 0x000000070ae00000|100%| O|  |TAMS 0x000000070ac00000, 0x000000070ac00000| Untracked 
|  87|0x000000070ae00000, 0x000000070b000000, 0x000000070b000000|100%| O|  |TAMS 0x000000070ae00000, 0x000000070ae00000| Untracked 
|  88|0x000000070b000000, 0x000000070b000000, 0x000000070b200000|  0%| F|  |TAMS 0x000000070b000000, 0x000000070b000000| Untracked 
|  89|0x000000070b200000, 0x000000070b200000, 0x000000070b400000|  0%| F|  |TAMS 0x000000070b200000, 0x000000070b200000| Untracked 
|  90|0x000000070b400000, 0x000000070b600000, 0x000000070b600000|100%| O|  |TAMS 0x000000070b600000, 0x000000070b400000| Untracked 
|  91|0x000000070b600000, 0x000000070b800000, 0x000000070b800000|100%| O|  |TAMS 0x000000070b800000, 0x000000070b600000| Untracked 
|  92|0x000000070b800000, 0x000000070ba00000, 0x000000070ba00000|100%| O|  |TAMS 0x000000070ba00000, 0x000000070b800000| Untracked 
|  93|0x000000070ba00000, 0x000000070bc00000, 0x000000070bc00000|100%| O|  |TAMS 0x000000070bc00000, 0x000000070ba00000| Untracked 
|  94|0x000000070bc00000, 0x000000070be00000, 0x000000070be00000|100%| O|  |TAMS 0x000000070be00000, 0x000000070bc00000| Untracked 
|  95|0x000000070be00000, 0x000000070be00000, 0x000000070c000000|  0%| F|  |TAMS 0x000000070be00000, 0x000000070be00000| Untracked 
|  96|0x000000070c000000, 0x000000070c000000, 0x000000070c200000|  0%| F|  |TAMS 0x000000070c000000, 0x000000070c000000| Untracked 
|  97|0x000000070c200000, 0x000000070c400000, 0x000000070c400000|100%| O|  |TAMS 0x000000070c400000, 0x000000070c200000| Untracked 
|  98|0x000000070c400000, 0x000000070c600000, 0x000000070c600000|100%| O|  |TAMS 0x000000070c600000, 0x000000070c400000| Untracked 
|  99|0x000000070c600000, 0x000000070c800000, 0x000000070c800000|100%| O|  |TAMS 0x000000070c800000, 0x000000070c600000| Untracked 
| 100|0x000000070c800000, 0x000000070ca00000, 0x000000070ca00000|100%| O|  |TAMS 0x000000070ca00000, 0x000000070c800000| Untracked 
| 101|0x000000070ca00000, 0x000000070cc00000, 0x000000070cc00000|100%| O|  |TAMS 0x000000070cc00000, 0x000000070ca00000| Untracked 
| 102|0x000000070cc00000, 0x000000070ce00000, 0x000000070ce00000|100%| O|  |TAMS 0x000000070ce00000, 0x000000070cc00000| Untracked 
| 103|0x000000070ce00000, 0x000000070d000000, 0x000000070d000000|100%| O|  |TAMS 0x000000070d000000, 0x000000070ce00000| Untracked 
| 104|0x000000070d000000, 0x000000070d000000, 0x000000070d200000|  0%| F|  |TAMS 0x000000070d000000, 0x000000070d000000| Untracked 
| 105|0x000000070d200000, 0x000000070d200000, 0x000000070d400000|  0%| F|  |TAMS 0x000000070d200000, 0x000000070d200000| Untracked 
| 106|0x000000070d400000, 0x000000070d600000, 0x000000070d600000|100%| O|  |TAMS 0x000000070d600000, 0x000000070d400000| Untracked 
| 107|0x000000070d600000, 0x000000070d800000, 0x000000070d800000|100%| O|  |TAMS 0x000000070d800000, 0x000000070d600000| Untracked 
| 108|0x000000070d800000, 0x000000070da00000, 0x000000070da00000|100%| O|  |TAMS 0x000000070da00000, 0x000000070d800000| Untracked 
| 109|0x000000070da00000, 0x000000070dc00000, 0x000000070dc00000|100%| O|  |TAMS 0x000000070da00000, 0x000000070da00000| Untracked 
| 110|0x000000070dc00000, 0x000000070de00000, 0x000000070de00000|100%| O|  |TAMS 0x000000070de00000, 0x000000070dc00000| Untracked 
| 111|0x000000070de00000, 0x000000070e000000, 0x000000070e000000|100%| O|  |TAMS 0x000000070e000000, 0x000000070de00000| Untracked 
| 112|0x000000070e000000, 0x000000070e200000, 0x000000070e200000|100%| O|  |TAMS 0x000000070e200000, 0x000000070e000000| Untracked 
| 113|0x000000070e200000, 0x000000070e200000, 0x000000070e400000|  0%| F|  |TAMS 0x000000070e200000, 0x000000070e200000| Untracked 
| 114|0x000000070e400000, 0x000000070e400000, 0x000000070e600000|  0%| F|  |TAMS 0x000000070e400000, 0x000000070e400000| Untracked 
| 115|0x000000070e600000, 0x000000070e800000, 0x000000070e800000|100%| O|  |TAMS 0x000000070e800000, 0x000000070e600000| Untracked 
| 116|0x000000070e800000, 0x000000070ea00000, 0x000000070ea00000|100%| O|  |TAMS 0x000000070ea00000, 0x000000070e800000| Untracked 
| 117|0x000000070ea00000, 0x000000070ea00000, 0x000000070ec00000|  0%| F|  |TAMS 0x000000070ea00000, 0x000000070ea00000| Untracked 
| 118|0x000000070ec00000, 0x000000070ee00000, 0x000000070ee00000|100%| O|  |TAMS 0x000000070ee00000, 0x000000070ec00000| Untracked 
| 119|0x000000070ee00000, 0x000000070ee00000, 0x000000070f000000|  0%| F|  |TAMS 0x000000070ee00000, 0x000000070ee00000| Untracked 
| 120|0x000000070f000000, 0x000000070f000000, 0x000000070f200000|  0%| F|  |TAMS 0x000000070f000000, 0x000000070f000000| Untracked 
| 121|0x000000070f200000, 0x000000070f200000, 0x000000070f400000|  0%| F|  |TAMS 0x000000070f200000, 0x000000070f200000| Untracked 
| 122|0x000000070f400000, 0x000000070f600000, 0x000000070f600000|100%| O|  |TAMS 0x000000070f600000, 0x000000070f400000| Untracked 
| 123|0x000000070f600000, 0x000000070f800000, 0x000000070f800000|100%| O|  |TAMS 0x000000070f800000, 0x000000070f600000| Untracked 
| 124|0x000000070f800000, 0x000000070fa00000, 0x000000070fa00000|100%| O|  |TAMS 0x000000070fa00000, 0x000000070f800000| Untracked 
| 125|0x000000070fa00000, 0x000000070fc00000, 0x000000070fc00000|100%| O|  |TAMS 0x000000070fc00000, 0x000000070fa00000| Untracked 
| 126|0x000000070fc00000, 0x000000070fc00000, 0x000000070fe00000|  0%| F|  |TAMS 0x000000070fc00000, 0x000000070fc00000| Untracked 
| 127|0x000000070fe00000, 0x000000070fe00000, 0x0000000710000000|  0%| F|  |TAMS 0x000000070fe00000, 0x000000070fe00000| Untracked 
| 128|0x0000000710000000, 0x0000000710000000, 0x0000000710200000|  0%| F|  |TAMS 0x0000000710000000, 0x0000000710000000| Untracked 
| 129|0x0000000710200000, 0x0000000710200000, 0x0000000710400000|  0%| F|  |TAMS 0x0000000710200000, 0x0000000710200000| Untracked 
| 130|0x0000000710400000, 0x0000000710400000, 0x0000000710600000|  0%| F|  |TAMS 0x0000000710400000, 0x0000000710400000| Untracked 
| 131|0x0000000710600000, 0x0000000710800000, 0x0000000710800000|100%| O|  |TAMS 0x0000000710800000, 0x0000000710600000| Untracked 
| 132|0x0000000710800000, 0x0000000710800000, 0x0000000710a00000|  0%| F|  |TAMS 0x0000000710800000, 0x0000000710800000| Untracked 
| 133|0x0000000710a00000, 0x0000000710a00000, 0x0000000710c00000|  0%| F|  |TAMS 0x0000000710a00000, 0x0000000710a00000| Untracked 
| 134|0x0000000710c00000, 0x0000000710c00000, 0x0000000710e00000|  0%| F|  |TAMS 0x0000000710c00000, 0x0000000710c00000| Untracked 
| 135|0x0000000710e00000, 0x0000000711000000, 0x0000000711000000|100%| O|  |TAMS 0x0000000711000000, 0x0000000710e00000| Untracked 
| 136|0x0000000711000000, 0x0000000711200000, 0x0000000711200000|100%| O|  |TAMS 0x0000000711200000, 0x0000000711000000| Untracked 
| 137|0x0000000711200000, 0x0000000711200000, 0x0000000711400000|  0%| F|  |TAMS 0x0000000711200000, 0x0000000711200000| Untracked 
| 138|0x0000000711400000, 0x0000000711600000, 0x0000000711600000|100%| O|  |TAMS 0x0000000711600000, 0x0000000711400000| Untracked 
| 139|0x0000000711600000, 0x0000000711800000, 0x0000000711800000|100%| O|  |TAMS 0x0000000711800000, 0x0000000711600000| Untracked 
| 140|0x0000000711800000, 0x0000000711a00000, 0x0000000711a00000|100%| O|  |TAMS 0x0000000711a00000, 0x0000000711800000| Untracked 
| 141|0x0000000711a00000, 0x0000000711c00000, 0x0000000711c00000|100%| O|  |TAMS 0x0000000711c00000, 0x0000000711a00000| Untracked 
| 142|0x0000000711c00000, 0x0000000711e00000, 0x0000000711e00000|100%| O|  |TAMS 0x0000000711e00000, 0x0000000711c00000| Untracked 
| 143|0x0000000711e00000, 0x0000000712000000, 0x0000000712000000|100%| O|  |TAMS 0x0000000712000000, 0x0000000711e00000| Untracked 
| 144|0x0000000712000000, 0x0000000712200000, 0x0000000712200000|100%| O|  |TAMS 0x0000000712200000, 0x0000000712000000| Untracked 
| 145|0x0000000712200000, 0x0000000712400000, 0x0000000712400000|100%| O|  |TAMS 0x0000000712400000, 0x0000000712200000| Untracked 
| 146|0x0000000712400000, 0x0000000712600000, 0x0000000712600000|100%| O|  |TAMS 0x0000000712600000, 0x0000000712400000| Untracked 
| 147|0x0000000712600000, 0x0000000712800000, 0x0000000712800000|100%| O|  |TAMS 0x0000000712800000, 0x0000000712600000| Untracked 
| 148|0x0000000712800000, 0x0000000712800000, 0x0000000712a00000|  0%| F|  |TAMS 0x0000000712800000, 0x0000000712800000| Untracked 
| 149|0x0000000712a00000, 0x0000000712a00000, 0x0000000712c00000|  0%| F|  |TAMS 0x0000000712a00000, 0x0000000712a00000| Untracked 
| 150|0x0000000712c00000, 0x0000000712c00000, 0x0000000712e00000|  0%| F|  |TAMS 0x0000000712c00000, 0x0000000712c00000| Untracked 
| 151|0x0000000712e00000, 0x0000000713000000, 0x0000000713000000|100%| O|  |TAMS 0x0000000713000000, 0x0000000712e00000| Untracked 
| 152|0x0000000713000000, 0x0000000713200000, 0x0000000713200000|100%| O|  |TAMS 0x0000000713200000, 0x0000000713000000| Untracked 
| 153|0x0000000713200000, 0x0000000713400000, 0x0000000713400000|100%| O|  |TAMS 0x0000000713400000, 0x0000000713200000| Untracked 
| 154|0x0000000713400000, 0x0000000713600000, 0x0000000713600000|100%| O|  |TAMS 0x0000000713600000, 0x0000000713400000| Untracked 
| 155|0x0000000713600000, 0x0000000713800000, 0x0000000713800000|100%| O|  |TAMS 0x0000000713800000, 0x0000000713600000| Untracked 
| 156|0x0000000713800000, 0x0000000713a00000, 0x0000000713a00000|100%| O|  |TAMS 0x0000000713a00000, 0x0000000713800000| Untracked 
| 157|0x0000000713a00000, 0x0000000713c00000, 0x0000000713c00000|100%| O|  |TAMS 0x0000000713c00000, 0x0000000713a00000| Untracked 
| 158|0x0000000713c00000, 0x0000000713e00000, 0x0000000713e00000|100%| O|  |TAMS 0x0000000713e00000, 0x0000000713c00000| Untracked 
| 159|0x0000000713e00000, 0x0000000713e00000, 0x0000000714000000|  0%| F|  |TAMS 0x0000000713e00000, 0x0000000713e00000| Untracked 
| 160|0x0000000714000000, 0x0000000714200000, 0x0000000714200000|100%| O|  |TAMS 0x0000000714200000, 0x0000000714000000| Untracked 
| 161|0x0000000714200000, 0x0000000714400000, 0x0000000714400000|100%| O|  |TAMS 0x0000000714400000, 0x0000000714200000| Untracked 
| 162|0x0000000714400000, 0x0000000714600000, 0x0000000714600000|100%| O|  |TAMS 0x0000000714600000, 0x0000000714400000| Untracked 
| 163|0x0000000714600000, 0x0000000714800000, 0x0000000714800000|100%| O|  |TAMS 0x0000000714800000, 0x0000000714600000| Untracked 
| 164|0x0000000714800000, 0x0000000714a00000, 0x0000000714a00000|100%| O|  |TAMS 0x0000000714a00000, 0x0000000714800000| Untracked 
| 165|0x0000000714a00000, 0x0000000714c00000, 0x0000000714c00000|100%| O|  |TAMS 0x0000000714c00000, 0x0000000714a00000| Untracked 
| 166|0x0000000714c00000, 0x0000000714e00000, 0x0000000714e00000|100%| O|  |TAMS 0x0000000714e00000, 0x0000000714c00000| Untracked 
| 167|0x0000000714e00000, 0x0000000715000000, 0x0000000715000000|100%| O|  |TAMS 0x0000000715000000, 0x0000000714e00000| Untracked 
| 168|0x0000000715000000, 0x0000000715200000, 0x0000000715200000|100%| O|  |TAMS 0x0000000715200000, 0x0000000715000000| Untracked 
| 169|0x0000000715200000, 0x0000000715400000, 0x0000000715400000|100%| O|  |TAMS 0x0000000715400000, 0x0000000715200000| Untracked 
| 170|0x0000000715400000, 0x0000000715600000, 0x0000000715600000|100%| O|  |TAMS 0x0000000715600000, 0x0000000715400000| Untracked 
| 171|0x0000000715600000, 0x0000000715600000, 0x0000000715800000|  0%| F|  |TAMS 0x0000000715600000, 0x0000000715600000| Untracked 
| 172|0x0000000715800000, 0x0000000715a00000, 0x0000000715a00000|100%| O|  |TAMS 0x0000000715a00000, 0x0000000715800000| Untracked 
| 173|0x0000000715a00000, 0x0000000715c00000, 0x0000000715c00000|100%| O|  |TAMS 0x0000000715c00000, 0x0000000715a00000| Untracked 
| 174|0x0000000715c00000, 0x0000000715c00000, 0x0000000715e00000|  0%| F|  |TAMS 0x0000000715c00000, 0x0000000715c00000| Untracked 
| 175|0x0000000715e00000, 0x0000000716000000, 0x0000000716000000|100%| O|  |TAMS 0x0000000716000000, 0x0000000715e00000| Untracked 
| 176|0x0000000716000000, 0x0000000716200000, 0x0000000716200000|100%| O|  |TAMS 0x0000000716200000, 0x0000000716000000| Untracked 
| 177|0x0000000716200000, 0x0000000716200000, 0x0000000716400000|  0%| F|  |TAMS 0x0000000716200000, 0x0000000716200000| Untracked 
| 178|0x0000000716400000, 0x0000000716600000, 0x0000000716600000|100%| O|  |TAMS 0x0000000716600000, 0x0000000716400000| Untracked 
| 179|0x0000000716600000, 0x0000000716800000, 0x0000000716800000|100%| O|  |TAMS 0x0000000716800000, 0x0000000716600000| Untracked 
| 180|0x0000000716800000, 0x0000000716800000, 0x0000000716a00000|  0%| F|  |TAMS 0x0000000716800000, 0x0000000716800000| Untracked 
| 181|0x0000000716a00000, 0x0000000716c00000, 0x0000000716c00000|100%| O|  |TAMS 0x0000000716a00000, 0x0000000716a00000| Untracked 
| 182|0x0000000716c00000, 0x0000000716e00000, 0x0000000716e00000|100%| O|  |TAMS 0x0000000716c00000, 0x0000000716c00000| Untracked 
| 183|0x0000000716e00000, 0x0000000717000000, 0x0000000717000000|100%| O|  |TAMS 0x0000000716e00000, 0x0000000716e00000| Untracked 
| 184|0x0000000717000000, 0x0000000717200000, 0x0000000717200000|100%| O|  |TAMS 0x0000000717000000, 0x0000000717000000| Untracked 
| 185|0x0000000717200000, 0x0000000717400000, 0x0000000717400000|100%| O|  |TAMS 0x0000000717200000, 0x0000000717200000| Untracked 
| 186|0x0000000717400000, 0x0000000717600000, 0x0000000717600000|100%| O|  |TAMS 0x0000000717400000, 0x0000000717400000| Untracked 
| 187|0x0000000717600000, 0x0000000717800000, 0x0000000717800000|100%| O|  |TAMS 0x0000000717600000, 0x0000000717600000| Untracked 
| 188|0x0000000717800000, 0x0000000717a00000, 0x0000000717a00000|100%| O|  |TAMS 0x0000000717800000, 0x0000000717800000| Untracked 
| 189|0x0000000717a00000, 0x0000000717c00000, 0x0000000717c00000|100%| O|  |TAMS 0x0000000717a00000, 0x0000000717a00000| Untracked 
| 190|0x0000000717c00000, 0x0000000717e00000, 0x0000000717e00000|100%| O|  |TAMS 0x0000000717c00000, 0x0000000717c00000| Untracked 
| 191|0x0000000717e00000, 0x0000000718000000, 0x0000000718000000|100%| O|  |TAMS 0x0000000717e00000, 0x0000000717e00000| Untracked 
| 192|0x0000000718000000, 0x0000000718200000, 0x0000000718200000|100%| O|  |TAMS 0x0000000718000000, 0x0000000718000000| Untracked 
| 193|0x0000000718200000, 0x0000000718400000, 0x0000000718400000|100%| O|  |TAMS 0x0000000718200000, 0x0000000718200000| Untracked 
| 194|0x0000000718400000, 0x0000000718600000, 0x0000000718600000|100%| O|  |TAMS 0x0000000718400000, 0x0000000718400000| Untracked 
| 195|0x0000000718600000, 0x0000000718800000, 0x0000000718800000|100%| O|  |TAMS 0x0000000718600000, 0x0000000718600000| Untracked 
| 196|0x0000000718800000, 0x0000000718a00000, 0x0000000718a00000|100%| O|  |TAMS 0x0000000718800000, 0x0000000718800000| Untracked 
| 197|0x0000000718a00000, 0x0000000718c00000, 0x0000000718c00000|100%| O|  |TAMS 0x0000000718a00000, 0x0000000718a00000| Untracked 
| 198|0x0000000718c00000, 0x0000000718e00000, 0x0000000718e00000|100%| O|  |TAMS 0x0000000718c00000, 0x0000000718c00000| Untracked 
| 199|0x0000000718e00000, 0x0000000719000000, 0x0000000719000000|100%| O|  |TAMS 0x0000000718e00000, 0x0000000718e00000| Untracked 
| 200|0x0000000719000000, 0x0000000719200000, 0x0000000719200000|100%| O|  |TAMS 0x0000000719000000, 0x0000000719000000| Untracked 
| 201|0x0000000719200000, 0x0000000719400000, 0x0000000719400000|100%| O|  |TAMS 0x0000000719200000, 0x0000000719200000| Untracked 
| 202|0x0000000719400000, 0x0000000719600000, 0x0000000719600000|100%| O|  |TAMS 0x0000000719400000, 0x0000000719400000| Untracked 
| 203|0x0000000719600000, 0x0000000719800000, 0x0000000719800000|100%| O|  |TAMS 0x0000000719600000, 0x0000000719600000| Untracked 
| 204|0x0000000719800000, 0x0000000719a00000, 0x0000000719a00000|100%| O|  |TAMS 0x0000000719800000, 0x0000000719800000| Untracked 
| 205|0x0000000719a00000, 0x0000000719c00000, 0x0000000719c00000|100%| O|  |TAMS 0x0000000719a00000, 0x0000000719a00000| Untracked 
| 206|0x0000000719c00000, 0x0000000719e00000, 0x0000000719e00000|100%| O|  |TAMS 0x0000000719c00000, 0x0000000719c00000| Untracked 
| 207|0x0000000719e00000, 0x000000071a000000, 0x000000071a000000|100%| O|  |TAMS 0x0000000719e00000, 0x0000000719e00000| Untracked 
| 208|0x000000071a000000, 0x000000071a200000, 0x000000071a200000|100%| O|  |TAMS 0x000000071a000000, 0x000000071a000000| Untracked 
| 209|0x000000071a200000, 0x000000071a400000, 0x000000071a400000|100%| O|  |TAMS 0x000000071a200000, 0x000000071a200000| Untracked 
| 210|0x000000071a400000, 0x000000071a400000, 0x000000071a600000|  0%| F|  |TAMS 0x000000071a400000, 0x000000071a400000| Untracked 
| 211|0x000000071a600000, 0x000000071a600000, 0x000000071a800000|  0%| F|  |TAMS 0x000000071a600000, 0x000000071a600000| Untracked 
| 212|0x000000071a800000, 0x000000071a800000, 0x000000071aa00000|  0%| F|  |TAMS 0x000000071a800000, 0x000000071a800000| Untracked 
| 213|0x000000071aa00000, 0x000000071aa00000, 0x000000071ac00000|  0%| F|  |TAMS 0x000000071aa00000, 0x000000071aa00000| Untracked 
| 214|0x000000071ac00000, 0x000000071ac00000, 0x000000071ae00000|  0%| F|  |TAMS 0x000000071ac00000, 0x000000071ac00000| Untracked 
| 215|0x000000071ae00000, 0x000000071ae00000, 0x000000071b000000|  0%| F|  |TAMS 0x000000071ae00000, 0x000000071ae00000| Untracked 
| 216|0x000000071b000000, 0x000000071b000000, 0x000000071b200000|  0%| F|  |TAMS 0x000000071b000000, 0x000000071b000000| Untracked 
| 217|0x000000071b200000, 0x000000071b200000, 0x000000071b400000|  0%| F|  |TAMS 0x000000071b200000, 0x000000071b200000| Untracked 
| 218|0x000000071b400000, 0x000000071b400000, 0x000000071b600000|  0%| F|  |TAMS 0x000000071b400000, 0x000000071b400000| Untracked 
| 219|0x000000071b600000, 0x000000071b600000, 0x000000071b800000|  0%| F|  |TAMS 0x000000071b600000, 0x000000071b600000| Untracked 
| 220|0x000000071b800000, 0x000000071b800000, 0x000000071ba00000|  0%| F|  |TAMS 0x000000071b800000, 0x000000071b800000| Untracked 
| 221|0x000000071ba00000, 0x000000071ba00000, 0x000000071bc00000|  0%| F|  |TAMS 0x000000071ba00000, 0x000000071ba00000| Untracked 
| 222|0x000000071bc00000, 0x000000071bc00000, 0x000000071be00000|  0%| F|  |TAMS 0x000000071bc00000, 0x000000071bc00000| Untracked 
| 223|0x000000071be00000, 0x000000071be00000, 0x000000071c000000|  0%| F|  |TAMS 0x000000071be00000, 0x000000071be00000| Untracked 
| 224|0x000000071c000000, 0x000000071c000000, 0x000000071c200000|  0%| F|  |TAMS 0x000000071c000000, 0x000000071c000000| Untracked 
| 225|0x000000071c200000, 0x000000071c200000, 0x000000071c400000|  0%| F|  |TAMS 0x000000071c200000, 0x000000071c200000| Untracked 
| 226|0x000000071c400000, 0x000000071c400000, 0x000000071c600000|  0%| F|  |TAMS 0x000000071c400000, 0x000000071c400000| Untracked 
| 227|0x000000071c600000, 0x000000071c600000, 0x000000071c800000|  0%| F|  |TAMS 0x000000071c600000, 0x000000071c600000| Untracked 
| 228|0x000000071c800000, 0x000000071c800000, 0x000000071ca00000|  0%| F|  |TAMS 0x000000071c800000, 0x000000071c800000| Untracked 
| 229|0x000000071ca00000, 0x000000071ca00000, 0x000000071cc00000|  0%| F|  |TAMS 0x000000071ca00000, 0x000000071ca00000| Untracked 
| 230|0x000000071cc00000, 0x000000071cc00000, 0x000000071ce00000|  0%| F|  |TAMS 0x000000071cc00000, 0x000000071cc00000| Untracked 
| 231|0x000000071ce00000, 0x000000071ce00000, 0x000000071d000000|  0%| F|  |TAMS 0x000000071ce00000, 0x000000071ce00000| Untracked 
| 232|0x000000071d000000, 0x000000071d000000, 0x000000071d200000|  0%| F|  |TAMS 0x000000071d000000, 0x000000071d000000| Untracked 
| 233|0x000000071d200000, 0x000000071d200000, 0x000000071d400000|  0%| F|  |TAMS 0x000000071d200000, 0x000000071d200000| Untracked 
| 234|0x000000071d400000, 0x000000071d400000, 0x000000071d600000|  0%| F|  |TAMS 0x000000071d400000, 0x000000071d400000| Untracked 
| 235|0x000000071d600000, 0x000000071d600000, 0x000000071d800000|  0%| F|  |TAMS 0x000000071d600000, 0x000000071d600000| Untracked 
| 236|0x000000071d800000, 0x000000071d800000, 0x000000071da00000|  0%| F|  |TAMS 0x000000071d800000, 0x000000071d800000| Untracked 
| 237|0x000000071da00000, 0x000000071da00000, 0x000000071dc00000|  0%| F|  |TAMS 0x000000071da00000, 0x000000071da00000| Untracked 
| 238|0x000000071dc00000, 0x000000071dc00000, 0x000000071de00000|  0%| F|  |TAMS 0x000000071dc00000, 0x000000071dc00000| Untracked 
| 239|0x000000071de00000, 0x000000071de00000, 0x000000071e000000|  0%| F|  |TAMS 0x000000071de00000, 0x000000071de00000| Untracked 
| 240|0x000000071e000000, 0x000000071e000000, 0x000000071e200000|  0%| F|  |TAMS 0x000000071e000000, 0x000000071e000000| Untracked 
| 241|0x000000071e200000, 0x000000071e200000, 0x000000071e400000|  0%| F|  |TAMS 0x000000071e200000, 0x000000071e200000| Untracked 
| 242|0x000000071e400000, 0x000000071e400000, 0x000000071e600000|  0%| F|  |TAMS 0x000000071e400000, 0x000000071e400000| Untracked 
| 243|0x000000071e600000, 0x000000071e600000, 0x000000071e800000|  0%| F|  |TAMS 0x000000071e600000, 0x000000071e600000| Untracked 
| 244|0x000000071e800000, 0x000000071e800000, 0x000000071ea00000|  0%| F|  |TAMS 0x000000071e800000, 0x000000071e800000| Untracked 
| 245|0x000000071ea00000, 0x000000071ea00000, 0x000000071ec00000|  0%| F|  |TAMS 0x000000071ea00000, 0x000000071ea00000| Untracked 
| 246|0x000000071ec00000, 0x000000071ec00000, 0x000000071ee00000|  0%| F|  |TAMS 0x000000071ec00000, 0x000000071ec00000| Untracked 
| 247|0x000000071ee00000, 0x000000071ee00000, 0x000000071f000000|  0%| F|  |TAMS 0x000000071ee00000, 0x000000071ee00000| Untracked 
| 248|0x000000071f000000, 0x000000071f000000, 0x000000071f200000|  0%| F|  |TAMS 0x000000071f000000, 0x000000071f000000| Untracked 
| 249|0x000000071f200000, 0x000000071f200000, 0x000000071f400000|  0%| F|  |TAMS 0x000000071f200000, 0x000000071f200000| Untracked 
| 250|0x000000071f400000, 0x000000071f400000, 0x000000071f600000|  0%| F|  |TAMS 0x000000071f400000, 0x000000071f400000| Untracked 
| 251|0x000000071f600000, 0x000000071f600000, 0x000000071f800000|  0%| F|  |TAMS 0x000000071f600000, 0x000000071f600000| Untracked 
| 252|0x000000071f800000, 0x000000071f800000, 0x000000071fa00000|  0%| F|  |TAMS 0x000000071f800000, 0x000000071f800000| Untracked 
| 253|0x000000071fa00000, 0x000000071fa00000, 0x000000071fc00000|  0%| F|  |TAMS 0x000000071fa00000, 0x000000071fa00000| Untracked 
| 254|0x000000071fc00000, 0x000000071fc00000, 0x000000071fe00000|  0%| F|  |TAMS 0x000000071fc00000, 0x000000071fc00000| Untracked 
| 255|0x000000071fe00000, 0x000000071fe00000, 0x0000000720000000|  0%| F|  |TAMS 0x000000071fe00000, 0x000000071fe00000| Untracked 
| 256|0x0000000720000000, 0x0000000720000000, 0x0000000720200000|  0%| F|  |TAMS 0x0000000720000000, 0x0000000720000000| Untracked 
| 257|0x0000000720200000, 0x0000000720200000, 0x0000000720400000|  0%| F|  |TAMS 0x0000000720200000, 0x0000000720200000| Untracked 
| 258|0x0000000720400000, 0x0000000720400000, 0x0000000720600000|  0%| F|  |TAMS 0x0000000720400000, 0x0000000720400000| Untracked 
| 259|0x0000000720600000, 0x0000000720600000, 0x0000000720800000|  0%| F|  |TAMS 0x0000000720600000, 0x0000000720600000| Untracked 
| 260|0x0000000720800000, 0x0000000720800000, 0x0000000720a00000|  0%| F|  |TAMS 0x0000000720800000, 0x0000000720800000| Untracked 
| 261|0x0000000720a00000, 0x0000000720a00000, 0x0000000720c00000|  0%| F|  |TAMS 0x0000000720a00000, 0x0000000720a00000| Untracked 
| 262|0x0000000720c00000, 0x0000000720c00000, 0x0000000720e00000|  0%| F|  |TAMS 0x0000000720c00000, 0x0000000720c00000| Untracked 
| 263|0x0000000720e00000, 0x0000000720e00000, 0x0000000721000000|  0%| F|  |TAMS 0x0000000720e00000, 0x0000000720e00000| Untracked 
| 264|0x0000000721000000, 0x0000000721000000, 0x0000000721200000|  0%| F|  |TAMS 0x0000000721000000, 0x0000000721000000| Untracked 
| 265|0x0000000721200000, 0x0000000721200000, 0x0000000721400000|  0%| F|  |TAMS 0x0000000721200000, 0x0000000721200000| Untracked 
| 266|0x0000000721400000, 0x0000000721400000, 0x0000000721600000|  0%| F|  |TAMS 0x0000000721400000, 0x0000000721400000| Untracked 
| 267|0x0000000721600000, 0x0000000721600000, 0x0000000721800000|  0%| F|  |TAMS 0x0000000721600000, 0x0000000721600000| Untracked 
| 268|0x0000000721800000, 0x0000000721800000, 0x0000000721a00000|  0%| F|  |TAMS 0x0000000721800000, 0x0000000721800000| Untracked 
| 269|0x0000000721a00000, 0x0000000721a00000, 0x0000000721c00000|  0%| F|  |TAMS 0x0000000721a00000, 0x0000000721a00000| Untracked 
| 270|0x0000000721c00000, 0x0000000721c00000, 0x0000000721e00000|  0%| F|  |TAMS 0x0000000721c00000, 0x0000000721c00000| Untracked 
| 271|0x0000000721e00000, 0x0000000721e00000, 0x0000000722000000|  0%| F|  |TAMS 0x0000000721e00000, 0x0000000721e00000| Untracked 
| 272|0x0000000722000000, 0x0000000722000000, 0x0000000722200000|  0%| F|  |TAMS 0x0000000722000000, 0x0000000722000000| Untracked 
| 273|0x0000000722200000, 0x0000000722200000, 0x0000000722400000|  0%| F|  |TAMS 0x0000000722200000, 0x0000000722200000| Untracked 
| 274|0x0000000722400000, 0x0000000722400000, 0x0000000722600000|  0%| F|  |TAMS 0x0000000722400000, 0x0000000722400000| Untracked 
| 275|0x0000000722600000, 0x0000000722600000, 0x0000000722800000|  0%| F|  |TAMS 0x0000000722600000, 0x0000000722600000| Untracked 
| 276|0x0000000722800000, 0x0000000722800000, 0x0000000722a00000|  0%| F|  |TAMS 0x0000000722800000, 0x0000000722800000| Untracked 
| 277|0x0000000722a00000, 0x0000000722a00000, 0x0000000722c00000|  0%| F|  |TAMS 0x0000000722a00000, 0x0000000722a00000| Untracked 
| 278|0x0000000722c00000, 0x0000000722c00000, 0x0000000722e00000|  0%| F|  |TAMS 0x0000000722c00000, 0x0000000722c00000| Untracked 
| 279|0x0000000722e00000, 0x0000000722e00000, 0x0000000723000000|  0%| F|  |TAMS 0x0000000722e00000, 0x0000000722e00000| Untracked 
| 280|0x0000000723000000, 0x0000000723000000, 0x0000000723200000|  0%| F|  |TAMS 0x0000000723000000, 0x0000000723000000| Untracked 
| 281|0x0000000723200000, 0x0000000723200000, 0x0000000723400000|  0%| F|  |TAMS 0x0000000723200000, 0x0000000723200000| Untracked 
| 282|0x0000000723400000, 0x0000000723400000, 0x0000000723600000|  0%| F|  |TAMS 0x0000000723400000, 0x0000000723400000| Untracked 
| 283|0x0000000723600000, 0x0000000723600000, 0x0000000723800000|  0%| F|  |TAMS 0x0000000723600000, 0x0000000723600000| Untracked 
| 284|0x0000000723800000, 0x0000000723800000, 0x0000000723a00000|  0%| F|  |TAMS 0x0000000723800000, 0x0000000723800000| Untracked 
| 285|0x0000000723a00000, 0x0000000723a00000, 0x0000000723c00000|  0%| F|  |TAMS 0x0000000723a00000, 0x0000000723a00000| Untracked 
| 286|0x0000000723c00000, 0x0000000723c00000, 0x0000000723e00000|  0%| F|  |TAMS 0x0000000723c00000, 0x0000000723c00000| Untracked 
| 287|0x0000000723e00000, 0x0000000723e00000, 0x0000000724000000|  0%| F|  |TAMS 0x0000000723e00000, 0x0000000723e00000| Untracked 
| 288|0x0000000724000000, 0x0000000724000000, 0x0000000724200000|  0%| F|  |TAMS 0x0000000724000000, 0x0000000724000000| Untracked 
| 289|0x0000000724200000, 0x0000000724200000, 0x0000000724400000|  0%| F|  |TAMS 0x0000000724200000, 0x0000000724200000| Untracked 
| 290|0x0000000724400000, 0x0000000724400000, 0x0000000724600000|  0%| F|  |TAMS 0x0000000724400000, 0x0000000724400000| Untracked 
| 291|0x0000000724600000, 0x0000000724600000, 0x0000000724800000|  0%| F|  |TAMS 0x0000000724600000, 0x0000000724600000| Untracked 
| 292|0x0000000724800000, 0x0000000724800000, 0x0000000724a00000|  0%| F|  |TAMS 0x0000000724800000, 0x0000000724800000| Untracked 
| 293|0x0000000724a00000, 0x0000000724a00000, 0x0000000724c00000|  0%| F|  |TAMS 0x0000000724a00000, 0x0000000724a00000| Untracked 
| 294|0x0000000724c00000, 0x0000000724c00000, 0x0000000724e00000|  0%| F|  |TAMS 0x0000000724c00000, 0x0000000724c00000| Untracked 
| 295|0x0000000724e00000, 0x0000000724e00000, 0x0000000725000000|  0%| F|  |TAMS 0x0000000724e00000, 0x0000000724e00000| Untracked 
| 296|0x0000000725000000, 0x0000000725000000, 0x0000000725200000|  0%| F|  |TAMS 0x0000000725000000, 0x0000000725000000| Untracked 
| 297|0x0000000725200000, 0x0000000725200000, 0x0000000725400000|  0%| F|  |TAMS 0x0000000725200000, 0x0000000725200000| Untracked 
| 298|0x0000000725400000, 0x0000000725400000, 0x0000000725600000|  0%| F|  |TAMS 0x0000000725400000, 0x0000000725400000| Untracked 
| 299|0x0000000725600000, 0x0000000725600000, 0x0000000725800000|  0%| F|  |TAMS 0x0000000725600000, 0x0000000725600000| Untracked 
| 300|0x0000000725800000, 0x0000000725800000, 0x0000000725a00000|  0%| F|  |TAMS 0x0000000725800000, 0x0000000725800000| Untracked 
| 301|0x0000000725a00000, 0x0000000725a00000, 0x0000000725c00000|  0%| F|  |TAMS 0x0000000725a00000, 0x0000000725a00000| Untracked 
| 302|0x0000000725c00000, 0x0000000725c00000, 0x0000000725e00000|  0%| F|  |TAMS 0x0000000725c00000, 0x0000000725c00000| Untracked 
| 303|0x0000000725e00000, 0x0000000725e00000, 0x0000000726000000|  0%| F|  |TAMS 0x0000000725e00000, 0x0000000725e00000| Untracked 
| 304|0x0000000726000000, 0x0000000726000000, 0x0000000726200000|  0%| F|  |TAMS 0x0000000726000000, 0x0000000726000000| Untracked 
| 305|0x0000000726200000, 0x0000000726200000, 0x0000000726400000|  0%| F|  |TAMS 0x0000000726200000, 0x0000000726200000| Untracked 
| 306|0x0000000726400000, 0x0000000726400000, 0x0000000726600000|  0%| F|  |TAMS 0x0000000726400000, 0x0000000726400000| Untracked 
| 307|0x0000000726600000, 0x0000000726600000, 0x0000000726800000|  0%| F|  |TAMS 0x0000000726600000, 0x0000000726600000| Untracked 
| 308|0x0000000726800000, 0x0000000726800000, 0x0000000726a00000|  0%| F|  |TAMS 0x0000000726800000, 0x0000000726800000| Untracked 
| 309|0x0000000726a00000, 0x0000000726a00000, 0x0000000726c00000|  0%| F|  |TAMS 0x0000000726a00000, 0x0000000726a00000| Untracked 
| 310|0x0000000726c00000, 0x0000000726c00000, 0x0000000726e00000|  0%| F|  |TAMS 0x0000000726c00000, 0x0000000726c00000| Untracked 
| 311|0x0000000726e00000, 0x0000000726e00000, 0x0000000727000000|  0%| F|  |TAMS 0x0000000726e00000, 0x0000000726e00000| Untracked 
| 312|0x0000000727000000, 0x0000000727000000, 0x0000000727200000|  0%| F|  |TAMS 0x0000000727000000, 0x0000000727000000| Untracked 
| 313|0x0000000727200000, 0x0000000727200000, 0x0000000727400000|  0%| F|  |TAMS 0x0000000727200000, 0x0000000727200000| Untracked 
| 314|0x0000000727400000, 0x0000000727400000, 0x0000000727600000|  0%| F|  |TAMS 0x0000000727400000, 0x0000000727400000| Untracked 
| 315|0x0000000727600000, 0x0000000727600000, 0x0000000727800000|  0%| F|  |TAMS 0x0000000727600000, 0x0000000727600000| Untracked 
| 316|0x0000000727800000, 0x0000000727800000, 0x0000000727a00000|  0%| F|  |TAMS 0x0000000727800000, 0x0000000727800000| Untracked 
| 317|0x0000000727a00000, 0x0000000727a00000, 0x0000000727c00000|  0%| F|  |TAMS 0x0000000727a00000, 0x0000000727a00000| Untracked 
| 318|0x0000000727c00000, 0x0000000727c00000, 0x0000000727e00000|  0%| F|  |TAMS 0x0000000727c00000, 0x0000000727c00000| Untracked 
| 319|0x0000000727e00000, 0x0000000727e00000, 0x0000000728000000|  0%| F|  |TAMS 0x0000000727e00000, 0x0000000727e00000| Untracked 
| 320|0x0000000728000000, 0x0000000728000000, 0x0000000728200000|  0%| F|  |TAMS 0x0000000728000000, 0x0000000728000000| Untracked 
| 321|0x0000000728200000, 0x00000007282fe2b0, 0x0000000728400000| 49%| S|CS|TAMS 0x0000000728200000, 0x0000000728200000| Complete 
| 322|0x0000000728400000, 0x0000000728600000, 0x0000000728600000|100%| S|CS|TAMS 0x0000000728400000, 0x0000000728400000| Complete 
| 323|0x0000000728600000, 0x0000000728600000, 0x0000000728800000|  0%| F|  |TAMS 0x0000000728600000, 0x0000000728600000| Untracked 
| 324|0x0000000728800000, 0x0000000728800000, 0x0000000728a00000|  0%| F|  |TAMS 0x0000000728800000, 0x0000000728800000| Untracked 
| 325|0x0000000728a00000, 0x0000000728a00000, 0x0000000728c00000|  0%| F|  |TAMS 0x0000000728a00000, 0x0000000728a00000| Untracked 
| 326|0x0000000728c00000, 0x0000000728c00000, 0x0000000728e00000|  0%| F|  |TAMS 0x0000000728c00000, 0x0000000728c00000| Untracked 
| 327|0x0000000728e00000, 0x0000000728e00000, 0x0000000729000000|  0%| F|  |TAMS 0x0000000728e00000, 0x0000000728e00000| Untracked 
| 328|0x0000000729000000, 0x0000000729000000, 0x0000000729200000|  0%| F|  |TAMS 0x0000000729000000, 0x0000000729000000| Untracked 
| 329|0x0000000729200000, 0x0000000729200000, 0x0000000729400000|  0%| F|  |TAMS 0x0000000729200000, 0x0000000729200000| Untracked 
| 330|0x0000000729400000, 0x0000000729400000, 0x0000000729600000|  0%| F|  |TAMS 0x0000000729400000, 0x0000000729400000| Untracked 
| 331|0x0000000729600000, 0x0000000729600000, 0x0000000729800000|  0%| F|  |TAMS 0x0000000729600000, 0x0000000729600000| Untracked 
| 332|0x0000000729800000, 0x0000000729800000, 0x0000000729a00000|  0%| F|  |TAMS 0x0000000729800000, 0x0000000729800000| Untracked 
| 333|0x0000000729a00000, 0x0000000729a00000, 0x0000000729c00000|  0%| F|  |TAMS 0x0000000729a00000, 0x0000000729a00000| Untracked 
| 334|0x0000000729c00000, 0x0000000729c00000, 0x0000000729e00000|  0%| F|  |TAMS 0x0000000729c00000, 0x0000000729c00000| Untracked 
| 335|0x0000000729e00000, 0x0000000729e00000, 0x000000072a000000|  0%| F|  |TAMS 0x0000000729e00000, 0x0000000729e00000| Untracked 
| 336|0x000000072a000000, 0x000000072a000000, 0x000000072a200000|  0%| F|  |TAMS 0x000000072a000000, 0x000000072a000000| Untracked 
| 337|0x000000072a200000, 0x000000072a200000, 0x000000072a400000|  0%| F|  |TAMS 0x000000072a200000, 0x000000072a200000| Untracked 
| 338|0x000000072a400000, 0x000000072a400000, 0x000000072a600000|  0%| F|  |TAMS 0x000000072a400000, 0x000000072a400000| Untracked 

Card table byte_map: [0x0000021918ed0000,0x00000219196d0000] _byte_map_base: 0x00000219156d0000

Marking Bits (Prev, Next): (CMBitMap*) 0x000002197fc39f80, (CMBitMap*) 0x000002197fc39fc0
 Prev Bits: [0x0000021919ed0000, 0x000002191ded0000)
 Next Bits: [0x000002191ded0000, 0x0000021921ed0000)

Polling page: 0x000002197fb10000

Metaspace:

Usage:
  Non-class:    114.28 MB used.
      Class:     17.63 MB used.
       Both:    131.90 MB used.

Virtual space:
  Non-class space:      128.00 MB reserved,     115.50 MB ( 90%) committed,  2 nodes.
      Class space:      832.00 MB reserved,      18.69 MB (  2%) committed,  1 nodes.
             Both:      960.00 MB reserved,     134.19 MB ( 14%) committed. 

Chunk freelists:
   Non-Class:  12.56 MB
       Class:  13.32 MB
        Both:  25.88 MB

MaxMetaspaceSize: 1.00 GB
CompressedClassSpaceSize: 832.00 MB
Initial GC threshold: 21.00 MB
Current GC threshold: 223.69 MB
CDS: on
MetaspaceReclaimPolicy: balanced
 - commit_granule_bytes: 65536.
 - commit_granule_words: 8192.
 - virtual_space_node_default_size: 8388608.
 - enlarge_chunks_in_place: 1.
 - new_chunks_are_fully_committed: 0.
 - uncommit_free_chunks: 1.
 - use_allocation_guard: 0.
 - handle_deallocations: 1.


Internal statistics:

num_allocs_failed_limit: 9.
num_arena_births: 3424.
num_arena_deaths: 350.
num_vsnodes_births: 3.
num_vsnodes_deaths: 0.
num_space_committed: 2145.
num_space_uncommitted: 0.
num_chunks_returned_to_freelist: 435.
num_chunks_taken_from_freelist: 10202.
num_chunk_merges: 119.
num_chunk_splits: 6076.
num_chunks_enlarged: 3227.
num_inconsistent_stats: 0.

CodeHeap 'non-profiled nmethods': size=120000Kb used=18297Kb max_used=18297Kb free=101703Kb
 bounds [0x0000021910b80000, 0x0000021911d60000, 0x00000219180b0000]
CodeHeap 'profiled nmethods': size=120000Kb used=40869Kb max_used=40869Kb free=79130Kb
 bounds [0x00000219090b0000, 0x000002190b8a0000, 0x00000219105e0000]
CodeHeap 'non-nmethods': size=5760Kb used=2486Kb max_used=2599Kb free=3273Kb
 bounds [0x00000219105e0000, 0x0000021910870000, 0x0000021910b80000]
 total_blobs=22756 nmethods=21723 adapters=943
 compilation: enabled
              stopped_count=0, restarted_count=0
 full_count=0

Compilation events (20 events):
Event: 9770.194 Thread 0x0000021924540740 nmethod 26779 0x000002190b895690 code [0x000002190b895840, 0x000002190b895a78]
Event: 9770.198 Thread 0x00000219605a34c0 26780       4       org.gradle.api.internal.artifacts.ivyservice.ivyresolve.BaseModuleComponentRepository::getId (10 bytes)
Event: 9770.200 Thread 0x00000219605a34c0 nmethod 26780 0x0000021911d5b010 code [0x0000021911d5b1c0, 0x0000021911d5b308]
Event: 9770.214 Thread 0x0000021924540740 26781       3       org.gradle.api.internal.artifacts.ivyservice.resolveengine.graph.builder.ModuleResolveState::disconnectIncomingEdge (40 bytes)
Event: 9770.215 Thread 0x00000219605a34c0 26782       4       java.util.stream.Collectors$$Lambda$22/0x800000035::accept (14 bytes)
Event: 9770.215 Thread 0x0000021924540740 nmethod 26781 0x000002190b895b90 code [0x000002190b895d80, 0x000002190b8962c8]
Event: 9770.216 Thread 0x00000219605a34c0 nmethod 26782 0x0000021911d5b490 code [0x0000021911d5b620, 0x0000021911d5b6e8]
Event: 9770.219 Thread 0x00000219605a34c0 26783       4       org.gradle.api.internal.artifacts.ivyservice.resolveengine.result.CachingDependencyResultFactory::createResolvedDependency (89 bytes)
Event: 9770.236 Thread 0x0000021924540740 26785       3       org.gradle.internal.component.model.DefaultComponentOverrideMetadata::<init> (20 bytes)
Event: 9770.236 Thread 0x0000021924540740 nmethod 26785 0x000002190b896510 code [0x000002190b8966c0, 0x000002190b8968f8]
Event: 9770.253 Thread 0x0000021924540740 26786       3       org.gradle.internal.properties.annotations.AbstractTypeMetadataWalker$$Lambda$1622/0x00000219269e2320::accept (29 bytes)
Event: 9770.253 Thread 0x0000021924540740 nmethod 26786 0x000002190b896a10 code [0x000002190b896bc0, 0x000002190b896e48]
Event: 9770.254 Thread 0x0000021924540740 26787   !   3       org.gradle.api.internal.project.taskfactory.TaskFactory$1::call (120 bytes)
Event: 9770.256 Thread 0x0000021924540740 nmethod 26787 0x000002190b896f10 code [0x000002190b897240, 0x000002190b898738]
Event: 9770.280 Thread 0x0000021924540740 26789       3       org.gradle.api.internal.artifacts.ivyservice.resolveengine.graph.builder.NodeState::restart (41 bytes)
Event: 9770.281 Thread 0x0000021924540740 nmethod 26789 0x000002190b899090 code [0x000002190b899280, 0x000002190b899808]
Event: 9770.299 Thread 0x00000219605a34c0 nmethod 26783 0x0000021911d5b810 code [0x0000021911d5ba80, 0x0000021911d5d470]
Event: 9770.299 Thread 0x00000219605a34c0 26790       4       org.gradle.internal.Describables::of (10 bytes)
Event: 9770.301 Thread 0x00000219605a34c0 nmethod 26790 0x0000021911d5e110 code [0x0000021911d5e280, 0x0000021911d5e358]
Event: 9770.301 Thread 0x00000219605a34c0 26791       4       org.gradle.api.internal.artifacts.ivyservice.resolveengine.result.DependencyResultSerializer::read (208 bytes)

GC Heap History (20 events):
Event: 3358.549 GC heap after
{Heap after GC invocations=72 (full 0):
 garbage-first heap   total 577536K, used 301366K [0x0000000700000000, 0x0000000800000000)
  region size 2048K, 2 young (4096K), 2 survivors (4096K)
 Metaspace       used 132414K, committed 134144K, reserved 983040K
  class space    used 17861K, committed 18624K, reserved 851968K
}
Event: 3366.869 GC heap before
{Heap before GC invocations=72 (full 0):
 garbage-first heap   total 577536K, used 475446K [0x0000000700000000, 0x0000000800000000)
  region size 2048K, 87 young (178176K), 2 survivors (4096K)
 Metaspace       used 133477K, committed 135488K, reserved 983040K
  class space    used 17989K, committed 18880K, reserved 851968K
}
Event: 3366.942 GC heap after
{Heap after GC invocations=73 (full 0):
 garbage-first heap   total 577536K, used 326274K [0x0000000700000000, 0x0000000800000000)
  region size 2048K, 11 young (22528K), 11 survivors (22528K)
 Metaspace       used 133477K, committed 135488K, reserved 983040K
  class space    used 17989K, committed 18880K, reserved 851968K
}
Event: 3370.712 GC heap before
{Heap before GC invocations=73 (full 0):
 garbage-first heap   total 577536K, used 471682K [0x0000000700000000, 0x0000000800000000)
  region size 2048K, 82 young (167936K), 11 survivors (22528K)
 Metaspace       used 133960K, committed 136000K, reserved 983040K
  class space    used 18024K, committed 18944K, reserved 851968K
}
Event: 3370.842 GC heap after
{Heap after GC invocations=74 (full 0):
 garbage-first heap   total 577536K, used 350180K [0x0000000700000000, 0x0000000800000000)
  region size 2048K, 11 young (22528K), 11 survivors (22528K)
 Metaspace       used 133960K, committed 136000K, reserved 983040K
  class space    used 18024K, committed 18944K, reserved 851968K
}
Event: 3377.459 GC heap before
{Heap before GC invocations=75 (full 0):
 garbage-first heap   total 614400K, used 466916K [0x0000000700000000, 0x0000000800000000)
  region size 2048K, 69 young (141312K), 11 survivors (22528K)
 Metaspace       used 134460K, committed 136640K, reserved 983040K
  class space    used 18084K, committed 19072K, reserved 851968K
}
Event: 3377.547 GC heap after
{Heap after GC invocations=76 (full 0):
 garbage-first heap   total 614400K, used 363297K [0x0000000700000000, 0x0000000800000000)
  region size 2048K, 6 young (12288K), 6 survivors (12288K)
 Metaspace       used 134460K, committed 136640K, reserved 983040K
  class space    used 18084K, committed 19072K, reserved 851968K
}
Event: 3377.966 GC heap before
{Heap before GC invocations=76 (full 0):
 garbage-first heap   total 614400K, used 381729K [0x0000000700000000, 0x0000000800000000)
  region size 2048K, 15 young (30720K), 6 survivors (12288K)
 Metaspace       used 134515K, committed 136704K, reserved 983040K
  class space    used 18086K, committed 19072K, reserved 851968K
}
Event: 3378.030 GC heap after
{Heap after GC invocations=77 (full 0):
 garbage-first heap   total 614400K, used 363112K [0x0000000700000000, 0x0000000800000000)
  region size 2048K, 2 young (4096K), 2 survivors (4096K)
 Metaspace       used 134515K, committed 136704K, reserved 983040K
  class space    used 18086K, committed 19072K, reserved 851968K
}
Event: 8241.713 GC heap before
{Heap before GC invocations=77 (full 0):
 garbage-first heap   total 614400K, used 504424K [0x0000000700000000, 0x0000000800000000)
  region size 2048K, 71 young (145408K), 2 survivors (4096K)
 Metaspace       used 134760K, committed 136960K, reserved 983040K
  class space    used 18107K, committed 19072K, reserved 851968K
}
Event: 8241.754 GC heap after
{Heap after GC invocations=78 (full 0):
 garbage-first heap   total 614400K, used 363248K [0x0000000700000000, 0x0000000800000000)
  region size 2048K, 2 young (4096K), 2 survivors (4096K)
 Metaspace       used 134760K, committed 136960K, reserved 983040K
  class space    used 18107K, committed 19072K, reserved 851968K
}
Event: 9762.112 GC heap before
{Heap before GC invocations=78 (full 0):
 garbage-first heap   total 614400K, used 508656K [0x0000000700000000, 0x0000000800000000)
  region size 2048K, 74 young (151552K), 2 survivors (4096K)
 Metaspace       used 134941K, committed 137152K, reserved 983040K
  class space    used 18126K, committed 19136K, reserved 851968K
}
Event: 9762.140 GC heap after
{Heap after GC invocations=79 (full 0):
 garbage-first heap   total 614400K, used 368215K [0x0000000700000000, 0x0000000800000000)
  region size 2048K, 4 young (8192K), 4 survivors (8192K)
 Metaspace       used 134941K, committed 137152K, reserved 983040K
  class space    used 18126K, committed 19136K, reserved 851968K
}
Event: 9765.512 GC heap before
{Heap before GC invocations=79 (full 0):
 garbage-first heap   total 614400K, used 515671K [0x0000000700000000, 0x0000000800000000)
  region size 2048K, 77 young (157696K), 4 survivors (8192K)
 Metaspace       used 135183K, committed 137344K, reserved 983040K
  class space    used 18131K, committed 19136K, reserved 851968K
}
Event: 9765.603 GC heap after
{Heap after GC invocations=80 (full 0):
 garbage-first heap   total 614400K, used 389972K [0x0000000700000000, 0x0000000800000000)
  region size 2048K, 10 young (20480K), 10 survivors (20480K)
 Metaspace       used 135183K, committed 137344K, reserved 983040K
  class space    used 18131K, committed 19136K, reserved 851968K
}
Event: 9769.135 GC heap before
{Heap before GC invocations=81 (full 0):
 garbage-first heap   total 694272K, used 512852K [0x0000000700000000, 0x0000000800000000)
  region size 2048K, 70 young (143360K), 10 survivors (20480K)
 Metaspace       used 134955K, committed 137408K, reserved 983040K
  class space    used 18048K, committed 19136K, reserved 851968K
}
Event: 9769.227 GC heap after
{Heap after GC invocations=82 (full 0):
 garbage-first heap   total 694272K, used 410615K [0x0000000700000000, 0x0000000800000000)
  region size 2048K, 9 young (18432K), 9 survivors (18432K)
 Metaspace       used 134955K, committed 137408K, reserved 983040K
  class space    used 18048K, committed 19136K, reserved 851968K
}
Event: 9769.556 GC heap before
{Heap before GC invocations=82 (full 0):
 garbage-first heap   total 694272K, used 424951K [0x0000000700000000, 0x0000000800000000)
  region size 2048K, 16 young (32768K), 9 survivors (18432K)
 Metaspace       used 135028K, committed 137408K, reserved 983040K
  class space    used 18048K, committed 19136K, reserved 851968K
}
Event: 9769.674 GC heap after
{Heap after GC invocations=83 (full 0):
 garbage-first heap   total 694272K, used 364252K [0x0000000700000000, 0x0000000800000000)
  region size 2048K, 2 young (4096K), 2 survivors (4096K)
 Metaspace       used 135028K, committed 137408K, reserved 983040K
  class space    used 18048K, committed 19136K, reserved 851968K
}
Event: 9770.335 GC heap before
{Heap before GC invocations=83 (full 0):
 garbage-first heap   total 694272K, used 392924K [0x0000000700000000, 0x0000000800000000)
  region size 2048K, 16 young (32768K), 2 survivors (4096K)
 Metaspace       used 135070K, committed 137408K, reserved 983040K
  class space    used 18050K, committed 19136K, reserved 851968K
}

Dll operation events (15 events):
Event: 0.013 Loaded shared library C:\Program Files\Eclipse Adoptium\jdk-17.0.15.6-hotspot\bin\java.dll
Event: 0.033 Loaded shared library C:\Program Files\Eclipse Adoptium\jdk-17.0.15.6-hotspot\bin\jsvml.dll
Event: 0.123 Loaded shared library C:\Program Files\Eclipse Adoptium\jdk-17.0.15.6-hotspot\bin\zip.dll
Event: 0.129 Loaded shared library C:\Program Files\Eclipse Adoptium\jdk-17.0.15.6-hotspot\bin\instrument.dll
Event: 0.135 Loaded shared library C:\Program Files\Eclipse Adoptium\jdk-17.0.15.6-hotspot\bin\net.dll
Event: 0.137 Loaded shared library C:\Program Files\Eclipse Adoptium\jdk-17.0.15.6-hotspot\bin\nio.dll
Event: 0.142 Loaded shared library C:\Program Files\Eclipse Adoptium\jdk-17.0.15.6-hotspot\bin\zip.dll
Event: 0.763 Loaded shared library C:\Program Files\Eclipse Adoptium\jdk-17.0.15.6-hotspot\bin\jimage.dll
Event: 1.303 Loaded shared library C:\Program Files\Eclipse Adoptium\jdk-17.0.15.6-hotspot\bin\verify.dll
Event: 1.441 Loaded shared library C:\Users\dell\.gradle\native\1def1411415f61bf3af743bc5b6707747c0891f09f0c88961ee8f79bc544acac\windows-amd64\native-platform.dll
Event: 1.464 Loaded shared library C:\Users\dell\.gradle\native\0.2.7\x86_64-windows-gnu\gradle-fileevents.dll
Event: 3.765 Loaded shared library C:\Program Files\Eclipse Adoptium\jdk-17.0.15.6-hotspot\bin\management.dll
Event: 3.771 Loaded shared library C:\Program Files\Eclipse Adoptium\jdk-17.0.15.6-hotspot\bin\management_ext.dll
Event: 4.159 Loaded shared library C:\Program Files\Eclipse Adoptium\jdk-17.0.15.6-hotspot\bin\extnet.dll
Event: 4.523 Loaded shared library C:\Program Files\Eclipse Adoptium\jdk-17.0.15.6-hotspot\bin\sunmscapi.dll

Deoptimization events (20 events):
Event: 9769.422 Thread 0x000002196dc02e90 Uncommon trap: trap_request=0xffffffbe fr.pc=0x000002191196c2c4 relative=0x00000000000001a4
Event: 9769.422 Thread 0x000002196dc02e90 Uncommon trap: reason=profile_predicate action=maybe_recompile pc=0x000002191196c2c4 method=java.util.LinkedHashMap.valuesToArray([Ljava/lang/Object;)[Ljava/lang/Object; @ 12 c2
Event: 9769.422 Thread 0x000002196dc02e90 DEOPT PACKING pc=0x000002191196c2c4 sp=0x000000ddf96f8bc0
Event: 9769.422 Thread 0x000002196dc02e90 DEOPT UNPACKING pc=0x00000219106369a3 sp=0x000000ddf96f8b78 mode 2
Event: 9769.695 Thread 0x000002196dc02e90 Uncommon trap: trap_request=0xffffffbe fr.pc=0x0000021911d3cad0 relative=0x0000000000000d50
Event: 9769.695 Thread 0x000002196dc02e90 Uncommon trap: reason=profile_predicate action=maybe_recompile pc=0x0000021911d3cad0 method=org.gradle.api.internal.attributes.immutable.ImmutableAttributesSchema$ImmutableAttributeMatchingStrategy$ChainedCompatibilityRule.execute(Lorg/gradle/api/internal
Event: 9769.695 Thread 0x000002196dc02e90 DEOPT PACKING pc=0x0000021911d3cad0 sp=0x000000ddf96fa3a0
Event: 9769.695 Thread 0x000002196dc02e90 DEOPT UNPACKING pc=0x00000219106369a3 sp=0x000000ddf96fa208 mode 2
Event: 9769.807 Thread 0x000002196dc02e90 Uncommon trap: trap_request=0xffffffbe fr.pc=0x0000021911d3cad0 relative=0x0000000000000d50
Event: 9769.807 Thread 0x000002196dc02e90 Uncommon trap: reason=profile_predicate action=maybe_recompile pc=0x0000021911d3cad0 method=org.gradle.api.internal.attributes.immutable.ImmutableAttributesSchema$ImmutableAttributeMatchingStrategy$ChainedCompatibilityRule.execute(Lorg/gradle/api/internal
Event: 9769.807 Thread 0x000002196dc02e90 DEOPT PACKING pc=0x0000021911d3cad0 sp=0x000000ddf96f8b00
Event: 9769.807 Thread 0x000002196dc02e90 DEOPT UNPACKING pc=0x00000219106369a3 sp=0x000000ddf96f8968 mode 2
Event: 9769.808 Thread 0x000002196dc02e90 Uncommon trap: trap_request=0xffffffbe fr.pc=0x0000021911d3cad0 relative=0x0000000000000d50
Event: 9769.808 Thread 0x000002196dc02e90 Uncommon trap: reason=profile_predicate action=maybe_recompile pc=0x0000021911d3cad0 method=org.gradle.api.internal.attributes.immutable.ImmutableAttributesSchema$ImmutableAttributeMatchingStrategy$ChainedCompatibilityRule.execute(Lorg/gradle/api/internal
Event: 9769.808 Thread 0x000002196dc02e90 DEOPT PACKING pc=0x0000021911d3cad0 sp=0x000000ddf96f8ba0
Event: 9769.808 Thread 0x000002196dc02e90 DEOPT UNPACKING pc=0x00000219106369a3 sp=0x000000ddf96f8a08 mode 2
Event: 9769.808 Thread 0x000002196dc02e90 Uncommon trap: trap_request=0xffffffbe fr.pc=0x0000021911d3cad0 relative=0x0000000000000d50
Event: 9769.808 Thread 0x000002196dc02e90 Uncommon trap: reason=profile_predicate action=maybe_recompile pc=0x0000021911d3cad0 method=org.gradle.api.internal.attributes.immutable.ImmutableAttributesSchema$ImmutableAttributeMatchingStrategy$ChainedCompatibilityRule.execute(Lorg/gradle/api/internal
Event: 9769.808 Thread 0x000002196dc02e90 DEOPT PACKING pc=0x0000021911d3cad0 sp=0x000000ddf96f8ba0
Event: 9769.808 Thread 0x000002196dc02e90 DEOPT UNPACKING pc=0x00000219106369a3 sp=0x000000ddf96f8a08 mode 2

Classes loaded (20 events):
Event: 100.584 Loading class sun/net/ConnectionResetException
Event: 100.584 Loading class sun/net/ConnectionResetException done
Event: 127.902 Loading class java/util/regex/Pattern$1
Event: 127.902 Loading class java/util/regex/Pattern$1 done
Event: 128.244 Loading class java/nio/file/StandardCopyOption
Event: 128.245 Loading class java/nio/file/StandardCopyOption done
Event: 128.245 Loading class sun/nio/fs/WindowsFileCopy
Event: 128.246 Loading class sun/nio/fs/WindowsFileCopy done
Event: 128.744 Loading class java/util/Locale$1
Event: 128.744 Loading class java/util/Locale$1 done
Event: 128.758 Loading class java/util/concurrent/CompletableFuture$AsyncRun
Event: 128.759 Loading class java/util/concurrent/CompletableFuture$AsyncRun done
Event: 3357.537 Loading class jdk/internal/math/FormattedFloatingDecimal$Form
Event: 3357.544 Loading class jdk/internal/math/FormattedFloatingDecimal$Form done
Event: 3357.544 Loading class jdk/internal/math/FormattedFloatingDecimal
Event: 3357.555 Loading class jdk/internal/math/FormattedFloatingDecimal done
Event: 3357.556 Loading class jdk/internal/math/FormattedFloatingDecimal$1
Event: 3357.557 Loading class jdk/internal/math/FormattedFloatingDecimal$1 done
Event: 3357.567 Loading class jdk/internal/math/FormattedFloatingDecimal$2
Event: 3357.567 Loading class jdk/internal/math/FormattedFloatingDecimal$2 done

Classes unloaded (20 events):
Event: 9766.524 Thread 0x00000219244e4060 Unloading class 0x00000219261e2800 'java/lang/invoke/LambdaForm$MH+0x00000219261e2800'
Event: 9766.524 Thread 0x00000219244e4060 Unloading class 0x00000219261e2400 'java/lang/invoke/LambdaForm$MH+0x00000219261e2400'
Event: 9766.524 Thread 0x00000219244e4060 Unloading class 0x00000219261e2000 'java/lang/invoke/LambdaForm$MH+0x00000219261e2000'
Event: 9766.524 Thread 0x00000219244e4060 Unloading class 0x00000219261e1c00 'java/lang/invoke/LambdaForm$MH+0x00000219261e1c00'
Event: 9766.524 Thread 0x00000219244e4060 Unloading class 0x00000219261e1800 'java/lang/invoke/LambdaForm$MH+0x00000219261e1800'
Event: 9766.524 Thread 0x00000219244e4060 Unloading class 0x00000219261e1400 'java/lang/invoke/LambdaForm$MH+0x00000219261e1400'
Event: 9766.524 Thread 0x00000219244e4060 Unloading class 0x00000219261e0400 'java/lang/invoke/LambdaForm$MH+0x00000219261e0400'
Event: 9766.524 Thread 0x00000219244e4060 Unloading class 0x00000219261e0000 'java/lang/invoke/LambdaForm$BMH+0x00000219261e0000'
Event: 9766.524 Thread 0x00000219244e4060 Unloading class 0x000002192610c800 'java/lang/invoke/LambdaForm$DMH+0x000002192610c800'
Event: 9766.524 Thread 0x00000219244e4060 Unloading class 0x000002192610c000 'java/lang/invoke/LambdaForm$DMH+0x000002192610c000'
Event: 9766.524 Thread 0x00000219244e4060 Unloading class 0x00000219260e0800 'java/lang/invoke/LambdaForm$MH+0x00000219260e0800'
Event: 9766.524 Thread 0x00000219244e4060 Unloading class 0x00000219260e0000 'java/lang/invoke/LambdaForm$MH+0x00000219260e0000'
Event: 9766.524 Thread 0x00000219244e4060 Unloading class 0x00000219260d9c00 'java/lang/invoke/LambdaForm$MH+0x00000219260d9c00'
Event: 9766.524 Thread 0x00000219244e4060 Unloading class 0x00000219260d9800 'java/lang/invoke/LambdaForm$MH+0x00000219260d9800'
Event: 9766.524 Thread 0x00000219244e4060 Unloading class 0x00000219260d9400 'java/lang/invoke/LambdaForm$MH+0x00000219260d9400'
Event: 9766.524 Thread 0x00000219244e4060 Unloading class 0x00000219260d8c00 'java/lang/invoke/LambdaForm$MH+0x00000219260d8c00'
Event: 9766.524 Thread 0x00000219244e4060 Unloading class 0x000002192603c400 'java/lang/invoke/LambdaForm$DMH+0x000002192603c400'
Event: 9766.524 Thread 0x00000219244e4060 Unloading class 0x0000021926036800 'java/lang/invoke/LambdaForm$MH+0x0000021926036800'
Event: 9766.524 Thread 0x00000219244e4060 Unloading class 0x0000021926036400 'java/lang/invoke/LambdaForm$MH+0x0000021926036400'
Event: 9766.524 Thread 0x00000219244e4060 Unloading class 0x0000021926034000 'java/lang/invoke/LambdaForm$MH+0x0000021926034000'

Classes redefined (0 events):
No events

Internal exceptions (20 events):
Event: 9762.725 Thread 0x00000219601f3160 Exception <a 'sun/nio/fs/WindowsException'{0x00000007257fe220}> (0x00000007257fe220) 
thrown [s\src\hotspot\share\prims\jni.cpp, line 516]
Event: 9762.725 Thread 0x00000219601f3160 Exception <a 'sun/nio/fs/WindowsException'{0x0000000724221cb0}> (0x0000000724221cb0) 
thrown [s\src\hotspot\share\prims\jni.cpp, line 516]
Event: 9766.273 Thread 0x000002196dc02e90 Implicit null exception at 0x0000021911c86cb7 to 0x0000021911c86f10
Event: 9766.317 Thread 0x000002196dc02e90 Implicit null exception at 0x0000021911c8afeb to 0x0000021911c8b29e
Event: 9766.568 Thread 0x000002196dc02e90 Implicit null exception at 0x000002191165b0ac to 0x000002191165bd04
Event: 9766.576 Thread 0x000002196dc02e90 Implicit null exception at 0x0000021911c8bc41 to 0x0000021911c8d3fc
Event: 9766.577 Thread 0x000002196dc02e90 Implicit null exception at 0x0000021910d10ccc to 0x0000021910d10ed8
Event: 9766.601 Thread 0x000002196dc02e90 Implicit null exception at 0x0000021910de84f8 to 0x0000021910de8914
Event: 9766.611 Thread 0x000002196dc02e90 Implicit null exception at 0x00000219112274e7 to 0x0000021911227748
Event: 9766.612 Thread 0x000002196dc02e90 Implicit null exception at 0x0000021911025766 to 0x0000021911025828
Event: 9766.613 Thread 0x000002196dc02e90 Implicit null exception at 0x0000021911346a8e to 0x000002191134ad88
Event: 9767.588 Thread 0x000002196dc02e90 Implicit null exception at 0x0000021910ee3a74 to 0x0000021910ee3e7c
Event: 9768.592 Thread 0x000002196dc02e90 Implicit null exception at 0x00000219111674eb to 0x000002191116b71c
Event: 9768.664 Thread 0x000002196dc02e90 Implicit null exception at 0x0000021910e36364 to 0x0000021910e37764
Event: 9768.667 Thread 0x000002196dc02e90 Exception <a 'sun/nio/fs/WindowsException'{0x0000000725bebeb8}> (0x0000000725bebeb8) 
thrown [s\src\hotspot\share\prims\jni.cpp, line 516]
Event: 9768.667 Thread 0x000002196dc02e90 Exception <a 'sun/nio/fs/WindowsException'{0x0000000725bed3e8}> (0x0000000725bed3e8) 
thrown [s\src\hotspot\share\prims\jni.cpp, line 516]
Event: 9768.668 Thread 0x000002196dc02e90 Exception <a 'sun/nio/fs/WindowsException'{0x0000000725bee968}> (0x0000000725bee968) 
thrown [s\src\hotspot\share\prims\jni.cpp, line 516]
Event: 9768.668 Thread 0x000002196dc02e90 Exception <a 'sun/nio/fs/WindowsException'{0x0000000725befee8}> (0x0000000725befee8) 
thrown [s\src\hotspot\share\prims\jni.cpp, line 516]
Event: 9768.671 Thread 0x000002196dc02e90 Implicit null exception at 0x0000021911ad2f0e to 0x0000021911ad3860
Event: 9769.382 Thread 0x000002196dc02e90 Implicit null exception at 0x00000219112d7b93 to 0x00000219112db458

VM Operations (20 events):
Event: 9764.169 Executing VM operation: Cleanup done
Event: 9765.177 Executing VM operation: Cleanup
Event: 9765.177 Executing VM operation: Cleanup done
Event: 9765.512 Executing VM operation: G1CollectForAllocation
Event: 9765.604 Executing VM operation: G1CollectForAllocation done
Event: 9766.516 Executing VM operation: G1PauseRemark
Event: 9766.559 Executing VM operation: G1PauseRemark done
Event: 9767.032 Executing VM operation: G1PauseCleanup
Event: 9767.033 Executing VM operation: G1PauseCleanup done
Event: 9767.078 Executing VM operation: HandshakeAllThreads
Event: 9767.078 Executing VM operation: HandshakeAllThreads done
Event: 9767.203 Executing VM operation: HandshakeAllThreads
Event: 9767.237 Executing VM operation: HandshakeAllThreads done
Event: 9768.239 Executing VM operation: Cleanup
Event: 9768.239 Executing VM operation: Cleanup done
Event: 9769.134 Executing VM operation: G1CollectForAllocation
Event: 9769.227 Executing VM operation: G1CollectForAllocation done
Event: 9769.556 Executing VM operation: G1CollectForAllocation
Event: 9769.674 Executing VM operation: G1CollectForAllocation done
Event: 9770.335 Executing VM operation: G1CollectForAllocation

Memory protections (0 events):
No events

Nmethod flushes (20 events):
Event: 9767.257 Thread 0x0000021924549c60 flushing  nmethod 0x0000021909b8b890
Event: 9767.257 Thread 0x0000021924549c60 flushing  nmethod 0x0000021909b8be10
Event: 9767.257 Thread 0x0000021924549c60 flushing  nmethod 0x0000021909ba6b10
Event: 9767.258 Thread 0x0000021924549c60 flushing  nmethod 0x0000021909c0a610
Event: 9767.260 Thread 0x0000021924549c60 flushing  nmethod 0x0000021909e43510
Event: 9767.261 Thread 0x0000021924549c60 flushing  nmethod 0x0000021909f3b190
Event: 9767.262 Thread 0x0000021924549c60 flushing  nmethod 0x000002190a09ca10
Event: 9767.263 Thread 0x0000021924549c60 flushing  nmethod 0x000002190a18bf90
Event: 9767.263 Thread 0x0000021924549c60 flushing  nmethod 0x000002190a18cb10
Event: 9767.265 Thread 0x0000021924549c60 flushing  nmethod 0x000002190a335a10
Event: 9767.265 Thread 0x0000021924549c60 flushing  nmethod 0x000002190a3d6d90
Event: 9767.267 Thread 0x0000021924549c60 flushing  nmethod 0x000002190a51bf90
Event: 9767.269 Thread 0x0000021924549c60 flushing  nmethod 0x000002190a808210
Event: 9767.269 Thread 0x0000021924549c60 flushing  nmethod 0x000002190a808990
Event: 9767.271 Thread 0x0000021924549c60 flushing  nmethod 0x000002190a953990
Event: 9767.274 Thread 0x0000021924549c60 flushing  nmethod 0x000002190ac94590
Event: 9767.275 Thread 0x0000021924549c60 flushing  nmethod 0x000002190ad83b10
Event: 9767.275 Thread 0x0000021924549c60 flushing  nmethod 0x000002190adb4010
Event: 9767.275 Thread 0x0000021924549c60 flushing  nmethod 0x000002190adfa310
Event: 9767.278 Thread 0x0000021924549c60 flushing  nmethod 0x000002190b0c1410

Events (20 events):
Event: 9762.742 Thread 0x000002196dc02e90 Thread added: 0x0000021960786820
Event: 9762.742 Thread 0x000002196dc02e90 Thread added: 0x0000021960787240
Event: 9762.773 Thread 0x000002196dc02e90 Thread added: 0x00000219631d1e60
Event: 9762.775 Thread 0x000002196dc02e90 Thread added: 0x00000219631d3cc0
Event: 9762.775 Thread 0x000002196dc02e90 Thread added: 0x00000219631d0510
Event: 9762.942 Thread 0x000002196dc02e90 Thread added: 0x00000219631d2370
Event: 9763.019 Thread 0x000002196dc02e90 Thread added: 0x00000219631d2880
Event: 9763.272 Thread 0x000002196dc02e90 Thread added: 0x00000219631d46e0
Event: 9763.273 Thread 0x000002196dc02e90 Thread added: 0x00000219631d6540
Event: 9763.273 Thread 0x000002196dc02e90 Thread added: 0x00000219631d4bf0
Event: 9763.279 Thread 0x000002196dc02e90 Thread added: 0x00000219631d6a50
Event: 9763.280 Thread 0x000002196dc02e90 Thread added: 0x00000219631d5610
Event: 9763.280 Thread 0x000002196dc02e90 Thread added: 0x00000219631d7470
Event: 9763.600 Thread 0x000002196dc02e90 Thread added: 0x0000021924871510
Event: 9763.600 Thread 0x000002196dc02e90 Thread added: 0x0000021924870af0
Event: 9764.468 Thread 0x000002196dc02e90 Thread added: 0x0000021924872950
Event: 9764.490 Thread 0x0000021924872950 Thread added: 0x0000021924871f30
Event: 9764.490 Thread 0x0000021924872950 Thread added: 0x0000021924873370
Event: 9764.767 Thread 0x000002196b2d9040 Thread exited: 0x000002196b2d9040
Event: 9764.834 Thread 0x0000021924540740 Thread added: 0x00000219605a34c0


Dynamic libraries:
0x00007ff7794b0000 - 0x00007ff7794be000 	C:\Program Files\Eclipse Adoptium\jdk-17.0.15.6-hotspot\bin\java.exe
0x00007ff9ec2f0000 - 0x00007ff9ec4e8000 	C:\WINDOWS\SYSTEM32\ntdll.dll
0x00007ff9eab70000 - 0x00007ff9eac32000 	C:\WINDOWS\System32\KERNEL32.DLL
0x00007ff9e9b50000 - 0x00007ff9e9e46000 	C:\WINDOWS\System32\KERNELBASE.dll
0x00007ff9e9e80000 - 0x00007ff9e9f80000 	C:\WINDOWS\System32\ucrtbase.dll
0x00007ff9c98e0000 - 0x00007ff9c98f7000 	C:\Program Files\Eclipse Adoptium\jdk-17.0.15.6-hotspot\bin\jli.dll
0x00007ff9d1840000 - 0x00007ff9d185e000 	C:\Program Files\Eclipse Adoptium\jdk-17.0.15.6-hotspot\bin\VCRUNTIME140.dll
0x00007ff9eb110000 - 0x00007ff9eb2ad000 	C:\WINDOWS\System32\USER32.dll
0x00007ff9d9580000 - 0x00007ff9d981a000 	C:\WINDOWS\WinSxS\amd64_microsoft.windows.common-controls_6595b64144ccf1df_6.0.19041.5915_none_60b4b9d171f9c7c7\COMCTL32.dll
0x00007ff9e9e50000 - 0x00007ff9e9e72000 	C:\WINDOWS\System32\win32u.dll
0x00007ff9eb900000 - 0x00007ff9eb99e000 	C:\WINDOWS\System32\msvcrt.dll
0x00007ff9ec1a0000 - 0x00007ff9ec1cb000 	C:\WINDOWS\System32\GDI32.dll
0x00007ff9ea250000 - 0x00007ff9ea369000 	C:\WINDOWS\System32\gdi32full.dll
0x00007ff9e9fd0000 - 0x00007ff9ea06d000 	C:\WINDOWS\System32\msvcp_win.dll
0x00007ff9ec170000 - 0x00007ff9ec19f000 	C:\WINDOWS\System32\IMM32.DLL
0x00007ff9d6220000 - 0x00007ff9d622c000 	C:\Program Files\Eclipse Adoptium\jdk-17.0.15.6-hotspot\bin\vcruntime140_1.dll
0x00007ff9b0c90000 - 0x00007ff9b0d1d000 	C:\Program Files\Eclipse Adoptium\jdk-17.0.15.6-hotspot\bin\msvcp140.dll
0x00007ff9a48e0000 - 0x00007ff9a554b000 	C:\Program Files\Eclipse Adoptium\jdk-17.0.15.6-hotspot\bin\server\jvm.dll
0x00007ff9ec1f0000 - 0x00007ff9ec2a1000 	C:\WINDOWS\System32\ADVAPI32.dll
0x00007ff9eb2b0000 - 0x00007ff9eb34f000 	C:\WINDOWS\System32\sechost.dll
0x00007ff9eac50000 - 0x00007ff9ead73000 	C:\WINDOWS\System32\RPCRT4.dll
0x00007ff9e9b20000 - 0x00007ff9e9b47000 	C:\WINDOWS\System32\bcrypt.dll
0x00007ff9eb6b0000 - 0x00007ff9eb71b000 	C:\WINDOWS\System32\WS2_32.dll
0x00007ff9e8fb0000 - 0x00007ff9e8ffb000 	C:\WINDOWS\SYSTEM32\POWRPROF.dll
0x00007ff9d8270000 - 0x00007ff9d827a000 	C:\WINDOWS\SYSTEM32\VERSION.dll
0x00007ff9d9f30000 - 0x00007ff9d9f57000 	C:\WINDOWS\SYSTEM32\WINMM.dll
0x00007ff9e8e70000 - 0x00007ff9e8e82000 	C:\WINDOWS\SYSTEM32\UMPDC.dll
0x00007ff9e8290000 - 0x00007ff9e82a2000 	C:\WINDOWS\SYSTEM32\kernel.appcore.dll
0x00007ff9d2920000 - 0x00007ff9d292a000 	C:\Program Files\Eclipse Adoptium\jdk-17.0.15.6-hotspot\bin\jimage.dll
0x00007ff9e7f70000 - 0x00007ff9e8171000 	C:\WINDOWS\SYSTEM32\DBGHELP.DLL
0x00007ff9d2590000 - 0x00007ff9d25c4000 	C:\WINDOWS\SYSTEM32\dbgcore.DLL
0x00007ff9ea370000 - 0x00007ff9ea3f2000 	C:\WINDOWS\System32\bcryptPrimitives.dll
0x00007ff9cebe0000 - 0x00007ff9cebee000 	C:\Program Files\Eclipse Adoptium\jdk-17.0.15.6-hotspot\bin\instrument.dll
0x00007ff9b5c40000 - 0x00007ff9b5c65000 	C:\Program Files\Eclipse Adoptium\jdk-17.0.15.6-hotspot\bin\java.dll
0x00007ff9b0bb0000 - 0x00007ff9b0c87000 	C:\Program Files\Eclipse Adoptium\jdk-17.0.15.6-hotspot\bin\jsvml.dll
0x00007ff9ea400000 - 0x00007ff9eab6e000 	C:\WINDOWS\System32\SHELL32.dll
0x00007ff9e77c0000 - 0x00007ff9e7f64000 	C:\WINDOWS\SYSTEM32\windows.storage.dll
0x00007ff9eb350000 - 0x00007ff9eb6a3000 	C:\WINDOWS\System32\combase.dll
0x00007ff9e94a0000 - 0x00007ff9e94cb000 	C:\WINDOWS\SYSTEM32\Wldp.dll
0x00007ff9eb040000 - 0x00007ff9eb10d000 	C:\WINDOWS\System32\OLEAUT32.dll
0x00007ff9eb850000 - 0x00007ff9eb8fd000 	C:\WINDOWS\System32\SHCORE.dll
0x00007ff9ec0b0000 - 0x00007ff9ec10b000 	C:\WINDOWS\System32\shlwapi.dll
0x00007ff9e99a0000 - 0x00007ff9e99c5000 	C:\WINDOWS\SYSTEM32\profapi.dll
0x00007ff9c39a0000 - 0x00007ff9c39b8000 	C:\Program Files\Eclipse Adoptium\jdk-17.0.15.6-hotspot\bin\zip.dll
0x00007ff9c9890000 - 0x00007ff9c98a9000 	C:\Program Files\Eclipse Adoptium\jdk-17.0.15.6-hotspot\bin\net.dll
0x00007ff9dee20000 - 0x00007ff9def2a000 	C:\WINDOWS\SYSTEM32\WINHTTP.dll
0x00007ff9e9200000 - 0x00007ff9e926a000 	C:\WINDOWS\system32\mswsock.dll
0x00007ff9c5a60000 - 0x00007ff9c5a76000 	C:\Program Files\Eclipse Adoptium\jdk-17.0.15.6-hotspot\bin\nio.dll
0x00007ff9d12a0000 - 0x00007ff9d12b0000 	C:\Program Files\Eclipse Adoptium\jdk-17.0.15.6-hotspot\bin\verify.dll
0x00007ff9b0b80000 - 0x00007ff9b0ba7000 	C:\Users\dell\.gradle\native\1def1411415f61bf3af743bc5b6707747c0891f09f0c88961ee8f79bc544acac\windows-amd64\native-platform.dll
0x00007ff9b0880000 - 0x00007ff9b08f8000 	C:\Users\dell\.gradle\native\0.2.7\x86_64-windows-gnu\gradle-fileevents.dll
0x00007ff9d07a0000 - 0x00007ff9d07aa000 	C:\Program Files\Eclipse Adoptium\jdk-17.0.15.6-hotspot\bin\management.dll
0x00007ff9d0560000 - 0x00007ff9d056b000 	C:\Program Files\Eclipse Adoptium\jdk-17.0.15.6-hotspot\bin\management_ext.dll
0x00007ff9eac40000 - 0x00007ff9eac48000 	C:\WINDOWS\System32\PSAPI.DLL
0x00007ff9e8e90000 - 0x00007ff9e8ecb000 	C:\WINDOWS\SYSTEM32\IPHLPAPI.DLL
0x00007ff9eba80000 - 0x00007ff9eba88000 	C:\WINDOWS\System32\NSI.dll
0x00007ff9e0f20000 - 0x00007ff9e0f37000 	C:\WINDOWS\SYSTEM32\dhcpcsvc6.DLL
0x00007ff9e2490000 - 0x00007ff9e24ad000 	C:\WINDOWS\SYSTEM32\dhcpcsvc.DLL
0x00007ff9e8ee0000 - 0x00007ff9e8faa000 	C:\WINDOWS\SYSTEM32\DNSAPI.dll
0x00007ff9d01c0000 - 0x00007ff9d01c9000 	C:\Program Files\Eclipse Adoptium\jdk-17.0.15.6-hotspot\bin\extnet.dll
0x00007ff9e9400000 - 0x00007ff9e9418000 	C:\WINDOWS\SYSTEM32\CRYPTSP.dll
0x00007ff9e8ab0000 - 0x00007ff9e8ae8000 	C:\WINDOWS\system32\rsaenh.dll
0x00007ff9e9920000 - 0x00007ff9e994e000 	C:\WINDOWS\SYSTEM32\USERENV.dll
0x00007ff9e93f0000 - 0x00007ff9e93fc000 	C:\WINDOWS\SYSTEM32\CRYPTBASE.dll
0x00007ff9ce9a0000 - 0x00007ff9ce9ae000 	C:\Program Files\Eclipse Adoptium\jdk-17.0.15.6-hotspot\bin\sunmscapi.dll
0x00007ff9ea0f0000 - 0x00007ff9ea24d000 	C:\WINDOWS\System32\CRYPT32.dll
0x00007ff9e9510000 - 0x00007ff9e9537000 	C:\WINDOWS\SYSTEM32\ncrypt.dll
0x00007ff9e94d0000 - 0x00007ff9e950b000 	C:\WINDOWS\SYSTEM32\NTASN1.dll
0x00007ff9d2260000 - 0x00007ff9d2267000 	C:\WINDOWS\system32\wshunix.dll
0x00007ff9d74c0000 - 0x00007ff9d74d7000 	C:\WINDOWS\system32\napinsp.dll
0x00007ff9d6aa0000 - 0x00007ff9d6abb000 	C:\WINDOWS\system32\pnrpnsp.dll
0x00007ff9cd7f0000 - 0x00007ff9cd80d000 	C:\WINDOWS\system32\wshbth.dll
0x00007ff9e3b30000 - 0x00007ff9e3b4d000 	C:\WINDOWS\system32\NLAapi.dll
0x00007ff9d5d60000 - 0x00007ff9d5d72000 	C:\WINDOWS\System32\winrnr.dll
0x00007ff9dd090000 - 0x00007ff9dd09a000 	C:\Windows\System32\rasadhlp.dll
0x00007ff9d9cf0000 - 0x00007ff9d9d70000 	C:\WINDOWS\System32\fwpuclnt.dll

dbghelp: loaded successfully - version: 4.0.5 - missing functions: none
symbol engine: initialized successfully - sym options: 0x614 - pdb path: .;C:\Program Files\Eclipse Adoptium\jdk-17.0.15.6-hotspot\bin;C:\WINDOWS\SYSTEM32;C:\WINDOWS\WinSxS\amd64_microsoft.windows.common-controls_6595b64144ccf1df_6.0.19041.5915_none_60b4b9d171f9c7c7;C:\Program Files\Eclipse Adoptium\jdk-17.0.15.6-hotspot\bin\server;C:\Users\dell\.gradle\native\1def1411415f61bf3af743bc5b6707747c0891f09f0c88961ee8f79bc544acac\windows-amd64;C:\Users\dell\.gradle\native\0.2.7\x86_64-windows-gnu

VM Arguments:
jvm_args: --add-opens=java.base/java.lang=ALL-UNNAMED --add-opens=java.base/java.lang.invoke=ALL-UNNAMED --add-opens=java.base/java.util=ALL-UNNAMED --add-opens=java.prefs/java.util.prefs=ALL-UNNAMED --add-exports=jdk.compiler/com.sun.tools.javac.api=ALL-UNNAMED --add-exports=jdk.compiler/com.sun.tools.javac.util=ALL-UNNAMED --add-opens=java.base/java.util=ALL-UNNAMED --add-opens=java.prefs/java.util.prefs=ALL-UNNAMED --add-opens=java.base/java.nio.charset=ALL-UNNAMED --add-opens=java.base/java.net=ALL-UNNAMED --add-opens=java.base/java.util.concurrent.atomic=ALL-UNNAMED --add-opens=java.xml/javax.xml.namespace=ALL-UNNAMED -XX:MaxMetaspaceSize=1024m -Xmx4096m -Dfile.encoding=windows-1252 -Duser.country=US -Duser.language=en -Duser.variant -javaagent:C:\Users\dell\.gradle\wrapper\dists\gradle-8.13-bin\5xuhj0ry160q40clulazy9h7d\gradle-8.13\lib\agents\gradle-instrumentation-agent-8.13.jar 
java_command: org.gradle.launcher.daemon.bootstrap.GradleDaemon 8.13
java_class_path (initial): C:\Users\dell\.gradle\wrapper\dists\gradle-8.13-bin\5xuhj0ry160q40clulazy9h7d\gradle-8.13\lib\gradle-daemon-main-8.13.jar
Launcher Type: SUN_STANDARD

[Global flags]
     intx CICompilerCount                          = 3                                         {product} {ergonomic}
   size_t CompressedClassSpaceSize                 = 872415232                                 {product} {ergonomic}
     uint ConcGCThreads                            = 1                                         {product} {ergonomic}
     uint G1ConcRefinementThreads                  = 4                                         {product} {ergonomic}
   size_t G1HeapRegionSize                         = 2097152                                   {product} {ergonomic}
    uintx GCDrainStackTargetSize                   = 64                                        {product} {ergonomic}
   size_t InitialHeapSize                          = 134217728                                 {product} {ergonomic}
   size_t MarkStackSize                            = 4194304                                   {product} {ergonomic}
   size_t MaxHeapSize                              = 4294967296                                {product} {command line}
   size_t MaxMetaspaceSize                         = 1073741824                                {product} {command line}
   size_t MaxNewSize                               = 2575302656                                {product} {ergonomic}
   size_t MinHeapDeltaBytes                        = 2097152                                   {product} {ergonomic}
   size_t MinHeapSize                              = 8388608                                   {product} {ergonomic}
    uintx NonNMethodCodeHeapSize                   = 5832780                                {pd product} {ergonomic}
    uintx NonProfiledCodeHeapSize                  = 122912730                              {pd product} {ergonomic}
    uintx ProfiledCodeHeapSize                     = 122912730                              {pd product} {ergonomic}
    uintx ReservedCodeCacheSize                    = 251658240                              {pd product} {ergonomic}
     bool SegmentedCodeCache                       = true                                      {product} {ergonomic}
   size_t SoftMaxHeapSize                          = 4294967296                             {manageable} {ergonomic}
     bool UseCompressedClassPointers               = true                           {product lp64_product} {ergonomic}
     bool UseCompressedOops                        = true                           {product lp64_product} {ergonomic}
     bool UseG1GC                                  = true                                      {product} {ergonomic}
     bool UseLargePagesIndividualAllocation        = false                                  {pd product} {ergonomic}

Logging:
Log output configuration:
 #0: stdout all=warning uptime,level,tags
 #1: stderr all=off uptime,level,tags

Environment Variables:
JAVA_HOME=C:\Program Files\Eclipse Adoptium\jdk-17.0.15.6-hotspot\
CLASSPATH=C:\Users\dell\lifeorganizer\android\\gradle\wrapper\gradle-wrapper.jar
PATH=C:\Users\dell\lifeorganizer\node_modules\.bin;C:\Users\dell\lifeorganizer\node_modules\.bin;C:\Users\dell\node_modules\.bin;C:\Users\node_modules\.bin;C:\node_modules\.bin;C:\Users\dell\AppData\Roaming\npm\node_modules\npm\node_modules\@npmcli\run-script\lib\node-gyp-bin;C:\Program Files\Eclipse Adoptium\jdk-17.0.15.6-hotspot\bin;C:\Users\dell\AppData\Local\Android\Sdk;C:\ProgramData\chocolatey\bin\choco.exe\bin;C:\Program Files\;C:\Program Files\Git\cmd;C:\xampp\php;C:\ProgramData\ComposerSetup\bin;C:\Program Files\Eclipse Adoptium\jdk-17.0.15.6-hotspot\\bin;C:\Users\dell\AppData\Local\Microsoft\WindowsApps;C:\Users\dell\AppData\Local\Programs\Microsoft VS Code\bin;C:\Program Files\Azure Data Studio\bin;C:\Users\dell\.dotnet\tools;D:\flutter\bin;C:\Users\dell\AppData\Roaming\Composer\vendor\bin;C:\Users\dell\AppData\Roaming\npm;C:\Users\dell\AppData\Local\Android\Sdk\platform-tools;;c:\Users\dell\AppData\Roaming\Code\User\globalStorage\github.copilot-chat\debugCommand
USERNAME=dell
LANG=en_US.UTF-8
OS=Windows_NT
PROCESSOR_IDENTIFIER=Intel64 Family 6 Model 61 Stepping 4, GenuineIntel
TMP=C:\Users\dell\AppData\Local\Temp
TEMP=C:\Users\dell\AppData\Local\Temp



Periodic native trim disabled


---------------  S Y S T E M  ---------------

OS:
 Windows 10 , 64 bit Build 19041 (10.0.19041.5915)
OS uptime: 14 days 20:52 hours

CPU: total 4 (initial active 4) (2 cores per cpu, 2 threads per core) family 6 model 61 stepping 4 microcode 0x2d, cx8, cmov, fxsr, ht, mmx, 3dnowpref, sse, sse2, sse3, ssse3, sse4.1, sse4.2, popcnt, lzcnt, tsc, tscinvbit, avx, avx2, aes, erms, clmul, bmi1, bmi2, rtm, adx, fma, vzeroupper, clflush
Processor Information for all 4 processors :
  Max Mhz: 2295, Current Mhz: 2295, Mhz Limit: 2295

Memory: 4k page, system-wide physical 8082M (480M free)
TotalPageFile size 16224M (AvailPageFile size 237M)
current process WorkingSet (physical memory assigned to process): 922M, peak: 922M
current process commit charge ("private bytes"): 1130M, peak: 1808M

vm_info: OpenJDK 64-Bit Server VM (17.0.15+6) for windows-amd64 JRE (17.0.15+6), built on Apr 15 2025 21:25:47 by "admin" with MS VC++ 17.7 (VS2022)

END.
