#
# There is insufficient memory for the Java Runtime Environment to continue.
# Native memory allocation (malloc) failed to allocate 2609744 bytes. Error detail: Chunk::new
# Possible reasons:
#   The system is out of physical RAM or swap space
#   This process is running with CompressedOops enabled, and the Java Heap may be blocking the growth of the native heap
# Possible solutions:
#   Reduce memory load on the system
#   Increase physical memory or swap space
#   Check if swap backing store is full
#   Decrease Java heap size (-Xmx/-Xms)
#   Decrease number of Java threads
#   Decrease Java thread stack sizes (-Xss)
#   Set larger code cache with -XX:ReservedCodeCacheSize=
#   JVM is running with Zero Based Compressed Oops mode in which the Java heap is
#     placed in the first 32GB address space. The Java Heap base address is the
#     maximum limit for the native heap growth. Please use -XX:HeapBaseMinAddress
#     to set the Java Heap base and to place the Java Heap above 32GB virtual address.
# This output file may be truncated or incomplete.
#
#  Out of Memory Error (arena.cpp:191), pid=17476, tid=4620
#
# JRE version: OpenJDK Runtime Environment Temurin-17.0.15+6 (17.0.15+6) (build 17.0.15+6)
# Java VM: OpenJDK 64-Bit Server VM Temurin-17.0.15+6 (17.0.15+6, mixed mode, sharing, tiered, compressed oops, compressed class ptrs, g1 gc, windows-amd64)
# No core dump will be written. Minidumps are not enabled by default on client versions of Windows
#

---------------  S U M M A R Y ------------

Command Line: --add-opens=java.base/java.lang=ALL-UNNAMED --add-opens=java.base/java.lang.invoke=ALL-UNNAMED --add-opens=java.base/java.util=ALL-UNNAMED --add-opens=java.prefs/java.util.prefs=ALL-UNNAMED --add-exports=jdk.compiler/com.sun.tools.javac.api=ALL-UNNAMED --add-exports=jdk.compiler/com.sun.tools.javac.util=ALL-UNNAMED --add-opens=java.base/java.util=ALL-UNNAMED --add-opens=java.prefs/java.util.prefs=ALL-UNNAMED --add-opens=java.base/java.nio.charset=ALL-UNNAMED --add-opens=java.base/java.net=ALL-UNNAMED --add-opens=java.base/java.util.concurrent.atomic=ALL-UNNAMED --add-opens=java.xml/javax.xml.namespace=ALL-UNNAMED -XX:MaxMetaspaceSize=1024m -Xmx4096m -Dfile.encoding=windows-1252 -Duser.country=US -Duser.language=en -Duser.variant -javaagent:C:\Users\dell\.gradle\wrapper\dists\gradle-8.13-bin\5xuhj0ry160q40clulazy9h7d\gradle-8.13\lib\agents\gradle-instrumentation-agent-8.13.jar org.gradle.launcher.daemon.bootstrap.GradleDaemon 8.13

Host: Intel(R) Core(TM) i5-5300U CPU @ 2.30GHz, 4 cores, 7G,  Windows 10 , 64 bit Build 19041 (10.0.19041.5915)
Time: Sun Jul 20 13:24:25 2025 Pakistan Standard Time elapsed time: 2217.083198 seconds (0d 0h 36m 57s)

---------------  T H R E A D  ---------------

Current thread (0x000001867ee1b8a0):  JavaThread "C2 CompilerThread0" daemon [_thread_in_native, id=4620, stack(0x0000002f30200000,0x0000002f30300000)]


Current CompileTask:
C2:2217083 54911       4       com.android.tools.r8.internal.rd::a (4363 bytes)

Stack: [0x0000002f30200000,0x0000002f30300000]
Native frames: (J=compiled Java code, j=interpreted, Vv=VM code, C=native code)
V  [jvm.dll+0x682fc9]
V  [jvm.dll+0x839878]
V  [jvm.dll+0x83b323]
V  [jvm.dll+0x83b993]
V  [jvm.dll+0x24725f]
V  [jvm.dll+0xacea4]
V  [jvm.dll+0xad53c]
V  [jvm.dll+0x365c6e]
V  [jvm.dll+0x32fe58]
V  [jvm.dll+0x32f2da]
V  [jvm.dll+0x21824f]
V  [jvm.dll+0x21768f]
V  [jvm.dll+0x1a31b0]
V  [jvm.dll+0x227a9c]
V  [jvm.dll+0x225bfb]
V  [jvm.dll+0x7ef018]
V  [jvm.dll+0x7e94dc]
V  [jvm.dll+0x681ea7]
C  [ucrtbase.dll+0x21bb2]
C  [KERNEL32.DLL+0x17374]
C  [ntdll.dll+0x4cc91]


---------------  P R O C E S S  ---------------

Threads class SMR info:
_java_thread_list=0x0000018672ff5ab0, length=124, elements={
0x000001867b086e80, 0x000001867edfabf0, 0x000001867edfc790, 0x000001867ee15c80,
0x000001867ee16550, 0x000001867ee16e20, 0x000001867ee176f0, 0x000001867ee1b8a0,
0x000001867ee24270, 0x000001867ee2f360, 0x000001867ede7230, 0x000001861ed1fd60,
0x00000186595b3030, 0x0000018659532f00, 0x00000186595be6e0, 0x000001865967aee0,
0x000001865967be10, 0x000001865967c320, 0x0000018659679aa0, 0x000001865c00fa20,
0x000001865c00ff30, 0x000001865c00e0d0, 0x000001865d52bc00, 0x000001865d912c00,
0x000001865d910da0, 0x000001865d913110, 0x00000186646959b0, 0x000001865ce087d0,
0x00000186648d69d0, 0x00000186648d73f0, 0x00000186648d9c70, 0x00000186646963d0,
0x0000018664698740, 0x000001866a6689f0, 0x000001865c00eaf0, 0x000001865d52c110,
0x000001865ce07db0, 0x000001865ce07390, 0x000001865ce01d80, 0x000001865ce02cb0,
0x000001865ce040f0, 0x000001865ce02290, 0x000001865ce031c0, 0x000001865ce04b10,
0x000001865ce05020, 0x000001865ce05530, 0x000001865ce06460, 0x000001865ce06970,
0x0000018669ff9af0, 0x0000018669ffcd90, 0x0000018669ffaf30, 0x0000018669ff95e0,
0x0000018669ff86b0, 0x0000018669ffb440, 0x0000018669ff6d60, 0x0000018669ffe1d0,
0x0000018669ff8bc0, 0x0000018669ffe6e0, 0x0000018669ffa000, 0x0000018669ff7270,
0x0000018669ffc880, 0x0000018669ffa510, 0x0000018669ffd7b0, 0x0000018669ff7780,
0x0000018669ff7c90, 0x0000018669ff81a0, 0x000001865d527a30, 0x000001865d528e70,
0x000001865d52d550, 0x000001865d52df70, 0x000001865d527f40, 0x000001865d528960,
0x000001865d52cb30, 0x000001865d527010, 0x000001865d52acd0, 0x000001865d529380,
0x000001865d52da60, 0x000001865d529890, 0x000001865d52e480, 0x000001865d52a2b0,
0x000001865d52b1e0, 0x000001865d52c620, 0x000001865d527520, 0x000001866469aab0,
0x0000018664698c50, 0x0000018664696df0, 0x000001866469afc0, 0x0000018664697300,
0x0000018664697d20, 0x0000018664699670, 0x000001866469b4d0, 0x0000018664698230,
0x0000018664694060, 0x0000018664694570, 0x000001866469a090, 0x0000018664699160,
0x0000018664699b80, 0x000001866469a5a0, 0x0000018664694a80, 0x00000186648da690,
0x000001865d910380, 0x000001865d90e010, 0x000001866443a3c0, 0x0000018664437b40,
0x0000018659679fb0, 0x000001865967a4c0, 0x000001865967a9d0, 0x0000018659679590,
0x000001866a667fd0, 0x000001866a669e30, 0x000001866443b800, 0x00000186648d5aa0,
0x000001865967b900, 0x000001865c00e5e0, 0x000001866f45dc60, 0x000001866f462340,
0x000001866f45fac0, 0x000001866f463c90, 0x000001866f45e170, 0x000001866f45d750,
0x000001866f45f5b0, 0x000001866f4641a0, 0x000001866f45e680, 0x000001866f462d60
}

Java Threads: ( => current thread )
  0x000001867b086e80 JavaThread "main" [_thread_blocked, id=18028, stack(0x0000002f2f500000,0x0000002f2f600000)]
  0x000001867edfabf0 JavaThread "Reference Handler" daemon [_thread_blocked, id=7724, stack(0x0000002f2fc00000,0x0000002f2fd00000)]
  0x000001867edfc790 JavaThread "Finalizer" daemon [_thread_blocked, id=20224, stack(0x0000002f2fd00000,0x0000002f2fe00000)]
  0x000001867ee15c80 JavaThread "Signal Dispatcher" daemon [_thread_blocked, id=17584, stack(0x0000002f2fe00000,0x0000002f2ff00000)]
  0x000001867ee16550 JavaThread "Attach Listener" daemon [_thread_blocked, id=10644, stack(0x0000002f2ff00000,0x0000002f30000000)]
  0x000001867ee16e20 JavaThread "Service Thread" daemon [_thread_blocked, id=12928, stack(0x0000002f30000000,0x0000002f30100000)]
  0x000001867ee176f0 JavaThread "Monitor Deflation Thread" daemon [_thread_blocked, id=6496, stack(0x0000002f30100000,0x0000002f30200000)]
=>0x000001867ee1b8a0 JavaThread "C2 CompilerThread0" daemon [_thread_in_native, id=4620, stack(0x0000002f30200000,0x0000002f30300000)]
  0x000001867ee24270 JavaThread "C1 CompilerThread0" daemon [_thread_blocked, id=15136, stack(0x0000002f30300000,0x0000002f30400000)]
  0x000001867ee2f360 JavaThread "Sweeper thread" daemon [_thread_blocked, id=8984, stack(0x0000002f30400000,0x0000002f30500000)]
  0x000001867ede7230 JavaThread "Common-Cleaner" daemon [_thread_blocked, id=1124, stack(0x0000002f30500000,0x0000002f30600000)]
  0x000001861ed1fd60 JavaThread "Notification Thread" daemon [_thread_blocked, id=17720, stack(0x0000002f30600000,0x0000002f30700000)]
  0x00000186595b3030 JavaThread "Daemon health stats" [_thread_blocked, id=17160, stack(0x0000002f30d00000,0x0000002f30e00000)]
  0x0000018659532f00 JavaThread "Incoming local TCP Connector on port 55978" [_thread_in_native, id=5276, stack(0x0000002f30c00000,0x0000002f30d00000)]
  0x00000186595be6e0 JavaThread "Daemon periodic checks" [_thread_blocked, id=15420, stack(0x0000002f30e00000,0x0000002f30f00000)]
  0x000001865967aee0 JavaThread "Cache worker for journal cache (C:\Users\dell\.gradle\caches\journal-1)" [_thread_blocked, id=15416, stack(0x0000002f31700000,0x0000002f31800000)]
  0x000001865967be10 JavaThread "File lock request listener" [_thread_in_native, id=3988, stack(0x0000002f31800000,0x0000002f31900000)]
  0x000001865967c320 JavaThread "Cache worker for file hash cache (C:\Users\dell\.gradle\caches\8.13\fileHashes)" [_thread_blocked, id=22152, stack(0x0000002f31900000,0x0000002f31a00000)]
  0x0000018659679aa0 JavaThread "File watcher server" daemon [_thread_in_native, id=18960, stack(0x0000002f31c00000,0x0000002f31d00000)]
  0x000001865c00fa20 JavaThread "File watcher consumer" daemon [_thread_blocked, id=19480, stack(0x0000002f31d00000,0x0000002f31e00000)]
  0x000001865c00ff30 JavaThread "jar transforms" [_thread_blocked, id=14392, stack(0x0000002f31e00000,0x0000002f31f00000)]
  0x000001865c00e0d0 JavaThread "Cache worker for file content cache (C:\Users\dell\.gradle\caches\8.13\fileContent)" [_thread_blocked, id=22352, stack(0x0000002f32000000,0x0000002f32100000)]
  0x000001865d52bc00 JavaThread "Memory manager" [_thread_blocked, id=11176, stack(0x0000002f30f00000,0x0000002f31000000)]
  0x000001865d912c00 JavaThread "jar transforms Thread 2" [_thread_blocked, id=14552, stack(0x0000002f35600000,0x0000002f35700000)]
  0x000001865d910da0 JavaThread "jar transforms Thread 3" [_thread_blocked, id=19984, stack(0x0000002f35700000,0x0000002f35800000)]
  0x000001865d913110 JavaThread "jar transforms Thread 4" [_thread_blocked, id=11184, stack(0x0000002f35b00000,0x0000002f35c00000)]
  0x00000186646959b0 JavaThread "pool-4-thread-1" [_thread_blocked, id=7260, stack(0x0000002f2f300000,0x0000002f2f400000)]
  0x000001865ce087d0 JavaThread "pool-9-thread-1" [_thread_blocked, id=19152, stack(0x0000002f35c00000,0x0000002f35d00000)]
  0x00000186648d69d0 JavaThread "Cache worker for Java compile cache (C:\Users\dell\.gradle\caches\8.13\javaCompile)" [_thread_blocked, id=6360, stack(0x0000002f36f00000,0x0000002f37000000)]
  0x00000186648d73f0 JavaThread "RMI Scheduler(0)" daemon [_thread_blocked, id=1828, stack(0x0000002f36a00000,0x0000002f36b00000)]
  0x00000186648d9c70 JavaThread "RMI GC Daemon" daemon [_thread_blocked, id=16896, stack(0x0000002f37500000,0x0000002f37600000)]
  0x00000186646963d0 JavaThread "RMI TCP Accept-0" daemon [_thread_in_native, id=19436, stack(0x0000002f37600000,0x0000002f37700000)]
  0x0000018664698740 JavaThread "RMI Reaper" [_thread_blocked, id=16968, stack(0x0000002f37700000,0x0000002f37800000)]
  0x000001866a6689f0 JavaThread "RMI RenewClean-[127.0.0.1:17782,org.jetbrains.kotlin.daemon.common.LoopbackNetworkInterface$ClientLoopbackSocketFactory@47edba1f]" daemon [_thread_blocked, id=19568, stack(0x0000002f35a00000,0x0000002f35b00000)]
  0x000001865c00eaf0 JavaThread "pool-14-thread-1" [_thread_blocked, id=3368, stack(0x0000002f36000000,0x0000002f36100000)]
  0x000001865d52c110 JavaThread "ForkJoinPool.commonPool-worker-12" daemon [_thread_blocked, id=20660, stack(0x0000002f32600000,0x0000002f32700000)]
  0x000001865ce07db0 JavaThread "pool-17-thread-1" [_thread_blocked, id=2952, stack(0x0000002f34e00000,0x0000002f34f00000)]
  0x000001865ce07390 JavaThread "Daemon Thread 7" [_thread_blocked, id=21156, stack(0x0000002f2f200000,0x0000002f2f300000)]
  0x000001865ce01d80 JavaThread "Handler for socket connection from /127.0.0.1:55978 to /127.0.0.1:56552" [_thread_in_native, id=6072, stack(0x0000002f31000000,0x0000002f31100000)]
  0x000001865ce02cb0 JavaThread "Cancel handler" [_thread_blocked, id=11616, stack(0x0000002f31100000,0x0000002f31200000)]
  0x000001865ce040f0 JavaThread "Daemon worker Thread 7" [_thread_blocked, id=13256, stack(0x0000002f31200000,0x0000002f31300000)]
  0x000001865ce02290 JavaThread "Asynchronous log dispatcher for DefaultDaemonConnection: socket connection from /127.0.0.1:55978 to /127.0.0.1:56552" [_thread_blocked, id=9776, stack(0x0000002f31300000,0x0000002f31400000)]
  0x000001865ce031c0 JavaThread "Stdin handler" [_thread_blocked, id=7316, stack(0x0000002f31400000,0x0000002f31500000)]
  0x000001865ce04b10 JavaThread "Daemon client event forwarder" [_thread_blocked, id=22472, stack(0x0000002f31500000,0x0000002f31600000)]
  0x000001865ce05020 JavaThread "Cache worker for file hash cache (C:\Users\dell\lifeorganizer\android\.gradle\8.13\fileHashes)" [_thread_blocked, id=11312, stack(0x0000002f31600000,0x0000002f31700000)]
  0x000001865ce05530 JavaThread "Cache worker for Build Output Cleanup Cache (C:\Users\dell\lifeorganizer\android\.gradle\buildOutputCleanup)" [_thread_blocked, id=22024, stack(0x0000002f31a00000,0x0000002f31b00000)]
  0x000001865ce06460 JavaThread "Cache worker for checksums cache (C:\Users\dell\lifeorganizer\android\.gradle\8.13\checksums)" [_thread_blocked, id=15924, stack(0x0000002f31b00000,0x0000002f31c00000)]
  0x000001865ce06970 JavaThread "Cache worker for cache directory md-supplier (C:\Users\dell\.gradle\caches\8.13\md-supplier)" [_thread_blocked, id=5260, stack(0x0000002f31f00000,0x0000002f32000000)]
  0x0000018669ff9af0 JavaThread "Cache worker for cache directory md-rule (C:\Users\dell\.gradle\caches\8.13\md-rule)" [_thread_blocked, id=14060, stack(0x0000002f32100000,0x0000002f32200000)]
  0x0000018669ffcd90 JavaThread "Cache worker for Build Output Cleanup Cache (C:\Users\dell\lifeorganizer\node_modules\@react-native\gradle-plugin\.gradle\buildOutputCleanup)" [_thread_blocked, id=15484, stack(0x0000002f32200000,0x0000002f32300000)]
  0x0000018669ffaf30 JavaThread "Unconstrained build operations" [_thread_blocked, id=5824, stack(0x0000002f32300000,0x0000002f32400000)]
  0x0000018669ff95e0 JavaThread "Unconstrained build operations Thread 2" [_thread_blocked, id=18492, stack(0x0000002f32400000,0x0000002f32500000)]
  0x0000018669ff86b0 JavaThread "Unconstrained build operations Thread 3" [_thread_blocked, id=15032, stack(0x0000002f32500000,0x0000002f32600000)]
  0x0000018669ffb440 JavaThread "Unconstrained build operations Thread 4" [_thread_blocked, id=3464, stack(0x0000002f32700000,0x0000002f32800000)]
  0x0000018669ff6d60 JavaThread "Unconstrained build operations Thread 5" [_thread_blocked, id=17636, stack(0x0000002f32800000,0x0000002f32900000)]
  0x0000018669ffe1d0 JavaThread "Unconstrained build operations Thread 6" [_thread_blocked, id=21980, stack(0x0000002f32900000,0x0000002f32a00000)]
  0x0000018669ff8bc0 JavaThread "Unconstrained build operations Thread 7" [_thread_blocked, id=6452, stack(0x0000002f32a00000,0x0000002f32b00000)]
  0x0000018669ffe6e0 JavaThread "Unconstrained build operations Thread 8" [_thread_blocked, id=21440, stack(0x0000002f32b00000,0x0000002f32c00000)]
  0x0000018669ffa000 JavaThread "Unconstrained build operations Thread 9" [_thread_blocked, id=14136, stack(0x0000002f32c00000,0x0000002f32d00000)]
  0x0000018669ff7270 JavaThread "Unconstrained build operations Thread 10" [_thread_blocked, id=8212, stack(0x0000002f32d00000,0x0000002f32e00000)]
  0x0000018669ffc880 JavaThread "build event listener" [_thread_blocked, id=16044, stack(0x0000002f33000000,0x0000002f33100000)]
  0x0000018669ffa510 JavaThread "ForkJoinPool.commonPool-worker-15" daemon [_thread_blocked, id=1232, stack(0x0000002f33100000,0x0000002f33200000)]
  0x0000018669ffd7b0 JavaThread "included builds" [_thread_in_Java, id=572, stack(0x0000002f33200000,0x0000002f33300000)]
  0x0000018669ff7780 JavaThread "Execution worker" [_thread_in_native, id=12140, stack(0x0000002f33300000,0x0000002f33400000)]
  0x0000018669ff7c90 JavaThread "Execution worker Thread 2" [_thread_blocked, id=15896, stack(0x0000002f33400000,0x0000002f33500000)]
  0x0000018669ff81a0 JavaThread "Execution worker Thread 3" [_thread_blocked, id=16316, stack(0x0000002f33500000,0x0000002f33600000)]
  0x000001865d527a30 JavaThread "Cache worker for execution history cache (C:\Users\dell\lifeorganizer\node_modules\@react-native\gradle-plugin\.gradle\8.13\executionHistory)" [_thread_blocked, id=4956, stack(0x0000002f33600000,0x0000002f33700000)]
  0x000001865d528e70 JavaThread "Unconstrained build operations Thread 11" [_thread_blocked, id=4868, stack(0x0000002f33700000,0x0000002f33800000)]
  0x000001865d52d550 JavaThread "Unconstrained build operations Thread 12" [_thread_blocked, id=17804, stack(0x0000002f33800000,0x0000002f33900000)]
  0x000001865d52df70 JavaThread "Unconstrained build operations Thread 13" [_thread_blocked, id=22172, stack(0x0000002f33900000,0x0000002f33a00000)]
  0x000001865d527f40 JavaThread "Unconstrained build operations Thread 14" [_thread_blocked, id=18484, stack(0x0000002f33a00000,0x0000002f33b00000)]
  0x000001865d528960 JavaThread "Unconstrained build operations Thread 15" [_thread_blocked, id=10848, stack(0x0000002f33b00000,0x0000002f33c00000)]
  0x000001865d52cb30 JavaThread "Unconstrained build operations Thread 16" [_thread_blocked, id=2820, stack(0x0000002f33c00000,0x0000002f33d00000)]
  0x000001865d527010 JavaThread "Unconstrained build operations Thread 17" [_thread_blocked, id=10828, stack(0x0000002f33d00000,0x0000002f33e00000)]
  0x000001865d52acd0 JavaThread "Unconstrained build operations Thread 18" [_thread_blocked, id=7532, stack(0x0000002f33e00000,0x0000002f33f00000)]
  0x000001865d529380 JavaThread "Unconstrained build operations Thread 19" [_thread_blocked, id=21180, stack(0x0000002f33f00000,0x0000002f34000000)]
  0x000001865d52da60 JavaThread "Unconstrained build operations Thread 20" [_thread_blocked, id=9800, stack(0x0000002f34000000,0x0000002f34100000)]
  0x000001865d529890 JavaThread "Unconstrained build operations Thread 21" [_thread_blocked, id=11072, stack(0x0000002f34100000,0x0000002f34200000)]
  0x000001865d52e480 JavaThread "Unconstrained build operations Thread 22" [_thread_blocked, id=10356, stack(0x0000002f34200000,0x0000002f34300000)]
  0x000001865d52a2b0 JavaThread "Unconstrained build operations Thread 23" [_thread_blocked, id=8956, stack(0x0000002f34300000,0x0000002f34400000)]
  0x000001865d52b1e0 JavaThread "Unconstrained build operations Thread 24" [_thread_blocked, id=13868, stack(0x0000002f34400000,0x0000002f34500000)]
  0x000001865d52c620 JavaThread "Unconstrained build operations Thread 25" [_thread_blocked, id=4780, stack(0x0000002f34500000,0x0000002f34600000)]
  0x000001865d527520 JavaThread "Unconstrained build operations Thread 26" [_thread_blocked, id=17596, stack(0x0000002f34600000,0x0000002f34700000)]
  0x000001866469aab0 JavaThread "Unconstrained build operations Thread 27" [_thread_blocked, id=16516, stack(0x0000002f34700000,0x0000002f34800000)]
  0x0000018664698c50 JavaThread "Unconstrained build operations Thread 28" [_thread_blocked, id=10548, stack(0x0000002f34800000,0x0000002f34900000)]
  0x0000018664696df0 JavaThread "Unconstrained build operations Thread 29" [_thread_blocked, id=13116, stack(0x0000002f34900000,0x0000002f34a00000)]
  0x000001866469afc0 JavaThread "Unconstrained build operations Thread 30" [_thread_blocked, id=19184, stack(0x0000002f34a00000,0x0000002f34b00000)]
  0x0000018664697300 JavaThread "Unconstrained build operations Thread 31" [_thread_blocked, id=13132, stack(0x0000002f34b00000,0x0000002f34c00000)]
  0x0000018664697d20 JavaThread "Unconstrained build operations Thread 32" [_thread_blocked, id=16552, stack(0x0000002f34c00000,0x0000002f34d00000)]
  0x0000018664699670 JavaThread "build event listener" [_thread_blocked, id=10208, stack(0x0000002f34d00000,0x0000002f34e00000)]
  0x000001866469b4d0 JavaThread "Problems report writer" [_thread_blocked, id=1980, stack(0x0000002f34f00000,0x0000002f35000000)]
  0x0000018664698230 JavaThread "Unconstrained build operations Thread 33" [_thread_blocked, id=8876, stack(0x0000002f35000000,0x0000002f35100000)]
  0x0000018664694060 JavaThread "Unconstrained build operations Thread 34" [_thread_blocked, id=13224, stack(0x0000002f35100000,0x0000002f35200000)]
  0x0000018664694570 JavaThread "Unconstrained build operations Thread 35" [_thread_blocked, id=432, stack(0x0000002f35200000,0x0000002f35300000)]
  0x000001866469a090 JavaThread "Unconstrained build operations Thread 36" [_thread_blocked, id=6544, stack(0x0000002f35300000,0x0000002f35400000)]
  0x0000018664699160 JavaThread "Unconstrained build operations Thread 37" [_thread_blocked, id=3444, stack(0x0000002f35400000,0x0000002f35500000)]
  0x0000018664699b80 JavaThread "Unconstrained build operations Thread 38" [_thread_blocked, id=4912, stack(0x0000002f35500000,0x0000002f35600000)]
  0x000001866469a5a0 JavaThread "Unconstrained build operations Thread 39" [_thread_blocked, id=15112, stack(0x0000002f35800000,0x0000002f35900000)]
  0x0000018664694a80 JavaThread "Unconstrained build operations Thread 40" [_thread_blocked, id=21104, stack(0x0000002f35900000,0x0000002f35a00000)]
  0x00000186648da690 JavaThread "pool-20-thread-1" [_thread_blocked, id=8684, stack(0x0000002f36200000,0x0000002f36300000)]
  0x000001865d910380 JavaThread "build event listener" [_thread_blocked, id=12540, stack(0x0000002f36300000,0x0000002f36400000)]
  0x000001865d90e010 JavaThread "Cache worker for execution history cache (C:\Users\dell\lifeorganizer\android\.gradle\8.13\executionHistory)" [_thread_blocked, id=12348, stack(0x0000002f36400000,0x0000002f36500000)]
  0x000001866443a3c0 JavaThread "WorkerExecutor Queue Thread 4" [_thread_blocked, id=11892, stack(0x0000002f37400000,0x0000002f37500000)]
  0x0000018664437b40 JavaThread "WorkerExecutor Queue Thread 5" [_thread_blocked, id=14980, stack(0x0000002f2f400000,0x0000002f2f500000)]
  0x0000018659679fb0 JavaThread "RMI TCP Connection(idle)" daemon [_thread_blocked, id=16100, stack(0x0000002f37900000,0x0000002f37a00000)]
  0x000001865967a4c0 JavaThread "Build operations" [_thread_blocked, id=15704, stack(0x0000002f37100000,0x0000002f37200000)]
  0x000001865967a9d0 JavaThread "Build operations Thread 2" [_thread_blocked, id=15164, stack(0x0000002f37a00000,0x0000002f37b00000)]
  0x0000018659679590 JavaThread "Build operations Thread 3" [_thread_blocked, id=2832, stack(0x0000002f37b00000,0x0000002f37c00000)]
  0x000001866a667fd0 JavaThread "RMI TCP Connection(idle)" daemon [_thread_blocked, id=1108, stack(0x0000002f37c00000,0x0000002f37d00000)]
  0x000001866a669e30 JavaThread "Build operations Thread 4" [_thread_blocked, id=19776, stack(0x0000002f37d00000,0x0000002f37e00000)]
  0x000001866443b800 JavaThread "RMI TCP Connection(idle)" daemon [_thread_blocked, id=17508, stack(0x0000002f37e00000,0x0000002f37f00000)]
  0x00000186648d5aa0 JavaThread "pool-21-thread-1" [_thread_blocked, id=16252, stack(0x0000002f38000000,0x0000002f38100000)]
  0x000001865967b900 JavaThread "stderr" [_thread_in_native, id=21636, stack(0x0000002f38100000,0x0000002f38200000)]
  0x000001865c00e5e0 JavaThread "stdout" [_thread_in_native, id=17992, stack(0x0000002f38200000,0x0000002f38300000)]
  0x000001866f45dc60 JavaThread "RMI RenewClean-[127.0.0.1:17782,org.jetbrains.kotlin.daemon.common.LoopbackNetworkInterface$ClientLoopbackSocketFactory@4de4cabc]" daemon [_thread_blocked, id=9704, stack(0x0000002f37f00000,0x0000002f38000000)]
  0x000001866f462340 JavaThread "RMI TCP Connection(28)-127.0.0.1" daemon [_thread_in_native, id=9460, stack(0x0000002f38400000,0x0000002f38500000)]
  0x000001866f45fac0 JavaThread "WorkerExecutor Queue Thread 7" [_thread_blocked, id=18736, stack(0x0000002f35d00000,0x0000002f35e00000)]
  0x000001866f463c90 JavaThread "Exec process Thread 49" [_thread_in_native, id=9464, stack(0x0000002f32f00000,0x0000002f33000000)]
  0x000001866f45e170 JavaThread "WorkerExecutor Queue Thread 8" [_thread_blocked, id=19160, stack(0x0000002f35e00000,0x0000002f35f00000)]
  0x000001866f45d750 JavaThread "Exec process Thread 50" [_thread_in_native, id=21976, stack(0x0000002f36100000,0x0000002f36200000)]
  0x000001866f45f5b0 JavaThread "Exec process Thread 51" [_thread_in_native, id=21624, stack(0x0000002f36600000,0x0000002f36700000)]
  0x000001866f4641a0 JavaThread "Exec process Thread 52" [_thread_in_native, id=12148, stack(0x0000002f36700000,0x0000002f36800000)]
  0x000001866f45e680 JavaThread "Exec process Thread 53" [_thread_in_native, id=19472, stack(0x0000002f36800000,0x0000002f36900000)]
  0x000001866f462d60 JavaThread "Exec process Thread 54" [_thread_in_native, id=10324, stack(0x0000002f36900000,0x0000002f36a00000)]

Other Threads:
  0x000001867edf5340 VMThread "VM Thread" [stack: 0x0000002f2fb00000,0x0000002f2fc00000] [id=9048]
  0x000001867b087d50 WatcherThread [stack: 0x0000002f30700000,0x0000002f30800000] [id=12536]
  0x0000018678ffa860 GCTaskThread "GC Thread#0" [stack: 0x0000002f2f600000,0x0000002f2f700000] [id=11232]
  0x000001861ee100d0 GCTaskThread "GC Thread#1" [stack: 0x0000002f30900000,0x0000002f30a00000] [id=2756]
  0x000001861ee6e8c0 GCTaskThread "GC Thread#2" [stack: 0x0000002f30a00000,0x0000002f30b00000] [id=22308]
  0x000001865869e710 GCTaskThread "GC Thread#3" [stack: 0x0000002f30800000,0x0000002f30900000] [id=12552]
  0x0000018678ffc360 ConcurrentGCThread "G1 Main Marker" [stack: 0x0000002f2f700000,0x0000002f2f800000] [id=19340]
  0x0000018678ffd430 ConcurrentGCThread "G1 Conc#0" [stack: 0x0000002f2f800000,0x0000002f2f900000] [id=19744]
  0x000001867ecb04a0 ConcurrentGCThread "G1 Refine#0" [stack: 0x0000002f2f900000,0x0000002f2fa00000] [id=14172]
  0x000001861ee0c090 ConcurrentGCThread "G1 Refine#1" [stack: 0x0000002f30b00000,0x0000002f30c00000] [id=9844]
  0x000001865b59fef0 ConcurrentGCThread "G1 Refine#2" [stack: 0x0000002f36500000,0x0000002f36600000] [id=21176]
  0x000001865ee0b850 ConcurrentGCThread "G1 Refine#3" [stack: 0x0000002f32e00000,0x0000002f32f00000] [id=20616]
  0x000001867b13c450 ConcurrentGCThread "G1 Service" [stack: 0x0000002f2fa00000,0x0000002f2fb00000] [id=2688]

Threads with active compile tasks:
C2 CompilerThread0  2217293 54911       4       com.android.tools.r8.internal.rd::a (4363 bytes)

VM state: not at safepoint (normal execution)

VM Mutex/Monitor currently owned by a thread: None

Heap address: 0x0000000700000000, size: 4096 MB, Compressed Oops mode: Zero based, Oop shift amount: 3

CDS archive(s) mapped at: [0x000001861f000000-0x000001861fbb0000-0x000001861fbb0000), size 12255232, SharedBaseAddress: 0x000001861f000000, ArchiveRelocationMode: 1.
Compressed class space mapped at: 0x0000018620000000-0x0000018654000000, reserved size: 872415232
Narrow klass base: 0x000001861f000000, Narrow klass shift: 0, Narrow klass range: 0x100000000

GC Precious Log:
 CPUs: 4 total, 4 available
 Memory: 8082M
 Large Page Support: Disabled
 NUMA Support: Disabled
 Compressed Oops: Enabled (Zero based)
 Heap Region Size: 2M
 Heap Min Capacity: 8M
 Heap Initial Capacity: 128M
 Heap Max Capacity: 4G
 Pre-touch: Disabled
 Parallel Workers: 4
 Concurrent Workers: 1
 Concurrent Refinement Workers: 4
 Periodic GC: Disabled

Heap:
 garbage-first heap   total 1605632K, used 1305254K [0x0000000700000000, 0x0000000800000000)
  region size 2048K, 190 young (389120K), 15 survivors (30720K)
 Metaspace       used 207085K, committed 210368K, reserved 1048576K
  class space    used 26409K, committed 27968K, reserved 851968K

Heap Regions: E=young(eden), S=young(survivor), O=old, HS=humongous(starts), HC=humongous(continues), CS=collection set, F=free, OA=open archive, CA=closed archive, TAMS=top-at-mark-start (previous, next)
|   0|0x0000000700000000, 0x0000000700200000, 0x0000000700200000|100%|HS|  |TAMS 0x0000000700200000, 0x0000000700000000| Complete 
|   1|0x0000000700200000, 0x0000000700400000, 0x0000000700400000|100%|HC|  |TAMS 0x0000000700400000, 0x0000000700200000| Complete 
|   2|0x0000000700400000, 0x0000000700600000, 0x0000000700600000|100%| O|  |TAMS 0x0000000700600000, 0x0000000700400000| Untracked 
|   3|0x0000000700600000, 0x0000000700800000, 0x0000000700800000|100%| O|  |TAMS 0x0000000700800000, 0x0000000700600000| Untracked 
|   4|0x0000000700800000, 0x0000000700a00000, 0x0000000700a00000|100%| O|  |TAMS 0x0000000700a00000, 0x0000000700800000| Untracked 
|   5|0x0000000700a00000, 0x0000000700c00000, 0x0000000700c00000|100%| O|  |TAMS 0x0000000700c00000, 0x0000000700a00000| Untracked 
|   6|0x0000000700c00000, 0x0000000700e00000, 0x0000000700e00000|100%| O|  |TAMS 0x0000000700e00000, 0x0000000700c00000| Untracked 
|   7|0x0000000700e00000, 0x0000000701000000, 0x0000000701000000|100%| O|  |TAMS 0x0000000701000000, 0x0000000700e00000| Untracked 
|   8|0x0000000701000000, 0x0000000701200000, 0x0000000701200000|100%| O|  |TAMS 0x0000000701200000, 0x0000000701000000| Untracked 
|   9|0x0000000701200000, 0x0000000701400000, 0x0000000701400000|100%| O|  |TAMS 0x0000000701400000, 0x0000000701200000| Untracked 
|  10|0x0000000701400000, 0x0000000701600000, 0x0000000701600000|100%| O|  |TAMS 0x0000000701600000, 0x0000000701400000| Untracked 
|  11|0x0000000701600000, 0x0000000701800000, 0x0000000701800000|100%| O|  |TAMS 0x0000000701800000, 0x0000000701600000| Untracked 
|  12|0x0000000701800000, 0x0000000701a00000, 0x0000000701a00000|100%| O|  |TAMS 0x0000000701a00000, 0x0000000701800000| Untracked 
|  13|0x0000000701a00000, 0x0000000701c00000, 0x0000000701c00000|100%| O|  |TAMS 0x0000000701c00000, 0x0000000701a00000| Untracked 
|  14|0x0000000701c00000, 0x0000000701e00000, 0x0000000701e00000|100%| O|  |TAMS 0x0000000701e00000, 0x0000000701c00000| Untracked 
|  15|0x0000000701e00000, 0x0000000702000000, 0x0000000702000000|100%| O|  |TAMS 0x0000000702000000, 0x0000000701e00000| Untracked 
|  16|0x0000000702000000, 0x0000000702200000, 0x0000000702200000|100%|HS|  |TAMS 0x0000000702200000, 0x0000000702000000| Complete 
|  17|0x0000000702200000, 0x0000000702400000, 0x0000000702400000|100%|HS|  |TAMS 0x0000000702400000, 0x0000000702200000| Complete 
|  18|0x0000000702400000, 0x0000000702600000, 0x0000000702600000|100%|HC|  |TAMS 0x0000000702600000, 0x0000000702400000| Complete 
|  19|0x0000000702600000, 0x0000000702800000, 0x0000000702800000|100%| O|  |TAMS 0x0000000702800000, 0x0000000702600000| Untracked 
|  20|0x0000000702800000, 0x0000000702a00000, 0x0000000702a00000|100%| O|  |TAMS 0x0000000702a00000, 0x0000000702800000| Untracked 
|  21|0x0000000702a00000, 0x0000000702c00000, 0x0000000702c00000|100%|HS|  |TAMS 0x0000000702c00000, 0x0000000702a00000| Complete 
|  22|0x0000000702c00000, 0x0000000702e00000, 0x0000000702e00000|100%| O|  |TAMS 0x0000000702e00000, 0x0000000702c00000| Untracked 
|  23|0x0000000702e00000, 0x0000000703000000, 0x0000000703000000|100%| O|  |TAMS 0x0000000703000000, 0x0000000702e00000| Untracked 
|  24|0x0000000703000000, 0x0000000703200000, 0x0000000703200000|100%| O|  |TAMS 0x0000000703200000, 0x0000000703000000| Untracked 
|  25|0x0000000703200000, 0x0000000703400000, 0x0000000703400000|100%|HS|  |TAMS 0x0000000703400000, 0x0000000703200000| Complete 
|  26|0x0000000703400000, 0x0000000703600000, 0x0000000703600000|100%|HC|  |TAMS 0x0000000703600000, 0x0000000703400000| Complete 
|  27|0x0000000703600000, 0x0000000703800000, 0x0000000703800000|100%| O|  |TAMS 0x0000000703800000, 0x0000000703600000| Untracked 
|  28|0x0000000703800000, 0x0000000703a00000, 0x0000000703a00000|100%| O|  |TAMS 0x0000000703a00000, 0x0000000703800000| Untracked 
|  29|0x0000000703a00000, 0x0000000703c00000, 0x0000000703c00000|100%| O|  |TAMS 0x0000000703a00000, 0x0000000703a00000| Untracked 
|  30|0x0000000703c00000, 0x0000000703e00000, 0x0000000703e00000|100%| O|  |TAMS 0x0000000703e00000, 0x0000000703c00000| Untracked 
|  31|0x0000000703e00000, 0x0000000704000000, 0x0000000704000000|100%| O|  |TAMS 0x0000000703e00000, 0x0000000703e00000| Untracked 
|  32|0x0000000704000000, 0x0000000704200000, 0x0000000704200000|100%| O|  |TAMS 0x0000000704200000, 0x0000000704000000| Untracked 
|  33|0x0000000704200000, 0x0000000704400000, 0x0000000704400000|100%| O|  |TAMS 0x0000000704400000, 0x0000000704200000| Untracked 
|  34|0x0000000704400000, 0x0000000704600000, 0x0000000704600000|100%| O|  |TAMS 0x0000000704600000, 0x0000000704400000| Untracked 
|  35|0x0000000704600000, 0x0000000704800000, 0x0000000704800000|100%| O|  |TAMS 0x0000000704800000, 0x0000000704600000| Untracked 
|  36|0x0000000704800000, 0x0000000704a00000, 0x0000000704a00000|100%| O|  |TAMS 0x0000000704a00000, 0x0000000704800000| Untracked 
|  37|0x0000000704a00000, 0x0000000704c00000, 0x0000000704c00000|100%|HS|  |TAMS 0x0000000704c00000, 0x0000000704a00000| Complete 
|  38|0x0000000704c00000, 0x0000000704e00000, 0x0000000704e00000|100%| O|  |TAMS 0x0000000704e00000, 0x0000000704c00000| Untracked 
|  39|0x0000000704e00000, 0x0000000705000000, 0x0000000705000000|100%| O|  |TAMS 0x0000000705000000, 0x0000000704e00000| Untracked 
|  40|0x0000000705000000, 0x0000000705200000, 0x0000000705200000|100%| O|  |TAMS 0x0000000705000000, 0x0000000705000000| Untracked 
|  41|0x0000000705200000, 0x0000000705400000, 0x0000000705400000|100%| O|  |TAMS 0x0000000705400000, 0x0000000705200000| Untracked 
|  42|0x0000000705400000, 0x0000000705600000, 0x0000000705600000|100%| O|  |TAMS 0x0000000705600000, 0x0000000705400000| Untracked 
|  43|0x0000000705600000, 0x0000000705800000, 0x0000000705800000|100%| O|  |TAMS 0x0000000705800000, 0x0000000705600000| Untracked 
|  44|0x0000000705800000, 0x0000000705a00000, 0x0000000705a00000|100%| O|  |TAMS 0x0000000705a00000, 0x0000000705800000| Untracked 
|  45|0x0000000705a00000, 0x0000000705c00000, 0x0000000705c00000|100%| O|  |TAMS 0x0000000705c00000, 0x0000000705a00000| Untracked 
|  46|0x0000000705c00000, 0x0000000705e00000, 0x0000000705e00000|100%| O|  |TAMS 0x0000000705e00000, 0x0000000705c00000| Untracked 
|  47|0x0000000705e00000, 0x0000000706000000, 0x0000000706000000|100%| O|  |TAMS 0x0000000706000000, 0x0000000705e00000| Untracked 
|  48|0x0000000706000000, 0x0000000706200000, 0x0000000706200000|100%| O|  |TAMS 0x0000000706200000, 0x0000000706000000| Untracked 
|  49|0x0000000706200000, 0x0000000706400000, 0x0000000706400000|100%| O|  |TAMS 0x0000000706400000, 0x0000000706200000| Untracked 
|  50|0x0000000706400000, 0x0000000706600000, 0x0000000706600000|100%| O|  |TAMS 0x0000000706400000, 0x0000000706400000| Untracked 
|  51|0x0000000706600000, 0x0000000706800000, 0x0000000706800000|100%| O|  |TAMS 0x0000000706800000, 0x0000000706600000| Untracked 
|  52|0x0000000706800000, 0x0000000706a00000, 0x0000000706a00000|100%| O|  |TAMS 0x0000000706a00000, 0x0000000706800000| Untracked 
|  53|0x0000000706a00000, 0x0000000706c00000, 0x0000000706c00000|100%| O|  |TAMS 0x0000000706c00000, 0x0000000706a00000| Untracked 
|  54|0x0000000706c00000, 0x0000000706e00000, 0x0000000706e00000|100%| O|  |TAMS 0x0000000706e00000, 0x0000000706c00000| Untracked 
|  55|0x0000000706e00000, 0x0000000707000000, 0x0000000707000000|100%| O|  |TAMS 0x0000000707000000, 0x0000000706e00000| Untracked 
|  56|0x0000000707000000, 0x0000000707200000, 0x0000000707200000|100%|HS|  |TAMS 0x0000000707200000, 0x0000000707000000| Complete 
|  57|0x0000000707200000, 0x0000000707400000, 0x0000000707400000|100%|HS|  |TAMS 0x0000000707400000, 0x0000000707200000| Complete 
|  58|0x0000000707400000, 0x0000000707600000, 0x0000000707600000|100%| O|  |TAMS 0x0000000707600000, 0x0000000707400000| Untracked 
|  59|0x0000000707600000, 0x0000000707800000, 0x0000000707800000|100%| O|  |TAMS 0x0000000707800000, 0x0000000707600000| Untracked 
|  60|0x0000000707800000, 0x0000000707a00000, 0x0000000707a00000|100%| O|  |TAMS 0x0000000707a00000, 0x0000000707800000| Untracked 
|  61|0x0000000707a00000, 0x0000000707c00000, 0x0000000707c00000|100%| O|  |TAMS 0x0000000707c00000, 0x0000000707a00000| Untracked 
|  62|0x0000000707c00000, 0x0000000707e00000, 0x0000000707e00000|100%| O|  |TAMS 0x0000000707e00000, 0x0000000707c00000| Untracked 
|  63|0x0000000707e00000, 0x0000000708000000, 0x0000000708000000|100%| O|  |TAMS 0x0000000707e00000, 0x0000000707e00000| Untracked 
|  64|0x0000000708000000, 0x0000000708200000, 0x0000000708200000|100%| O|  |TAMS 0x0000000708000000, 0x0000000708000000| Untracked 
|  65|0x0000000708200000, 0x0000000708400000, 0x0000000708400000|100%| O|  |TAMS 0x0000000708200000, 0x0000000708200000| Untracked 
|  66|0x0000000708400000, 0x0000000708600000, 0x0000000708600000|100%| O|  |TAMS 0x0000000708400000, 0x0000000708400000| Untracked 
|  67|0x0000000708600000, 0x0000000708800000, 0x0000000708800000|100%| O|  |TAMS 0x0000000708800000, 0x0000000708600000| Untracked 
|  68|0x0000000708800000, 0x0000000708a00000, 0x0000000708a00000|100%| O|  |TAMS 0x0000000708a00000, 0x0000000708800000| Untracked 
|  69|0x0000000708a00000, 0x0000000708c00000, 0x0000000708c00000|100%| O|  |TAMS 0x0000000708a00000, 0x0000000708a00000| Untracked 
|  70|0x0000000708c00000, 0x0000000708e00000, 0x0000000708e00000|100%| O|  |TAMS 0x0000000708c00000, 0x0000000708c00000| Untracked 
|  71|0x0000000708e00000, 0x0000000709000000, 0x0000000709000000|100%|HS|  |TAMS 0x0000000708e00000, 0x0000000708e00000| Complete 
|  72|0x0000000709000000, 0x0000000709200000, 0x0000000709200000|100%| O|  |TAMS 0x0000000709000000, 0x0000000709000000| Untracked 
|  73|0x0000000709200000, 0x0000000709400000, 0x0000000709400000|100%| O|  |TAMS 0x0000000709200000, 0x0000000709200000| Untracked 
|  74|0x0000000709400000, 0x0000000709600000, 0x0000000709600000|100%| O|  |TAMS 0x0000000709600000, 0x0000000709400000| Untracked 
|  75|0x0000000709600000, 0x0000000709800000, 0x0000000709800000|100%| O|  |TAMS 0x0000000709600000, 0x0000000709600000| Untracked 
|  76|0x0000000709800000, 0x0000000709a00000, 0x0000000709a00000|100%| O|  |TAMS 0x0000000709a00000, 0x0000000709800000| Untracked 
|  77|0x0000000709a00000, 0x0000000709c00000, 0x0000000709c00000|100%| O|  |TAMS 0x0000000709c00000, 0x0000000709a00000| Untracked 
|  78|0x0000000709c00000, 0x0000000709e00000, 0x0000000709e00000|100%| O|  |TAMS 0x0000000709e00000, 0x0000000709c00000| Untracked 
|  79|0x0000000709e00000, 0x000000070a000000, 0x000000070a000000|100%| O|  |TAMS 0x000000070a000000, 0x0000000709e00000| Untracked 
|  80|0x000000070a000000, 0x000000070a200000, 0x000000070a200000|100%| O|  |TAMS 0x000000070a200000, 0x000000070a000000| Untracked 
|  81|0x000000070a200000, 0x000000070a400000, 0x000000070a400000|100%| O|  |TAMS 0x000000070a400000, 0x000000070a200000| Untracked 
|  82|0x000000070a400000, 0x000000070a600000, 0x000000070a600000|100%| O|  |TAMS 0x000000070a400000, 0x000000070a400000| Untracked 
|  83|0x000000070a600000, 0x000000070a800000, 0x000000070a800000|100%| O|  |TAMS 0x000000070a800000, 0x000000070a600000| Untracked 
|  84|0x000000070a800000, 0x000000070aa00000, 0x000000070aa00000|100%| O|  |TAMS 0x000000070a800000, 0x000000070a800000| Untracked 
|  85|0x000000070aa00000, 0x000000070ac00000, 0x000000070ac00000|100%|HS|  |TAMS 0x000000070ac00000, 0x000000070aa00000| Complete 
|  86|0x000000070ac00000, 0x000000070ae00000, 0x000000070ae00000|100%| O|  |TAMS 0x000000070ae00000, 0x000000070ac00000| Untracked 
|  87|0x000000070ae00000, 0x000000070b000000, 0x000000070b000000|100%| O|  |TAMS 0x000000070b000000, 0x000000070ae00000| Untracked 
|  88|0x000000070b000000, 0x000000070b200000, 0x000000070b200000|100%| O|  |TAMS 0x000000070b200000, 0x000000070b000000| Untracked 
|  89|0x000000070b200000, 0x000000070b400000, 0x000000070b400000|100%| O|  |TAMS 0x000000070b400000, 0x000000070b200000| Untracked 
|  90|0x000000070b400000, 0x000000070b600000, 0x000000070b600000|100%| O|  |TAMS 0x000000070b600000, 0x000000070b400000| Untracked 
|  91|0x000000070b600000, 0x000000070b800000, 0x000000070b800000|100%| O|  |TAMS 0x000000070b600000, 0x000000070b600000| Untracked 
|  92|0x000000070b800000, 0x000000070ba00000, 0x000000070ba00000|100%| O|  |TAMS 0x000000070ba00000, 0x000000070b800000| Untracked 
|  93|0x000000070ba00000, 0x000000070bc00000, 0x000000070bc00000|100%| O|  |TAMS 0x000000070bc00000, 0x000000070ba00000| Untracked 
|  94|0x000000070bc00000, 0x000000070be00000, 0x000000070be00000|100%| O|  |TAMS 0x000000070be00000, 0x000000070bc00000| Untracked 
|  95|0x000000070be00000, 0x000000070c000000, 0x000000070c000000|100%| O|  |TAMS 0x000000070c000000, 0x000000070be00000| Untracked 
|  96|0x000000070c000000, 0x000000070c200000, 0x000000070c200000|100%| O|  |TAMS 0x000000070c200000, 0x000000070c000000| Untracked 
|  97|0x000000070c200000, 0x000000070c400000, 0x000000070c400000|100%| O|  |TAMS 0x000000070c400000, 0x000000070c200000| Untracked 
|  98|0x000000070c400000, 0x000000070c600000, 0x000000070c600000|100%| O|  |TAMS 0x000000070c400000, 0x000000070c400000| Untracked 
|  99|0x000000070c600000, 0x000000070c800000, 0x000000070c800000|100%| O|  |TAMS 0x000000070c800000, 0x000000070c600000| Untracked 
| 100|0x000000070c800000, 0x000000070ca00000, 0x000000070ca00000|100%| O|  |TAMS 0x000000070ca00000, 0x000000070c800000| Untracked 
| 101|0x000000070ca00000, 0x000000070cc00000, 0x000000070cc00000|100%| O|  |TAMS 0x000000070cc00000, 0x000000070ca00000| Untracked 
| 102|0x000000070cc00000, 0x000000070ce00000, 0x000000070ce00000|100%| O|  |TAMS 0x000000070ce00000, 0x000000070cc00000| Untracked 
| 103|0x000000070ce00000, 0x000000070d000000, 0x000000070d000000|100%| O|  |TAMS 0x000000070ce00000, 0x000000070ce00000| Untracked 
| 104|0x000000070d000000, 0x000000070d200000, 0x000000070d200000|100%| O|  |TAMS 0x000000070d000000, 0x000000070d000000| Untracked 
| 105|0x000000070d200000, 0x000000070d400000, 0x000000070d400000|100%| O|  |TAMS 0x000000070d200000, 0x000000070d200000| Untracked 
| 106|0x000000070d400000, 0x000000070d600000, 0x000000070d600000|100%| O|  |TAMS 0x000000070d400000, 0x000000070d400000| Untracked 
| 107|0x000000070d600000, 0x000000070d800000, 0x000000070d800000|100%| O|  |TAMS 0x000000070d800000, 0x000000070d600000| Untracked 
| 108|0x000000070d800000, 0x000000070da00000, 0x000000070da00000|100%| O|  |TAMS 0x000000070da00000, 0x000000070d800000| Untracked 
| 109|0x000000070da00000, 0x000000070dc00000, 0x000000070dc00000|100%| O|  |TAMS 0x000000070dc00000, 0x000000070da00000| Untracked 
| 110|0x000000070dc00000, 0x000000070de00000, 0x000000070de00000|100%| O|  |TAMS 0x000000070de00000, 0x000000070dc00000| Untracked 
| 111|0x000000070de00000, 0x000000070e000000, 0x000000070e000000|100%| O|  |TAMS 0x000000070e000000, 0x000000070de00000| Untracked 
| 112|0x000000070e000000, 0x000000070e200000, 0x000000070e200000|100%| O|  |TAMS 0x000000070e200000, 0x000000070e000000| Untracked 
| 113|0x000000070e200000, 0x000000070e400000, 0x000000070e400000|100%| O|  |TAMS 0x000000070e400000, 0x000000070e200000| Untracked 
| 114|0x000000070e400000, 0x000000070e600000, 0x000000070e600000|100%| O|  |TAMS 0x000000070e600000, 0x000000070e400000| Untracked 
| 115|0x000000070e600000, 0x000000070e800000, 0x000000070e800000|100%| O|  |TAMS 0x000000070e600000, 0x000000070e600000| Untracked 
| 116|0x000000070e800000, 0x000000070ea00000, 0x000000070ea00000|100%| O|  |TAMS 0x000000070ea00000, 0x000000070e800000| Untracked 
| 117|0x000000070ea00000, 0x000000070ec00000, 0x000000070ec00000|100%| O|  |TAMS 0x000000070ec00000, 0x000000070ea00000| Untracked 
| 118|0x000000070ec00000, 0x000000070ee00000, 0x000000070ee00000|100%| O|  |TAMS 0x000000070ec00000, 0x000000070ec00000| Untracked 
| 119|0x000000070ee00000, 0x000000070f000000, 0x000000070f000000|100%| O|  |TAMS 0x000000070ee00000, 0x000000070ee00000| Untracked 
| 120|0x000000070f000000, 0x000000070f200000, 0x000000070f200000|100%| O|  |TAMS 0x000000070f200000, 0x000000070f000000| Untracked 
| 121|0x000000070f200000, 0x000000070f400000, 0x000000070f400000|100%| O|  |TAMS 0x000000070f200000, 0x000000070f200000| Untracked 
| 122|0x000000070f400000, 0x000000070f600000, 0x000000070f600000|100%| O|  |TAMS 0x000000070f400000, 0x000000070f400000| Untracked 
| 123|0x000000070f600000, 0x000000070f800000, 0x000000070f800000|100%| O|  |TAMS 0x000000070f600000, 0x000000070f600000| Untracked 
| 124|0x000000070f800000, 0x000000070fa00000, 0x000000070fa00000|100%| O|  |TAMS 0x000000070fa00000, 0x000000070f800000| Untracked 
| 125|0x000000070fa00000, 0x000000070fc00000, 0x000000070fc00000|100%| O|  |TAMS 0x000000070fa00000, 0x000000070fa00000| Untracked 
| 126|0x000000070fc00000, 0x000000070fe00000, 0x000000070fe00000|100%| O|  |TAMS 0x000000070fc00000, 0x000000070fc00000| Untracked 
| 127|0x000000070fe00000, 0x0000000710000000, 0x0000000710000000|100%| O|  |TAMS 0x000000070fe00000, 0x000000070fe00000| Untracked 
| 128|0x0000000710000000, 0x0000000710200000, 0x0000000710200000|100%| O|  |TAMS 0x0000000710200000, 0x0000000710000000| Untracked 
| 129|0x0000000710200000, 0x0000000710400000, 0x0000000710400000|100%| O|  |TAMS 0x0000000710400000, 0x0000000710200000| Untracked 
| 130|0x0000000710400000, 0x0000000710600000, 0x0000000710600000|100%| O|  |TAMS 0x0000000710600000, 0x0000000710400000| Untracked 
| 131|0x0000000710600000, 0x0000000710800000, 0x0000000710800000|100%| O|  |TAMS 0x0000000710800000, 0x0000000710600000| Untracked 
| 132|0x0000000710800000, 0x0000000710a00000, 0x0000000710a00000|100%| O|  |TAMS 0x0000000710a00000, 0x0000000710800000| Untracked 
| 133|0x0000000710a00000, 0x0000000710c00000, 0x0000000710c00000|100%| O|  |TAMS 0x0000000710c00000, 0x0000000710a00000| Untracked 
| 134|0x0000000710c00000, 0x0000000710e00000, 0x0000000710e00000|100%| O|  |TAMS 0x0000000710e00000, 0x0000000710c00000| Untracked 
| 135|0x0000000710e00000, 0x0000000711000000, 0x0000000711000000|100%| O|  |TAMS 0x0000000711000000, 0x0000000710e00000| Untracked 
| 136|0x0000000711000000, 0x0000000711200000, 0x0000000711200000|100%| O|  |TAMS 0x0000000711200000, 0x0000000711000000| Untracked 
| 137|0x0000000711200000, 0x0000000711400000, 0x0000000711400000|100%| O|  |TAMS 0x0000000711400000, 0x0000000711200000| Untracked 
| 138|0x0000000711400000, 0x0000000711600000, 0x0000000711600000|100%| O|  |TAMS 0x0000000711600000, 0x0000000711400000| Untracked 
| 139|0x0000000711600000, 0x0000000711800000, 0x0000000711800000|100%| O|  |TAMS 0x0000000711800000, 0x0000000711600000| Untracked 
| 140|0x0000000711800000, 0x0000000711a00000, 0x0000000711a00000|100%| O|  |TAMS 0x0000000711a00000, 0x0000000711800000| Untracked 
| 141|0x0000000711a00000, 0x0000000711c00000, 0x0000000711c00000|100%| O|  |TAMS 0x0000000711c00000, 0x0000000711a00000| Untracked 
| 142|0x0000000711c00000, 0x0000000711e00000, 0x0000000711e00000|100%| O|  |TAMS 0x0000000711e00000, 0x0000000711c00000| Untracked 
| 143|0x0000000711e00000, 0x0000000712000000, 0x0000000712000000|100%| O|  |TAMS 0x0000000712000000, 0x0000000711e00000| Untracked 
| 144|0x0000000712000000, 0x0000000712200000, 0x0000000712200000|100%| O|  |TAMS 0x0000000712200000, 0x0000000712000000| Untracked 
| 145|0x0000000712200000, 0x0000000712400000, 0x0000000712400000|100%| O|  |TAMS 0x0000000712400000, 0x0000000712200000| Untracked 
| 146|0x0000000712400000, 0x0000000712600000, 0x0000000712600000|100%| O|  |TAMS 0x0000000712600000, 0x0000000712400000| Untracked 
| 147|0x0000000712600000, 0x0000000712800000, 0x0000000712800000|100%| O|  |TAMS 0x0000000712800000, 0x0000000712600000| Untracked 
| 148|0x0000000712800000, 0x0000000712a00000, 0x0000000712a00000|100%| O|  |TAMS 0x0000000712a00000, 0x0000000712800000| Untracked 
| 149|0x0000000712a00000, 0x0000000712c00000, 0x0000000712c00000|100%| O|  |TAMS 0x0000000712c00000, 0x0000000712a00000| Untracked 
| 150|0x0000000712c00000, 0x0000000712e00000, 0x0000000712e00000|100%| O|  |TAMS 0x0000000712e00000, 0x0000000712c00000| Untracked 
| 151|0x0000000712e00000, 0x0000000713000000, 0x0000000713000000|100%| O|  |TAMS 0x0000000712e00000, 0x0000000712e00000| Untracked 
| 152|0x0000000713000000, 0x0000000713200000, 0x0000000713200000|100%| O|  |TAMS 0x0000000713200000, 0x0000000713000000| Untracked 
| 153|0x0000000713200000, 0x0000000713400000, 0x0000000713400000|100%| O|  |TAMS 0x0000000713400000, 0x0000000713200000| Untracked 
| 154|0x0000000713400000, 0x0000000713600000, 0x0000000713600000|100%| O|  |TAMS 0x0000000713600000, 0x0000000713400000| Untracked 
| 155|0x0000000713600000, 0x0000000713800000, 0x0000000713800000|100%| O|  |TAMS 0x0000000713800000, 0x0000000713600000| Untracked 
| 156|0x0000000713800000, 0x0000000713a00000, 0x0000000713a00000|100%| O|  |TAMS 0x0000000713a00000, 0x0000000713800000| Untracked 
| 157|0x0000000713a00000, 0x0000000713c00000, 0x0000000713c00000|100%| O|  |TAMS 0x0000000713c00000, 0x0000000713a00000| Untracked 
| 158|0x0000000713c00000, 0x0000000713e00000, 0x0000000713e00000|100%| O|  |TAMS 0x0000000713e00000, 0x0000000713c00000| Untracked 
| 159|0x0000000713e00000, 0x0000000714000000, 0x0000000714000000|100%| O|  |TAMS 0x0000000714000000, 0x0000000713e00000| Untracked 
| 160|0x0000000714000000, 0x0000000714200000, 0x0000000714200000|100%| O|  |TAMS 0x0000000714000000, 0x0000000714000000| Untracked 
| 161|0x0000000714200000, 0x0000000714400000, 0x0000000714400000|100%| O|  |TAMS 0x0000000714400000, 0x0000000714200000| Untracked 
| 162|0x0000000714400000, 0x0000000714600000, 0x0000000714600000|100%|HS|  |TAMS 0x0000000714600000, 0x0000000714400000| Complete 
| 163|0x0000000714600000, 0x0000000714800000, 0x0000000714800000|100%| O|  |TAMS 0x0000000714800000, 0x0000000714600000| Untracked 
| 164|0x0000000714800000, 0x0000000714a00000, 0x0000000714a00000|100%| O|  |TAMS 0x0000000714a00000, 0x0000000714800000| Untracked 
| 165|0x0000000714a00000, 0x0000000714c00000, 0x0000000714c00000|100%| O|  |TAMS 0x0000000714a00000, 0x0000000714a00000| Untracked 
| 166|0x0000000714c00000, 0x0000000714e00000, 0x0000000714e00000|100%| O|  |TAMS 0x0000000714e00000, 0x0000000714c00000| Untracked 
| 167|0x0000000714e00000, 0x0000000715000000, 0x0000000715000000|100%| O|  |TAMS 0x0000000715000000, 0x0000000714e00000| Untracked 
| 168|0x0000000715000000, 0x0000000715200000, 0x0000000715200000|100%| O|  |TAMS 0x0000000715200000, 0x0000000715000000| Untracked 
| 169|0x0000000715200000, 0x0000000715400000, 0x0000000715400000|100%| O|  |TAMS 0x0000000715200000, 0x0000000715200000| Untracked 
| 170|0x0000000715400000, 0x0000000715600000, 0x0000000715600000|100%| O|  |TAMS 0x0000000715400000, 0x0000000715400000| Untracked 
| 171|0x0000000715600000, 0x0000000715800000, 0x0000000715800000|100%| O|  |TAMS 0x0000000715600000, 0x0000000715600000| Untracked 
| 172|0x0000000715800000, 0x0000000715a00000, 0x0000000715a00000|100%| O|  |TAMS 0x0000000715800000, 0x0000000715800000| Untracked 
| 173|0x0000000715a00000, 0x0000000715c00000, 0x0000000715c00000|100%| O|  |TAMS 0x0000000715c00000, 0x0000000715a00000| Untracked 
| 174|0x0000000715c00000, 0x0000000715e00000, 0x0000000715e00000|100%| O|  |TAMS 0x0000000715e00000, 0x0000000715c00000| Untracked 
| 175|0x0000000715e00000, 0x0000000716000000, 0x0000000716000000|100%| O|  |TAMS 0x0000000716000000, 0x0000000715e00000| Untracked 
| 176|0x0000000716000000, 0x0000000716200000, 0x0000000716200000|100%| O|  |TAMS 0x0000000716200000, 0x0000000716000000| Untracked 
| 177|0x0000000716200000, 0x0000000716400000, 0x0000000716400000|100%| O|  |TAMS 0x0000000716400000, 0x0000000716200000| Untracked 
| 178|0x0000000716400000, 0x0000000716600000, 0x0000000716600000|100%| O|  |TAMS 0x0000000716400000, 0x0000000716400000| Untracked 
| 179|0x0000000716600000, 0x0000000716800000, 0x0000000716800000|100%| O|  |TAMS 0x0000000716600000, 0x0000000716600000| Untracked 
| 180|0x0000000716800000, 0x0000000716a00000, 0x0000000716a00000|100%| O|  |TAMS 0x0000000716a00000, 0x0000000716800000| Untracked 
| 181|0x0000000716a00000, 0x0000000716c00000, 0x0000000716c00000|100%| O|  |TAMS 0x0000000716c00000, 0x0000000716a00000| Untracked 
| 182|0x0000000716c00000, 0x0000000716e00000, 0x0000000716e00000|100%| O|  |TAMS 0x0000000716c00000, 0x0000000716c00000| Untracked 
| 183|0x0000000716e00000, 0x0000000717000000, 0x0000000717000000|100%| O|  |TAMS 0x0000000716e00000, 0x0000000716e00000| Untracked 
| 184|0x0000000717000000, 0x0000000717200000, 0x0000000717200000|100%| O|  |TAMS 0x0000000717000000, 0x0000000717000000| Untracked 
| 185|0x0000000717200000, 0x0000000717400000, 0x0000000717400000|100%| O|  |TAMS 0x0000000717200000, 0x0000000717200000| Untracked 
| 186|0x0000000717400000, 0x0000000717600000, 0x0000000717600000|100%| O|  |TAMS 0x0000000717600000, 0x0000000717400000| Untracked 
| 187|0x0000000717600000, 0x0000000717800000, 0x0000000717800000|100%| O|  |TAMS 0x0000000717600000, 0x0000000717600000| Untracked 
| 188|0x0000000717800000, 0x0000000717a00000, 0x0000000717a00000|100%| O|  |TAMS 0x0000000717800000, 0x0000000717800000| Untracked 
| 189|0x0000000717a00000, 0x0000000717c00000, 0x0000000717c00000|100%| O|  |TAMS 0x0000000717a00000, 0x0000000717a00000| Untracked 
| 190|0x0000000717c00000, 0x0000000717e00000, 0x0000000717e00000|100%| O|  |TAMS 0x0000000717c00000, 0x0000000717c00000| Untracked 
| 191|0x0000000717e00000, 0x0000000718000000, 0x0000000718000000|100%| O|  |TAMS 0x0000000717e00000, 0x0000000717e00000| Untracked 
| 192|0x0000000718000000, 0x0000000718200000, 0x0000000718200000|100%| O|  |TAMS 0x0000000718000000, 0x0000000718000000| Untracked 
| 193|0x0000000718200000, 0x0000000718400000, 0x0000000718400000|100%| O|  |TAMS 0x0000000718200000, 0x0000000718200000| Untracked 
| 194|0x0000000718400000, 0x0000000718600000, 0x0000000718600000|100%| O|  |TAMS 0x0000000718400000, 0x0000000718400000| Untracked 
| 195|0x0000000718600000, 0x0000000718800000, 0x0000000718800000|100%| O|  |TAMS 0x0000000718600000, 0x0000000718600000| Untracked 
| 196|0x0000000718800000, 0x0000000718a00000, 0x0000000718a00000|100%| O|  |TAMS 0x0000000718800000, 0x0000000718800000| Untracked 
| 197|0x0000000718a00000, 0x0000000718c00000, 0x0000000718c00000|100%| O|  |TAMS 0x0000000718a00000, 0x0000000718a00000| Untracked 
| 198|0x0000000718c00000, 0x0000000718e00000, 0x0000000718e00000|100%| O|  |TAMS 0x0000000718c00000, 0x0000000718c00000| Untracked 
| 199|0x0000000718e00000, 0x0000000719000000, 0x0000000719000000|100%| O|  |TAMS 0x0000000718e00000, 0x0000000718e00000| Untracked 
| 200|0x0000000719000000, 0x0000000719200000, 0x0000000719200000|100%| O|  |TAMS 0x0000000719000000, 0x0000000719000000| Untracked 
| 201|0x0000000719200000, 0x0000000719400000, 0x0000000719400000|100%| O|  |TAMS 0x0000000719200000, 0x0000000719200000| Untracked 
| 202|0x0000000719400000, 0x0000000719600000, 0x0000000719600000|100%| O|  |TAMS 0x0000000719400000, 0x0000000719400000| Untracked 
| 203|0x0000000719600000, 0x0000000719800000, 0x0000000719800000|100%| O|  |TAMS 0x0000000719600000, 0x0000000719600000| Untracked 
| 204|0x0000000719800000, 0x0000000719a00000, 0x0000000719a00000|100%| O|  |TAMS 0x0000000719800000, 0x0000000719800000| Untracked 
| 205|0x0000000719a00000, 0x0000000719c00000, 0x0000000719c00000|100%| O|  |TAMS 0x0000000719a00000, 0x0000000719a00000| Untracked 
| 206|0x0000000719c00000, 0x0000000719e00000, 0x0000000719e00000|100%| O|  |TAMS 0x0000000719c00000, 0x0000000719c00000| Untracked 
| 207|0x0000000719e00000, 0x000000071a000000, 0x000000071a000000|100%| O|  |TAMS 0x0000000719e00000, 0x0000000719e00000| Untracked 
| 208|0x000000071a000000, 0x000000071a200000, 0x000000071a200000|100%| O|  |TAMS 0x000000071a000000, 0x000000071a000000| Untracked 
| 209|0x000000071a200000, 0x000000071a400000, 0x000000071a400000|100%| O|  |TAMS 0x000000071a200000, 0x000000071a200000| Untracked 
| 210|0x000000071a400000, 0x000000071a600000, 0x000000071a600000|100%| O|  |TAMS 0x000000071a400000, 0x000000071a400000| Untracked 
| 211|0x000000071a600000, 0x000000071a800000, 0x000000071a800000|100%| O|  |TAMS 0x000000071a600000, 0x000000071a600000| Untracked 
| 212|0x000000071a800000, 0x000000071aa00000, 0x000000071aa00000|100%| O|  |TAMS 0x000000071a800000, 0x000000071a800000| Untracked 
| 213|0x000000071aa00000, 0x000000071ac00000, 0x000000071ac00000|100%| O|  |TAMS 0x000000071aa00000, 0x000000071aa00000| Untracked 
| 214|0x000000071ac00000, 0x000000071ae00000, 0x000000071ae00000|100%| O|  |TAMS 0x000000071ac00000, 0x000000071ac00000| Untracked 
| 215|0x000000071ae00000, 0x000000071b000000, 0x000000071b000000|100%| O|  |TAMS 0x000000071ae00000, 0x000000071ae00000| Untracked 
| 216|0x000000071b000000, 0x000000071b200000, 0x000000071b200000|100%| O|  |TAMS 0x000000071b000000, 0x000000071b000000| Untracked 
| 217|0x000000071b200000, 0x000000071b400000, 0x000000071b400000|100%| O|  |TAMS 0x000000071b200000, 0x000000071b200000| Untracked 
| 218|0x000000071b400000, 0x000000071b600000, 0x000000071b600000|100%| O|  |TAMS 0x000000071b400000, 0x000000071b400000| Untracked 
| 219|0x000000071b600000, 0x000000071b800000, 0x000000071b800000|100%| O|  |TAMS 0x000000071b600000, 0x000000071b600000| Untracked 
| 220|0x000000071b800000, 0x000000071ba00000, 0x000000071ba00000|100%| O|  |TAMS 0x000000071b800000, 0x000000071b800000| Untracked 
| 221|0x000000071ba00000, 0x000000071bc00000, 0x000000071bc00000|100%|HS|  |TAMS 0x000000071ba00000, 0x000000071ba00000| Complete 
| 222|0x000000071bc00000, 0x000000071be00000, 0x000000071be00000|100%|HS|  |TAMS 0x000000071bc00000, 0x000000071bc00000| Complete 
| 223|0x000000071be00000, 0x000000071c000000, 0x000000071c000000|100%| O|  |TAMS 0x000000071be00000, 0x000000071be00000| Untracked 
| 224|0x000000071c000000, 0x000000071c200000, 0x000000071c200000|100%| O|  |TAMS 0x000000071c200000, 0x000000071c000000| Untracked 
| 225|0x000000071c200000, 0x000000071c400000, 0x000000071c400000|100%| O|  |TAMS 0x000000071c200000, 0x000000071c200000| Untracked 
| 226|0x000000071c400000, 0x000000071c600000, 0x000000071c600000|100%| O|  |TAMS 0x000000071c400000, 0x000000071c400000| Untracked 
| 227|0x000000071c600000, 0x000000071c800000, 0x000000071c800000|100%|HS|  |TAMS 0x000000071c600000, 0x000000071c600000| Complete 
| 228|0x000000071c800000, 0x000000071ca00000, 0x000000071ca00000|100%|HS|  |TAMS 0x000000071c800000, 0x000000071c800000| Complete 
| 229|0x000000071ca00000, 0x000000071cc00000, 0x000000071cc00000|100%| O|  |TAMS 0x000000071ca00000, 0x000000071ca00000| Untracked 
| 230|0x000000071cc00000, 0x000000071ce00000, 0x000000071ce00000|100%| O|  |TAMS 0x000000071cc00000, 0x000000071cc00000| Untracked 
| 231|0x000000071ce00000, 0x000000071d000000, 0x000000071d000000|100%| O|  |TAMS 0x000000071ce00000, 0x000000071ce00000| Untracked 
| 232|0x000000071d000000, 0x000000071d200000, 0x000000071d200000|100%| O|  |TAMS 0x000000071d000000, 0x000000071d000000| Untracked 
| 233|0x000000071d200000, 0x000000071d400000, 0x000000071d400000|100%| O|  |TAMS 0x000000071d400000, 0x000000071d200000| Untracked 
| 234|0x000000071d400000, 0x000000071d600000, 0x000000071d600000|100%| O|  |TAMS 0x000000071d600000, 0x000000071d400000| Untracked 
| 235|0x000000071d600000, 0x000000071d800000, 0x000000071d800000|100%| O|  |TAMS 0x000000071d600000, 0x000000071d600000| Untracked 
| 236|0x000000071d800000, 0x000000071da00000, 0x000000071da00000|100%| O|  |TAMS 0x000000071d800000, 0x000000071d800000| Untracked 
| 237|0x000000071da00000, 0x000000071dc00000, 0x000000071dc00000|100%| O|  |TAMS 0x000000071da00000, 0x000000071da00000| Untracked 
| 238|0x000000071dc00000, 0x000000071de00000, 0x000000071de00000|100%| O|  |TAMS 0x000000071dc00000, 0x000000071dc00000| Untracked 
| 239|0x000000071de00000, 0x000000071e000000, 0x000000071e000000|100%| O|  |TAMS 0x000000071de00000, 0x000000071de00000| Untracked 
| 240|0x000000071e000000, 0x000000071e200000, 0x000000071e200000|100%| O|  |TAMS 0x000000071e000000, 0x000000071e000000| Untracked 
| 241|0x000000071e200000, 0x000000071e400000, 0x000000071e400000|100%| O|  |TAMS 0x000000071e200000, 0x000000071e200000| Untracked 
| 242|0x000000071e400000, 0x000000071e600000, 0x000000071e600000|100%| O|  |TAMS 0x000000071e400000, 0x000000071e400000| Untracked 
| 243|0x000000071e600000, 0x000000071e800000, 0x000000071e800000|100%| O|  |TAMS 0x000000071e600000, 0x000000071e600000| Untracked 
| 244|0x000000071e800000, 0x000000071ea00000, 0x000000071ea00000|100%| O|  |TAMS 0x000000071e800000, 0x000000071e800000| Untracked 
| 245|0x000000071ea00000, 0x000000071ec00000, 0x000000071ec00000|100%| O|  |TAMS 0x000000071ec00000, 0x000000071ea00000| Untracked 
| 246|0x000000071ec00000, 0x000000071ee00000, 0x000000071ee00000|100%| O|  |TAMS 0x000000071ec00000, 0x000000071ec00000| Untracked 
| 247|0x000000071ee00000, 0x000000071f000000, 0x000000071f000000|100%| O|  |TAMS 0x000000071ee00000, 0x000000071ee00000| Untracked 
| 248|0x000000071f000000, 0x000000071f200000, 0x000000071f200000|100%| O|  |TAMS 0x000000071f000000, 0x000000071f000000| Untracked 
| 249|0x000000071f200000, 0x000000071f400000, 0x000000071f400000|100%| O|  |TAMS 0x000000071f200000, 0x000000071f200000| Untracked 
| 250|0x000000071f400000, 0x000000071f600000, 0x000000071f600000|100%| O|  |TAMS 0x000000071f400000, 0x000000071f400000| Untracked 
| 251|0x000000071f600000, 0x000000071f800000, 0x000000071f800000|100%| O|  |TAMS 0x000000071f600000, 0x000000071f600000| Untracked 
| 252|0x000000071f800000, 0x000000071fa00000, 0x000000071fa00000|100%| O|  |TAMS 0x000000071f800000, 0x000000071f800000| Untracked 
| 253|0x000000071fa00000, 0x000000071fc00000, 0x000000071fc00000|100%| O|  |TAMS 0x000000071fa00000, 0x000000071fa00000| Untracked 
| 254|0x000000071fc00000, 0x000000071fe00000, 0x000000071fe00000|100%| O|  |TAMS 0x000000071fc00000, 0x000000071fc00000| Untracked 
| 255|0x000000071fe00000, 0x0000000720000000, 0x0000000720000000|100%| O|  |TAMS 0x0000000720000000, 0x000000071fe00000| Untracked 
| 256|0x0000000720000000, 0x0000000720200000, 0x0000000720200000|100%| O|  |TAMS 0x0000000720000000, 0x0000000720000000| Untracked 
| 257|0x0000000720200000, 0x0000000720400000, 0x0000000720400000|100%| O|  |TAMS 0x0000000720400000, 0x0000000720200000| Untracked 
| 258|0x0000000720400000, 0x0000000720600000, 0x0000000720600000|100%| O|  |TAMS 0x0000000720400000, 0x0000000720400000| Untracked 
| 259|0x0000000720600000, 0x0000000720800000, 0x0000000720800000|100%| O|  |TAMS 0x0000000720600000, 0x0000000720600000| Untracked 
| 260|0x0000000720800000, 0x0000000720a00000, 0x0000000720a00000|100%| O|  |TAMS 0x0000000720800000, 0x0000000720800000| Untracked 
| 261|0x0000000720a00000, 0x0000000720c00000, 0x0000000720c00000|100%| O|  |TAMS 0x0000000720a00000, 0x0000000720a00000| Untracked 
| 262|0x0000000720c00000, 0x0000000720e00000, 0x0000000720e00000|100%| O|  |TAMS 0x0000000720c00000, 0x0000000720c00000| Untracked 
| 263|0x0000000720e00000, 0x0000000721000000, 0x0000000721000000|100%| O|  |TAMS 0x0000000720e00000, 0x0000000720e00000| Untracked 
| 264|0x0000000721000000, 0x0000000721200000, 0x0000000721200000|100%| O|  |TAMS 0x0000000721000000, 0x0000000721000000| Untracked 
| 265|0x0000000721200000, 0x0000000721400000, 0x0000000721400000|100%| O|  |TAMS 0x0000000721200000, 0x0000000721200000| Untracked 
| 266|0x0000000721400000, 0x0000000721600000, 0x0000000721600000|100%| O|  |TAMS 0x0000000721400000, 0x0000000721400000| Untracked 
| 267|0x0000000721600000, 0x0000000721800000, 0x0000000721800000|100%| O|  |TAMS 0x0000000721600000, 0x0000000721600000| Untracked 
| 268|0x0000000721800000, 0x0000000721a00000, 0x0000000721a00000|100%| O|  |TAMS 0x0000000721a00000, 0x0000000721800000| Untracked 
| 269|0x0000000721a00000, 0x0000000721c00000, 0x0000000721c00000|100%| O|  |TAMS 0x0000000721a31a00, 0x0000000721a00000| Untracked 
| 270|0x0000000721c00000, 0x0000000721e00000, 0x0000000721e00000|100%|HS|  |TAMS 0x0000000721e00000, 0x0000000721c00000| Complete 
| 271|0x0000000721e00000, 0x0000000722000000, 0x0000000722000000|100%|HC|  |TAMS 0x0000000722000000, 0x0000000721e00000| Complete 
| 272|0x0000000722000000, 0x0000000722200000, 0x0000000722200000|100%| O|  |TAMS 0x0000000722000000, 0x0000000722000000| Untracked 
| 273|0x0000000722200000, 0x0000000722400000, 0x0000000722400000|100%|HS|  |TAMS 0x0000000722200000, 0x0000000722200000| Complete 
| 274|0x0000000722400000, 0x0000000722600000, 0x0000000722600000|100%|HS|  |TAMS 0x0000000722400000, 0x0000000722400000| Complete 
| 275|0x0000000722600000, 0x0000000722800000, 0x0000000722800000|100%|HS|  |TAMS 0x0000000722600000, 0x0000000722600000| Complete 
| 276|0x0000000722800000, 0x0000000722a00000, 0x0000000722a00000|100%|HS|  |TAMS 0x0000000722800000, 0x0000000722800000| Complete 
| 277|0x0000000722a00000, 0x0000000722c00000, 0x0000000722c00000|100%|HS|  |TAMS 0x0000000722a00000, 0x0000000722a00000| Complete 
| 278|0x0000000722c00000, 0x0000000722e00000, 0x0000000722e00000|100%|HC|  |TAMS 0x0000000722c00000, 0x0000000722c00000| Complete 
| 279|0x0000000722e00000, 0x0000000723000000, 0x0000000723000000|100%| O|  |TAMS 0x0000000722e00000, 0x0000000722e00000| Untracked 
| 280|0x0000000723000000, 0x0000000723200000, 0x0000000723200000|100%|HS|  |TAMS 0x0000000723000000, 0x0000000723000000| Complete 
| 281|0x0000000723200000, 0x0000000723400000, 0x0000000723400000|100%| O|  |TAMS 0x0000000723200000, 0x0000000723200000| Untracked 
| 282|0x0000000723400000, 0x0000000723600000, 0x0000000723600000|100%|HS|  |TAMS 0x0000000723400000, 0x0000000723400000| Complete 
| 283|0x0000000723600000, 0x0000000723800000, 0x0000000723800000|100%|HC|  |TAMS 0x0000000723600000, 0x0000000723600000| Complete 
| 284|0x0000000723800000, 0x0000000723a00000, 0x0000000723a00000|100%|HS|  |TAMS 0x0000000723800000, 0x0000000723800000| Complete 
| 285|0x0000000723a00000, 0x0000000723c00000, 0x0000000723c00000|100%|HS|  |TAMS 0x0000000723a00000, 0x0000000723a00000| Complete 
| 286|0x0000000723c00000, 0x0000000723e00000, 0x0000000723e00000|100%| O|  |TAMS 0x0000000723c00000, 0x0000000723c00000| Untracked 
| 287|0x0000000723e00000, 0x0000000724000000, 0x0000000724000000|100%|HS|  |TAMS 0x0000000723e00000, 0x0000000723e00000| Complete 
| 288|0x0000000724000000, 0x0000000724200000, 0x0000000724200000|100%| O|  |TAMS 0x0000000724000000, 0x0000000724000000| Untracked 
| 289|0x0000000724200000, 0x0000000724400000, 0x0000000724400000|100%| O|  |TAMS 0x0000000724200000, 0x0000000724200000| Untracked 
| 290|0x0000000724400000, 0x0000000724600000, 0x0000000724600000|100%| O|  |TAMS 0x0000000724400000, 0x0000000724400000| Untracked 
| 291|0x0000000724600000, 0x0000000724800000, 0x0000000724800000|100%| O|  |TAMS 0x0000000724600000, 0x0000000724600000| Untracked 
| 292|0x0000000724800000, 0x0000000724a00000, 0x0000000724a00000|100%| O|  |TAMS 0x0000000724800000, 0x0000000724800000| Untracked 
| 293|0x0000000724a00000, 0x0000000724c00000, 0x0000000724c00000|100%|HS|  |TAMS 0x0000000724a00000, 0x0000000724a00000| Complete 
| 294|0x0000000724c00000, 0x0000000724e00000, 0x0000000724e00000|100%|HC|  |TAMS 0x0000000724c00000, 0x0000000724c00000| Complete 
| 295|0x0000000724e00000, 0x0000000725000000, 0x0000000725000000|100%| O|  |TAMS 0x0000000724e00000, 0x0000000724e00000| Untracked 
| 296|0x0000000725000000, 0x0000000725200000, 0x0000000725200000|100%| O|  |TAMS 0x0000000725000000, 0x0000000725000000| Untracked 
| 297|0x0000000725200000, 0x0000000725400000, 0x0000000725400000|100%| O|  |TAMS 0x0000000725200000, 0x0000000725200000| Untracked 
| 298|0x0000000725400000, 0x0000000725600000, 0x0000000725600000|100%| O|  |TAMS 0x0000000725400000, 0x0000000725400000| Untracked 
| 299|0x0000000725600000, 0x0000000725800000, 0x0000000725800000|100%| O|  |TAMS 0x0000000725600000, 0x0000000725600000| Untracked 
| 300|0x0000000725800000, 0x0000000725a00000, 0x0000000725a00000|100%| O|  |TAMS 0x0000000725800000, 0x0000000725800000| Untracked 
| 301|0x0000000725a00000, 0x0000000725c00000, 0x0000000725c00000|100%| O|  |TAMS 0x0000000725a00000, 0x0000000725a00000| Untracked 
| 302|0x0000000725c00000, 0x0000000725e00000, 0x0000000725e00000|100%| O|  |TAMS 0x0000000725c00000, 0x0000000725c00000| Untracked 
| 303|0x0000000725e00000, 0x0000000726000000, 0x0000000726000000|100%| O|  |TAMS 0x0000000725e00000, 0x0000000725e00000| Untracked 
| 304|0x0000000726000000, 0x0000000726200000, 0x0000000726200000|100%| O|  |TAMS 0x0000000726000000, 0x0000000726000000| Untracked 
| 305|0x0000000726200000, 0x0000000726400000, 0x0000000726400000|100%| O|  |TAMS 0x0000000726200000, 0x0000000726200000| Untracked 
| 306|0x0000000726400000, 0x0000000726600000, 0x0000000726600000|100%| O|  |TAMS 0x0000000726400000, 0x0000000726400000| Untracked 
| 307|0x0000000726600000, 0x0000000726800000, 0x0000000726800000|100%| O|  |TAMS 0x0000000726600000, 0x0000000726600000| Untracked 
| 308|0x0000000726800000, 0x0000000726a00000, 0x0000000726a00000|100%| O|  |TAMS 0x0000000726800000, 0x0000000726800000| Untracked 
| 309|0x0000000726a00000, 0x0000000726c00000, 0x0000000726c00000|100%| O|  |TAMS 0x0000000726a00000, 0x0000000726a00000| Untracked 
| 310|0x0000000726c00000, 0x0000000726e00000, 0x0000000726e00000|100%| O|  |TAMS 0x0000000726c00000, 0x0000000726c00000| Untracked 
| 311|0x0000000726e00000, 0x0000000727000000, 0x0000000727000000|100%| O|  |TAMS 0x0000000726e00000, 0x0000000726e00000| Untracked 
| 312|0x0000000727000000, 0x0000000727200000, 0x0000000727200000|100%| O|  |TAMS 0x0000000727000000, 0x0000000727000000| Untracked 
| 313|0x0000000727200000, 0x0000000727400000, 0x0000000727400000|100%| O|  |TAMS 0x0000000727200000, 0x0000000727200000| Untracked 
| 314|0x0000000727400000, 0x0000000727600000, 0x0000000727600000|100%| O|  |TAMS 0x0000000727400000, 0x0000000727400000| Untracked 
| 315|0x0000000727600000, 0x0000000727800000, 0x0000000727800000|100%| O|  |TAMS 0x0000000727600000, 0x0000000727600000| Untracked 
| 316|0x0000000727800000, 0x0000000727a00000, 0x0000000727a00000|100%| O|  |TAMS 0x0000000727800000, 0x0000000727800000| Untracked 
| 317|0x0000000727a00000, 0x0000000727c00000, 0x0000000727c00000|100%| O|  |TAMS 0x0000000727a00000, 0x0000000727a00000| Untracked 
| 318|0x0000000727c00000, 0x0000000727e00000, 0x0000000727e00000|100%| O|  |TAMS 0x0000000727c00000, 0x0000000727c00000| Untracked 
| 319|0x0000000727e00000, 0x0000000728000000, 0x0000000728000000|100%| O|  |TAMS 0x0000000727e00000, 0x0000000727e00000| Untracked 
| 320|0x0000000728000000, 0x0000000728200000, 0x0000000728200000|100%| O|  |TAMS 0x0000000728000000, 0x0000000728000000| Untracked 
| 321|0x0000000728200000, 0x0000000728400000, 0x0000000728400000|100%|HS|  |TAMS 0x0000000728200000, 0x0000000728200000| Complete 
| 322|0x0000000728400000, 0x0000000728600000, 0x0000000728600000|100%|HC|  |TAMS 0x0000000728400000, 0x0000000728400000| Complete 
| 323|0x0000000728600000, 0x0000000728800000, 0x0000000728800000|100%| O|  |TAMS 0x0000000728600000, 0x0000000728600000| Untracked 
| 324|0x0000000728800000, 0x0000000728a00000, 0x0000000728a00000|100%|HS|  |TAMS 0x0000000728800000, 0x0000000728800000| Complete 
| 325|0x0000000728a00000, 0x0000000728c00000, 0x0000000728c00000|100%| O|  |TAMS 0x0000000728a00000, 0x0000000728a00000| Untracked 
| 326|0x0000000728c00000, 0x0000000728e00000, 0x0000000728e00000|100%| O|  |TAMS 0x0000000728c00000, 0x0000000728c00000| Untracked 
| 327|0x0000000728e00000, 0x0000000729000000, 0x0000000729000000|100%|HS|  |TAMS 0x0000000728e00000, 0x0000000728e00000| Complete 
| 328|0x0000000729000000, 0x0000000729200000, 0x0000000729200000|100%|HS|  |TAMS 0x0000000729000000, 0x0000000729000000| Complete 
| 329|0x0000000729200000, 0x0000000729400000, 0x0000000729400000|100%| O|  |TAMS 0x0000000729200000, 0x0000000729200000| Untracked 
| 330|0x0000000729400000, 0x0000000729600000, 0x0000000729600000|100%|HS|  |TAMS 0x0000000729400000, 0x0000000729400000| Complete 
| 331|0x0000000729600000, 0x0000000729800000, 0x0000000729800000|100%|HS|  |TAMS 0x0000000729600000, 0x0000000729600000| Complete 
| 332|0x0000000729800000, 0x0000000729a00000, 0x0000000729a00000|100%|HS|  |TAMS 0x0000000729800000, 0x0000000729800000| Complete 
| 333|0x0000000729a00000, 0x0000000729c00000, 0x0000000729c00000|100%|HC|  |TAMS 0x0000000729a00000, 0x0000000729a00000| Complete 
| 334|0x0000000729c00000, 0x0000000729e00000, 0x0000000729e00000|100%| O|  |TAMS 0x0000000729c00000, 0x0000000729c00000| Untracked 
| 335|0x0000000729e00000, 0x000000072a000000, 0x000000072a000000|100%| O|  |TAMS 0x0000000729e00000, 0x0000000729e00000| Untracked 
| 336|0x000000072a000000, 0x000000072a200000, 0x000000072a200000|100%| O|  |TAMS 0x000000072a000000, 0x000000072a000000| Untracked 
| 337|0x000000072a200000, 0x000000072a400000, 0x000000072a400000|100%| O|  |TAMS 0x000000072a200000, 0x000000072a200000| Untracked 
| 338|0x000000072a400000, 0x000000072a600000, 0x000000072a600000|100%| O|  |TAMS 0x000000072a400000, 0x000000072a400000| Untracked 
| 339|0x000000072a600000, 0x000000072a800000, 0x000000072a800000|100%| O|  |TAMS 0x000000072a600000, 0x000000072a600000| Untracked 
| 340|0x000000072a800000, 0x000000072aa00000, 0x000000072aa00000|100%| O|  |TAMS 0x000000072a800000, 0x000000072a800000| Untracked 
| 341|0x000000072aa00000, 0x000000072ac00000, 0x000000072ac00000|100%| O|  |TAMS 0x000000072aa00000, 0x000000072aa00000| Untracked 
| 342|0x000000072ac00000, 0x000000072ae00000, 0x000000072ae00000|100%| O|  |TAMS 0x000000072ac00000, 0x000000072ac00000| Untracked 
| 343|0x000000072ae00000, 0x000000072b000000, 0x000000072b000000|100%| O|  |TAMS 0x000000072ae00000, 0x000000072ae00000| Untracked 
| 344|0x000000072b000000, 0x000000072b200000, 0x000000072b200000|100%| O|  |TAMS 0x000000072b000000, 0x000000072b000000| Untracked 
| 345|0x000000072b200000, 0x000000072b400000, 0x000000072b400000|100%| O|  |TAMS 0x000000072b200000, 0x000000072b200000| Untracked 
| 346|0x000000072b400000, 0x000000072b600000, 0x000000072b600000|100%| O|  |TAMS 0x000000072b400000, 0x000000072b400000| Untracked 
| 347|0x000000072b600000, 0x000000072b800000, 0x000000072b800000|100%| O|  |TAMS 0x000000072b600000, 0x000000072b600000| Untracked 
| 348|0x000000072b800000, 0x000000072ba00000, 0x000000072ba00000|100%| O|  |TAMS 0x000000072b800000, 0x000000072b800000| Untracked 
| 349|0x000000072ba00000, 0x000000072bc00000, 0x000000072bc00000|100%| O|  |TAMS 0x000000072ba00000, 0x000000072ba00000| Untracked 
| 350|0x000000072bc00000, 0x000000072be00000, 0x000000072be00000|100%| O|  |TAMS 0x000000072bc00000, 0x000000072bc00000| Untracked 
| 351|0x000000072be00000, 0x000000072c000000, 0x000000072c000000|100%| O|  |TAMS 0x000000072be00000, 0x000000072be00000| Untracked 
| 352|0x000000072c000000, 0x000000072c200000, 0x000000072c200000|100%| O|  |TAMS 0x000000072c000000, 0x000000072c000000| Untracked 
| 353|0x000000072c200000, 0x000000072c400000, 0x000000072c400000|100%| O|  |TAMS 0x000000072c200000, 0x000000072c200000| Untracked 
| 354|0x000000072c400000, 0x000000072c600000, 0x000000072c600000|100%| O|  |TAMS 0x000000072c400000, 0x000000072c400000| Untracked 
| 355|0x000000072c600000, 0x000000072c800000, 0x000000072c800000|100%| O|  |TAMS 0x000000072c600000, 0x000000072c600000| Untracked 
| 356|0x000000072c800000, 0x000000072ca00000, 0x000000072ca00000|100%| O|  |TAMS 0x000000072c800000, 0x000000072c800000| Untracked 
| 357|0x000000072ca00000, 0x000000072cc00000, 0x000000072cc00000|100%| O|  |TAMS 0x000000072ca00000, 0x000000072ca00000| Untracked 
| 358|0x000000072cc00000, 0x000000072ce00000, 0x000000072ce00000|100%| O|  |TAMS 0x000000072cc00000, 0x000000072cc00000| Untracked 
| 359|0x000000072ce00000, 0x000000072d000000, 0x000000072d000000|100%| O|  |TAMS 0x000000072ce00000, 0x000000072ce00000| Untracked 
| 360|0x000000072d000000, 0x000000072d200000, 0x000000072d200000|100%| O|  |TAMS 0x000000072d000000, 0x000000072d000000| Untracked 
| 361|0x000000072d200000, 0x000000072d400000, 0x000000072d400000|100%| O|  |TAMS 0x000000072d200000, 0x000000072d200000| Untracked 
| 362|0x000000072d400000, 0x000000072d600000, 0x000000072d600000|100%| O|  |TAMS 0x000000072d400000, 0x000000072d400000| Untracked 
| 363|0x000000072d600000, 0x000000072d800000, 0x000000072d800000|100%| O|  |TAMS 0x000000072d600000, 0x000000072d600000| Untracked 
| 364|0x000000072d800000, 0x000000072da00000, 0x000000072da00000|100%| O|  |TAMS 0x000000072d800000, 0x000000072d800000| Untracked 
| 365|0x000000072da00000, 0x000000072dc00000, 0x000000072dc00000|100%| O|  |TAMS 0x000000072da00000, 0x000000072da00000| Untracked 
| 366|0x000000072dc00000, 0x000000072de00000, 0x000000072de00000|100%| O|  |TAMS 0x000000072dc00000, 0x000000072dc00000| Untracked 
| 367|0x000000072de00000, 0x000000072e000000, 0x000000072e000000|100%| O|  |TAMS 0x000000072de00000, 0x000000072de00000| Untracked 
| 368|0x000000072e000000, 0x000000072e200000, 0x000000072e200000|100%| O|  |TAMS 0x000000072e000000, 0x000000072e000000| Untracked 
| 369|0x000000072e200000, 0x000000072e400000, 0x000000072e400000|100%| O|  |TAMS 0x000000072e200000, 0x000000072e200000| Untracked 
| 370|0x000000072e400000, 0x000000072e600000, 0x000000072e600000|100%| O|  |TAMS 0x000000072e400000, 0x000000072e400000| Untracked 
| 371|0x000000072e600000, 0x000000072e800000, 0x000000072e800000|100%| O|  |TAMS 0x000000072e600000, 0x000000072e600000| Untracked 
| 372|0x000000072e800000, 0x000000072ea00000, 0x000000072ea00000|100%| O|  |TAMS 0x000000072e800000, 0x000000072e800000| Untracked 
| 373|0x000000072ea00000, 0x000000072ec00000, 0x000000072ec00000|100%| O|  |TAMS 0x000000072ea00000, 0x000000072ea00000| Untracked 
| 374|0x000000072ec00000, 0x000000072ee00000, 0x000000072ee00000|100%| O|  |TAMS 0x000000072ec00000, 0x000000072ec00000| Untracked 
| 375|0x000000072ee00000, 0x000000072f000000, 0x000000072f000000|100%| O|  |TAMS 0x000000072ee00000, 0x000000072ee00000| Untracked 
| 376|0x000000072f000000, 0x000000072f200000, 0x000000072f200000|100%| O|  |TAMS 0x000000072f000000, 0x000000072f000000| Untracked 
| 377|0x000000072f200000, 0x000000072f400000, 0x000000072f400000|100%| O|  |TAMS 0x000000072f200000, 0x000000072f200000| Untracked 
| 378|0x000000072f400000, 0x000000072f600000, 0x000000072f600000|100%| O|  |TAMS 0x000000072f400000, 0x000000072f400000| Untracked 
| 379|0x000000072f600000, 0x000000072f800000, 0x000000072f800000|100%| O|  |TAMS 0x000000072f600000, 0x000000072f600000| Untracked 
| 380|0x000000072f800000, 0x000000072fa00000, 0x000000072fa00000|100%| O|  |TAMS 0x000000072f800000, 0x000000072f800000| Untracked 
| 381|0x000000072fa00000, 0x000000072fc00000, 0x000000072fc00000|100%| O|  |TAMS 0x000000072fa00000, 0x000000072fa00000| Untracked 
| 382|0x000000072fc00000, 0x000000072fe00000, 0x000000072fe00000|100%| O|  |TAMS 0x000000072fc00000, 0x000000072fc00000| Untracked 
| 383|0x000000072fe00000, 0x0000000730000000, 0x0000000730000000|100%| O|  |TAMS 0x000000072fe00000, 0x000000072fe00000| Untracked 
| 384|0x0000000730000000, 0x0000000730200000, 0x0000000730200000|100%|HS|  |TAMS 0x0000000730000000, 0x0000000730000000| Complete 
| 385|0x0000000730200000, 0x0000000730400000, 0x0000000730400000|100%|HS|  |TAMS 0x0000000730200000, 0x0000000730200000| Complete 
| 386|0x0000000730400000, 0x0000000730600000, 0x0000000730600000|100%|HS|  |TAMS 0x0000000730400000, 0x0000000730400000| Complete 
| 387|0x0000000730600000, 0x0000000730800000, 0x0000000730800000|100%| O|  |TAMS 0x0000000730600000, 0x0000000730600000| Untracked 
| 388|0x0000000730800000, 0x0000000730a00000, 0x0000000730a00000|100%| O|  |TAMS 0x0000000730800000, 0x0000000730800000| Untracked 
| 389|0x0000000730a00000, 0x0000000730c00000, 0x0000000730c00000|100%| O|  |TAMS 0x0000000730a00000, 0x0000000730a00000| Untracked 
| 390|0x0000000730c00000, 0x0000000730e00000, 0x0000000730e00000|100%| O|  |TAMS 0x0000000730c00000, 0x0000000730c00000| Untracked 
| 391|0x0000000730e00000, 0x0000000731000000, 0x0000000731000000|100%| O|  |TAMS 0x0000000730e00000, 0x0000000730e00000| Untracked 
| 392|0x0000000731000000, 0x0000000731200000, 0x0000000731200000|100%| O|  |TAMS 0x0000000731000000, 0x0000000731000000| Untracked 
| 393|0x0000000731200000, 0x0000000731400000, 0x0000000731400000|100%| O|  |TAMS 0x0000000731200000, 0x0000000731200000| Untracked 
| 394|0x0000000731400000, 0x0000000731600000, 0x0000000731600000|100%| O|  |TAMS 0x0000000731400000, 0x0000000731400000| Untracked 
| 395|0x0000000731600000, 0x0000000731800000, 0x0000000731800000|100%| O|  |TAMS 0x0000000731600000, 0x0000000731600000| Untracked 
| 396|0x0000000731800000, 0x0000000731a00000, 0x0000000731a00000|100%| O|  |TAMS 0x0000000731800000, 0x0000000731800000| Untracked 
| 397|0x0000000731a00000, 0x0000000731c00000, 0x0000000731c00000|100%| O|  |TAMS 0x0000000731a00000, 0x0000000731a00000| Untracked 
| 398|0x0000000731c00000, 0x0000000731e00000, 0x0000000731e00000|100%| O|  |TAMS 0x0000000731c00000, 0x0000000731c00000| Untracked 
| 399|0x0000000731e00000, 0x0000000732000000, 0x0000000732000000|100%| O|  |TAMS 0x0000000731e00000, 0x0000000731e00000| Untracked 
| 400|0x0000000732000000, 0x0000000732200000, 0x0000000732200000|100%| O|  |TAMS 0x0000000732000000, 0x0000000732000000| Untracked 
| 401|0x0000000732200000, 0x0000000732400000, 0x0000000732400000|100%| O|  |TAMS 0x0000000732200000, 0x0000000732200000| Untracked 
| 402|0x0000000732400000, 0x0000000732600000, 0x0000000732600000|100%| O|  |TAMS 0x0000000732400000, 0x0000000732400000| Untracked 
| 403|0x0000000732600000, 0x0000000732800000, 0x0000000732800000|100%| O|  |TAMS 0x0000000732600000, 0x0000000732600000| Untracked 
| 404|0x0000000732800000, 0x0000000732a00000, 0x0000000732a00000|100%| O|  |TAMS 0x0000000732800000, 0x0000000732800000| Untracked 
| 405|0x0000000732a00000, 0x0000000732c00000, 0x0000000732c00000|100%| O|  |TAMS 0x0000000732a00000, 0x0000000732a00000| Untracked 
| 406|0x0000000732c00000, 0x0000000732e00000, 0x0000000732e00000|100%| O|  |TAMS 0x0000000732c00000, 0x0000000732c00000| Untracked 
| 407|0x0000000732e00000, 0x0000000733000000, 0x0000000733000000|100%| O|  |TAMS 0x0000000732e00000, 0x0000000732e00000| Untracked 
| 408|0x0000000733000000, 0x0000000733200000, 0x0000000733200000|100%| O|  |TAMS 0x0000000733000000, 0x0000000733000000| Untracked 
| 409|0x0000000733200000, 0x0000000733400000, 0x0000000733400000|100%| O|  |TAMS 0x0000000733200000, 0x0000000733200000| Untracked 
| 410|0x0000000733400000, 0x0000000733600000, 0x0000000733600000|100%| O|  |TAMS 0x0000000733400000, 0x0000000733400000| Untracked 
| 411|0x0000000733600000, 0x0000000733800000, 0x0000000733800000|100%| O|  |TAMS 0x0000000733600000, 0x0000000733600000| Untracked 
| 412|0x0000000733800000, 0x0000000733a00000, 0x0000000733a00000|100%| O|  |TAMS 0x0000000733800000, 0x0000000733800000| Untracked 
| 413|0x0000000733a00000, 0x0000000733c00000, 0x0000000733c00000|100%| O|  |TAMS 0x0000000733a00000, 0x0000000733a00000| Untracked 
| 414|0x0000000733c00000, 0x0000000733e00000, 0x0000000733e00000|100%| O|  |TAMS 0x0000000733c00000, 0x0000000733c00000| Untracked 
| 415|0x0000000733e00000, 0x0000000734000000, 0x0000000734000000|100%| O|  |TAMS 0x0000000733e00000, 0x0000000733e00000| Untracked 
| 416|0x0000000734000000, 0x0000000734200000, 0x0000000734200000|100%| O|  |TAMS 0x0000000734000000, 0x0000000734000000| Untracked 
| 417|0x0000000734200000, 0x0000000734400000, 0x0000000734400000|100%| O|  |TAMS 0x0000000734200000, 0x0000000734200000| Untracked 
| 418|0x0000000734400000, 0x0000000734600000, 0x0000000734600000|100%| O|  |TAMS 0x0000000734400000, 0x0000000734400000| Untracked 
| 419|0x0000000734600000, 0x0000000734800000, 0x0000000734800000|100%| O|  |TAMS 0x0000000734600000, 0x0000000734600000| Untracked 
| 420|0x0000000734800000, 0x00000007349eaa00, 0x0000000734a00000| 95%| O|  |TAMS 0x0000000734800000, 0x0000000734800000| Untracked 
| 421|0x0000000734a00000, 0x0000000734c00000, 0x0000000734c00000|100%|HS|  |TAMS 0x0000000734a00000, 0x0000000734a00000| Complete 
| 422|0x0000000734c00000, 0x0000000734e00000, 0x0000000734e00000|100%|HS|  |TAMS 0x0000000734c00000, 0x0000000734c00000| Complete 
| 423|0x0000000734e00000, 0x0000000735000000, 0x0000000735000000|100%|HS|  |TAMS 0x0000000734e00000, 0x0000000734e00000| Complete 
| 424|0x0000000735000000, 0x0000000735200000, 0x0000000735200000|100%|HS|  |TAMS 0x0000000735000000, 0x0000000735000000| Complete 
| 425|0x0000000735200000, 0x0000000735400000, 0x0000000735400000|100%|HC|  |TAMS 0x0000000735200000, 0x0000000735200000| Complete 
| 426|0x0000000735400000, 0x0000000735600000, 0x0000000735600000|100%|HC|  |TAMS 0x0000000735400000, 0x0000000735400000| Complete 
| 427|0x0000000735600000, 0x0000000735800000, 0x0000000735800000|100%|HS|  |TAMS 0x0000000735600000, 0x0000000735600000| Complete 
| 428|0x0000000735800000, 0x0000000735a00000, 0x0000000735a00000|100%|HC|  |TAMS 0x0000000735800000, 0x0000000735800000| Complete 
| 429|0x0000000735a00000, 0x0000000735c00000, 0x0000000735c00000|100%|HC|  |TAMS 0x0000000735a00000, 0x0000000735a00000| Complete 
| 430|0x0000000735c00000, 0x0000000735e00000, 0x0000000735e00000|100%|HC|  |TAMS 0x0000000735c00000, 0x0000000735c00000| Complete 
| 431|0x0000000735e00000, 0x0000000736000000, 0x0000000736000000|100%|HC|  |TAMS 0x0000000735e00000, 0x0000000735e00000| Complete 
| 432|0x0000000736000000, 0x0000000736200000, 0x0000000736200000|100%|HS|  |TAMS 0x0000000736000000, 0x0000000736000000| Complete 
| 433|0x0000000736200000, 0x0000000736400000, 0x0000000736400000|100%|HC|  |TAMS 0x0000000736200000, 0x0000000736200000| Complete 
| 434|0x0000000736400000, 0x0000000736600000, 0x0000000736600000|100%|HC|  |TAMS 0x0000000736400000, 0x0000000736400000| Complete 
| 435|0x0000000736600000, 0x0000000736800000, 0x0000000736800000|100%|HC|  |TAMS 0x0000000736600000, 0x0000000736600000| Complete 
| 436|0x0000000736800000, 0x0000000736a00000, 0x0000000736a00000|100%|HC|  |TAMS 0x0000000736800000, 0x0000000736800000| Complete 
| 437|0x0000000736a00000, 0x0000000736c00000, 0x0000000736c00000|100%|HC|  |TAMS 0x0000000736a00000, 0x0000000736a00000| Complete 
| 438|0x0000000736c00000, 0x0000000736e00000, 0x0000000736e00000|100%|HS|  |TAMS 0x0000000736c00000, 0x0000000736c00000| Complete 
| 439|0x0000000736e00000, 0x0000000737000000, 0x0000000737000000|100%|HC|  |TAMS 0x0000000736e00000, 0x0000000736e00000| Complete 
| 440|0x0000000737000000, 0x0000000737200000, 0x0000000737200000|100%|HC|  |TAMS 0x0000000737000000, 0x0000000737000000| Complete 
| 441|0x0000000737200000, 0x0000000737400000, 0x0000000737400000|100%|HC|  |TAMS 0x0000000737200000, 0x0000000737200000| Complete 
| 442|0x0000000737400000, 0x0000000737600000, 0x0000000737600000|100%|HC|  |TAMS 0x0000000737400000, 0x0000000737400000| Complete 
| 443|0x0000000737600000, 0x0000000737800000, 0x0000000737800000|100%|HC|  |TAMS 0x0000000737600000, 0x0000000737600000| Complete 
| 444|0x0000000737800000, 0x0000000737a00000, 0x0000000737a00000|100%|HC|  |TAMS 0x0000000737800000, 0x0000000737800000| Complete 
| 445|0x0000000737a00000, 0x0000000737c00000, 0x0000000737c00000|100%|HC|  |TAMS 0x0000000737a00000, 0x0000000737a00000| Complete 
| 446|0x0000000737c00000, 0x0000000737e00000, 0x0000000737e00000|100%|HC|  |TAMS 0x0000000737c00000, 0x0000000737c00000| Complete 
| 447|0x0000000737e00000, 0x0000000737e00000, 0x0000000738000000|  0%| F|  |TAMS 0x0000000737e00000, 0x0000000737e00000| Untracked 
| 448|0x0000000738000000, 0x0000000738000000, 0x0000000738200000|  0%| F|  |TAMS 0x0000000738000000, 0x0000000738000000| Untracked 
| 449|0x0000000738200000, 0x0000000738200000, 0x0000000738400000|  0%| F|  |TAMS 0x0000000738200000, 0x0000000738200000| Untracked 
| 450|0x0000000738400000, 0x0000000738400000, 0x0000000738600000|  0%| F|  |TAMS 0x0000000738400000, 0x0000000738400000| Untracked 
| 451|0x0000000738600000, 0x0000000738600000, 0x0000000738800000|  0%| F|  |TAMS 0x0000000738600000, 0x0000000738600000| Untracked 
| 452|0x0000000738800000, 0x0000000738800000, 0x0000000738a00000|  0%| F|  |TAMS 0x0000000738800000, 0x0000000738800000| Untracked 
| 453|0x0000000738a00000, 0x0000000738a00000, 0x0000000738c00000|  0%| F|  |TAMS 0x0000000738a00000, 0x0000000738a00000| Untracked 
| 454|0x0000000738c00000, 0x0000000738c00000, 0x0000000738e00000|  0%| F|  |TAMS 0x0000000738c00000, 0x0000000738c00000| Untracked 
| 455|0x0000000738e00000, 0x0000000738e00000, 0x0000000739000000|  0%| F|  |TAMS 0x0000000738e00000, 0x0000000738e00000| Untracked 
| 456|0x0000000739000000, 0x0000000739000000, 0x0000000739200000|  0%| F|  |TAMS 0x0000000739000000, 0x0000000739000000| Untracked 
| 457|0x0000000739200000, 0x0000000739200000, 0x0000000739400000|  0%| F|  |TAMS 0x0000000739200000, 0x0000000739200000| Untracked 
| 458|0x0000000739400000, 0x0000000739400000, 0x0000000739600000|  0%| F|  |TAMS 0x0000000739400000, 0x0000000739400000| Untracked 
| 459|0x0000000739600000, 0x0000000739600000, 0x0000000739800000|  0%| F|  |TAMS 0x0000000739600000, 0x0000000739600000| Untracked 
| 460|0x0000000739800000, 0x0000000739800000, 0x0000000739a00000|  0%| F|  |TAMS 0x0000000739800000, 0x0000000739800000| Untracked 
| 461|0x0000000739a00000, 0x0000000739a00000, 0x0000000739c00000|  0%| F|  |TAMS 0x0000000739a00000, 0x0000000739a00000| Untracked 
| 462|0x0000000739c00000, 0x0000000739c00000, 0x0000000739e00000|  0%| F|  |TAMS 0x0000000739c00000, 0x0000000739c00000| Untracked 
| 463|0x0000000739e00000, 0x0000000739e00000, 0x000000073a000000|  0%| F|  |TAMS 0x0000000739e00000, 0x0000000739e00000| Untracked 
| 464|0x000000073a000000, 0x000000073a000000, 0x000000073a200000|  0%| F|  |TAMS 0x000000073a000000, 0x000000073a000000| Untracked 
| 465|0x000000073a200000, 0x000000073a200000, 0x000000073a400000|  0%| F|  |TAMS 0x000000073a200000, 0x000000073a200000| Untracked 
| 466|0x000000073a400000, 0x000000073a400000, 0x000000073a600000|  0%| F|  |TAMS 0x000000073a400000, 0x000000073a400000| Untracked 
| 467|0x000000073a600000, 0x000000073a600000, 0x000000073a800000|  0%| F|  |TAMS 0x000000073a600000, 0x000000073a600000| Untracked 
| 468|0x000000073a800000, 0x000000073a800000, 0x000000073aa00000|  0%| F|  |TAMS 0x000000073a800000, 0x000000073a800000| Untracked 
| 469|0x000000073aa00000, 0x000000073aa00000, 0x000000073ac00000|  0%| F|  |TAMS 0x000000073aa00000, 0x000000073aa00000| Untracked 
| 470|0x000000073ac00000, 0x000000073ac00000, 0x000000073ae00000|  0%| F|  |TAMS 0x000000073ac00000, 0x000000073ac00000| Untracked 
| 471|0x000000073ae00000, 0x000000073ae00000, 0x000000073b000000|  0%| F|  |TAMS 0x000000073ae00000, 0x000000073ae00000| Untracked 
| 472|0x000000073b000000, 0x000000073b000000, 0x000000073b200000|  0%| F|  |TAMS 0x000000073b000000, 0x000000073b000000| Untracked 
| 473|0x000000073b200000, 0x000000073b200000, 0x000000073b400000|  0%| F|  |TAMS 0x000000073b200000, 0x000000073b200000| Untracked 
| 474|0x000000073b400000, 0x000000073b400000, 0x000000073b600000|  0%| F|  |TAMS 0x000000073b400000, 0x000000073b400000| Untracked 
| 475|0x000000073b600000, 0x000000073b600000, 0x000000073b800000|  0%| F|  |TAMS 0x000000073b600000, 0x000000073b600000| Untracked 
| 476|0x000000073b800000, 0x000000073b800000, 0x000000073ba00000|  0%| F|  |TAMS 0x000000073b800000, 0x000000073b800000| Untracked 
| 477|0x000000073ba00000, 0x000000073ba00000, 0x000000073bc00000|  0%| F|  |TAMS 0x000000073ba00000, 0x000000073ba00000| Untracked 
| 478|0x000000073bc00000, 0x000000073bc00000, 0x000000073be00000|  0%| F|  |TAMS 0x000000073bc00000, 0x000000073bc00000| Untracked 
| 479|0x000000073be00000, 0x000000073be00000, 0x000000073c000000|  0%| F|  |TAMS 0x000000073be00000, 0x000000073be00000| Untracked 
| 480|0x000000073c000000, 0x000000073c000000, 0x000000073c200000|  0%| F|  |TAMS 0x000000073c000000, 0x000000073c000000| Untracked 
| 481|0x000000073c200000, 0x000000073c200000, 0x000000073c400000|  0%| F|  |TAMS 0x000000073c200000, 0x000000073c200000| Untracked 
| 482|0x000000073c400000, 0x000000073c400000, 0x000000073c600000|  0%| F|  |TAMS 0x000000073c400000, 0x000000073c400000| Untracked 
| 483|0x000000073c600000, 0x000000073c600000, 0x000000073c800000|  0%| F|  |TAMS 0x000000073c600000, 0x000000073c600000| Untracked 
| 484|0x000000073c800000, 0x000000073c800000, 0x000000073ca00000|  0%| F|  |TAMS 0x000000073c800000, 0x000000073c800000| Untracked 
| 485|0x000000073ca00000, 0x000000073ca00000, 0x000000073cc00000|  0%| F|  |TAMS 0x000000073ca00000, 0x000000073ca00000| Untracked 
| 486|0x000000073cc00000, 0x000000073cc00000, 0x000000073ce00000|  0%| F|  |TAMS 0x000000073cc00000, 0x000000073cc00000| Untracked 
| 487|0x000000073ce00000, 0x000000073ce00000, 0x000000073d000000|  0%| F|  |TAMS 0x000000073ce00000, 0x000000073ce00000| Untracked 
| 488|0x000000073d000000, 0x000000073d000000, 0x000000073d200000|  0%| F|  |TAMS 0x000000073d000000, 0x000000073d000000| Untracked 
| 489|0x000000073d200000, 0x000000073d200000, 0x000000073d400000|  0%| F|  |TAMS 0x000000073d200000, 0x000000073d200000| Untracked 
| 490|0x000000073d400000, 0x000000073d400000, 0x000000073d600000|  0%| F|  |TAMS 0x000000073d400000, 0x000000073d400000| Untracked 
| 491|0x000000073d600000, 0x000000073d600000, 0x000000073d800000|  0%| F|  |TAMS 0x000000073d600000, 0x000000073d600000| Untracked 
| 492|0x000000073d800000, 0x000000073d800000, 0x000000073da00000|  0%| F|  |TAMS 0x000000073d800000, 0x000000073d800000| Untracked 
| 493|0x000000073da00000, 0x000000073da00000, 0x000000073dc00000|  0%| F|  |TAMS 0x000000073da00000, 0x000000073da00000| Untracked 
| 494|0x000000073dc00000, 0x000000073dc00000, 0x000000073de00000|  0%| F|  |TAMS 0x000000073dc00000, 0x000000073dc00000| Untracked 
| 495|0x000000073de00000, 0x000000073de00000, 0x000000073e000000|  0%| F|  |TAMS 0x000000073de00000, 0x000000073de00000| Untracked 
| 496|0x000000073e000000, 0x000000073e000000, 0x000000073e200000|  0%| F|  |TAMS 0x000000073e000000, 0x000000073e000000| Untracked 
| 497|0x000000073e200000, 0x000000073e200000, 0x000000073e400000|  0%| F|  |TAMS 0x000000073e200000, 0x000000073e200000| Untracked 
| 498|0x000000073e400000, 0x000000073e400000, 0x000000073e600000|  0%| F|  |TAMS 0x000000073e400000, 0x000000073e400000| Untracked 
| 499|0x000000073e600000, 0x000000073e600000, 0x000000073e800000|  0%| F|  |TAMS 0x000000073e600000, 0x000000073e600000| Untracked 
| 500|0x000000073e800000, 0x000000073e800000, 0x000000073ea00000|  0%| F|  |TAMS 0x000000073e800000, 0x000000073e800000| Untracked 
| 501|0x000000073ea00000, 0x000000073ea00000, 0x000000073ec00000|  0%| F|  |TAMS 0x000000073ea00000, 0x000000073ea00000| Untracked 
| 502|0x000000073ec00000, 0x000000073ec00000, 0x000000073ee00000|  0%| F|  |TAMS 0x000000073ec00000, 0x000000073ec00000| Untracked 
| 503|0x000000073ee00000, 0x000000073ee00000, 0x000000073f000000|  0%| F|  |TAMS 0x000000073ee00000, 0x000000073ee00000| Untracked 
| 504|0x000000073f000000, 0x000000073f000000, 0x000000073f200000|  0%| F|  |TAMS 0x000000073f000000, 0x000000073f000000| Untracked 
| 505|0x000000073f200000, 0x000000073f200000, 0x000000073f400000|  0%| F|  |TAMS 0x000000073f200000, 0x000000073f200000| Untracked 
| 506|0x000000073f400000, 0x000000073f400000, 0x000000073f600000|  0%| F|  |TAMS 0x000000073f400000, 0x000000073f400000| Untracked 
| 507|0x000000073f600000, 0x000000073f600000, 0x000000073f800000|  0%| F|  |TAMS 0x000000073f600000, 0x000000073f600000| Untracked 
| 508|0x000000073f800000, 0x000000073f800000, 0x000000073fa00000|  0%| F|  |TAMS 0x000000073f800000, 0x000000073f800000| Untracked 
| 509|0x000000073fa00000, 0x000000073fa00000, 0x000000073fc00000|  0%| F|  |TAMS 0x000000073fa00000, 0x000000073fa00000| Untracked 
| 510|0x000000073fc00000, 0x000000073fc00000, 0x000000073fe00000|  0%| F|  |TAMS 0x000000073fc00000, 0x000000073fc00000| Untracked 
| 511|0x000000073fe00000, 0x000000073fe00000, 0x0000000740000000|  0%| F|  |TAMS 0x000000073fe00000, 0x000000073fe00000| Untracked 
| 512|0x0000000740000000, 0x0000000740000000, 0x0000000740200000|  0%| F|  |TAMS 0x0000000740000000, 0x0000000740000000| Untracked 
| 513|0x0000000740200000, 0x0000000740200000, 0x0000000740400000|  0%| F|  |TAMS 0x0000000740200000, 0x0000000740200000| Untracked 
| 514|0x0000000740400000, 0x0000000740400000, 0x0000000740600000|  0%| F|  |TAMS 0x0000000740400000, 0x0000000740400000| Untracked 
| 515|0x0000000740600000, 0x0000000740600000, 0x0000000740800000|  0%| F|  |TAMS 0x0000000740600000, 0x0000000740600000| Untracked 
| 516|0x0000000740800000, 0x0000000740800000, 0x0000000740a00000|  0%| F|  |TAMS 0x0000000740800000, 0x0000000740800000| Untracked 
| 517|0x0000000740a00000, 0x0000000740a00000, 0x0000000740c00000|  0%| F|  |TAMS 0x0000000740a00000, 0x0000000740a00000| Untracked 
| 518|0x0000000740c00000, 0x0000000740c00000, 0x0000000740e00000|  0%| F|  |TAMS 0x0000000740c00000, 0x0000000740c00000| Untracked 
| 519|0x0000000740e00000, 0x0000000740e00000, 0x0000000741000000|  0%| F|  |TAMS 0x0000000740e00000, 0x0000000740e00000| Untracked 
| 520|0x0000000741000000, 0x0000000741000000, 0x0000000741200000|  0%| F|  |TAMS 0x0000000741000000, 0x0000000741000000| Untracked 
| 521|0x0000000741200000, 0x0000000741200000, 0x0000000741400000|  0%| F|  |TAMS 0x0000000741200000, 0x0000000741200000| Untracked 
| 522|0x0000000741400000, 0x0000000741400000, 0x0000000741600000|  0%| F|  |TAMS 0x0000000741400000, 0x0000000741400000| Untracked 
| 523|0x0000000741600000, 0x0000000741600000, 0x0000000741800000|  0%| F|  |TAMS 0x0000000741600000, 0x0000000741600000| Untracked 
| 524|0x0000000741800000, 0x0000000741800000, 0x0000000741a00000|  0%| F|  |TAMS 0x0000000741800000, 0x0000000741800000| Untracked 
| 525|0x0000000741a00000, 0x0000000741a00000, 0x0000000741c00000|  0%| F|  |TAMS 0x0000000741a00000, 0x0000000741a00000| Untracked 
| 526|0x0000000741c00000, 0x0000000741c00000, 0x0000000741e00000|  0%| F|  |TAMS 0x0000000741c00000, 0x0000000741c00000| Untracked 
| 527|0x0000000741e00000, 0x0000000741e00000, 0x0000000742000000|  0%| F|  |TAMS 0x0000000741e00000, 0x0000000741e00000| Untracked 
| 528|0x0000000742000000, 0x0000000742000000, 0x0000000742200000|  0%| F|  |TAMS 0x0000000742000000, 0x0000000742000000| Untracked 
| 529|0x0000000742200000, 0x0000000742200000, 0x0000000742400000|  0%| F|  |TAMS 0x0000000742200000, 0x0000000742200000| Untracked 
| 530|0x0000000742400000, 0x0000000742400000, 0x0000000742600000|  0%| F|  |TAMS 0x0000000742400000, 0x0000000742400000| Untracked 
| 531|0x0000000742600000, 0x0000000742600000, 0x0000000742800000|  0%| F|  |TAMS 0x0000000742600000, 0x0000000742600000| Untracked 
| 532|0x0000000742800000, 0x0000000742800000, 0x0000000742a00000|  0%| F|  |TAMS 0x0000000742800000, 0x0000000742800000| Untracked 
| 533|0x0000000742a00000, 0x0000000742a00000, 0x0000000742c00000|  0%| F|  |TAMS 0x0000000742a00000, 0x0000000742a00000| Untracked 
| 534|0x0000000742c00000, 0x0000000742c00000, 0x0000000742e00000|  0%| F|  |TAMS 0x0000000742c00000, 0x0000000742c00000| Untracked 
| 535|0x0000000742e00000, 0x0000000742e00000, 0x0000000743000000|  0%| F|  |TAMS 0x0000000742e00000, 0x0000000742e00000| Untracked 
| 536|0x0000000743000000, 0x0000000743000000, 0x0000000743200000|  0%| F|  |TAMS 0x0000000743000000, 0x0000000743000000| Untracked 
| 537|0x0000000743200000, 0x0000000743200000, 0x0000000743400000|  0%| F|  |TAMS 0x0000000743200000, 0x0000000743200000| Untracked 
| 538|0x0000000743400000, 0x0000000743400000, 0x0000000743600000|  0%| F|  |TAMS 0x0000000743400000, 0x0000000743400000| Untracked 
| 539|0x0000000743600000, 0x0000000743600000, 0x0000000743800000|  0%| F|  |TAMS 0x0000000743600000, 0x0000000743600000| Untracked 
| 540|0x0000000743800000, 0x0000000743800000, 0x0000000743a00000|  0%| F|  |TAMS 0x0000000743800000, 0x0000000743800000| Untracked 
| 541|0x0000000743a00000, 0x0000000743a00000, 0x0000000743c00000|  0%| F|  |TAMS 0x0000000743a00000, 0x0000000743a00000| Untracked 
| 542|0x0000000743c00000, 0x0000000743c00000, 0x0000000743e00000|  0%| F|  |TAMS 0x0000000743c00000, 0x0000000743c00000| Untracked 
| 543|0x0000000743e00000, 0x0000000743e00000, 0x0000000744000000|  0%| F|  |TAMS 0x0000000743e00000, 0x0000000743e00000| Untracked 
| 544|0x0000000744000000, 0x0000000744000000, 0x0000000744200000|  0%| F|  |TAMS 0x0000000744000000, 0x0000000744000000| Untracked 
| 545|0x0000000744200000, 0x0000000744200000, 0x0000000744400000|  0%| F|  |TAMS 0x0000000744200000, 0x0000000744200000| Untracked 
| 546|0x0000000744400000, 0x0000000744400000, 0x0000000744600000|  0%| F|  |TAMS 0x0000000744400000, 0x0000000744400000| Untracked 
| 547|0x0000000744600000, 0x0000000744600000, 0x0000000744800000|  0%| F|  |TAMS 0x0000000744600000, 0x0000000744600000| Untracked 
| 548|0x0000000744800000, 0x0000000744800000, 0x0000000744a00000|  0%| F|  |TAMS 0x0000000744800000, 0x0000000744800000| Untracked 
| 549|0x0000000744a00000, 0x0000000744a00000, 0x0000000744c00000|  0%| F|  |TAMS 0x0000000744a00000, 0x0000000744a00000| Untracked 
| 550|0x0000000744c00000, 0x0000000744c00000, 0x0000000744e00000|  0%| F|  |TAMS 0x0000000744c00000, 0x0000000744c00000| Untracked 
| 551|0x0000000744e00000, 0x0000000744e00000, 0x0000000745000000|  0%| F|  |TAMS 0x0000000744e00000, 0x0000000744e00000| Untracked 
| 552|0x0000000745000000, 0x0000000745000000, 0x0000000745200000|  0%| F|  |TAMS 0x0000000745000000, 0x0000000745000000| Untracked 
| 553|0x0000000745200000, 0x0000000745200000, 0x0000000745400000|  0%| F|  |TAMS 0x0000000745200000, 0x0000000745200000| Untracked 
| 554|0x0000000745400000, 0x0000000745400000, 0x0000000745600000|  0%| F|  |TAMS 0x0000000745400000, 0x0000000745400000| Untracked 
| 555|0x0000000745600000, 0x0000000745600000, 0x0000000745800000|  0%| F|  |TAMS 0x0000000745600000, 0x0000000745600000| Untracked 
| 556|0x0000000745800000, 0x0000000745800000, 0x0000000745a00000|  0%| F|  |TAMS 0x0000000745800000, 0x0000000745800000| Untracked 
| 557|0x0000000745a00000, 0x0000000745a00000, 0x0000000745c00000|  0%| F|  |TAMS 0x0000000745a00000, 0x0000000745a00000| Untracked 
| 558|0x0000000745c00000, 0x0000000745c00000, 0x0000000745e00000|  0%| F|  |TAMS 0x0000000745c00000, 0x0000000745c00000| Untracked 
| 559|0x0000000745e00000, 0x0000000745e00000, 0x0000000746000000|  0%| F|  |TAMS 0x0000000745e00000, 0x0000000745e00000| Untracked 
| 560|0x0000000746000000, 0x0000000746000000, 0x0000000746200000|  0%| F|  |TAMS 0x0000000746000000, 0x0000000746000000| Untracked 
| 561|0x0000000746200000, 0x0000000746200000, 0x0000000746400000|  0%| F|  |TAMS 0x0000000746200000, 0x0000000746200000| Untracked 
| 562|0x0000000746400000, 0x0000000746400000, 0x0000000746600000|  0%| F|  |TAMS 0x0000000746400000, 0x0000000746400000| Untracked 
| 563|0x0000000746600000, 0x0000000746600000, 0x0000000746800000|  0%| F|  |TAMS 0x0000000746600000, 0x0000000746600000| Untracked 
| 564|0x0000000746800000, 0x0000000746800000, 0x0000000746a00000|  0%| F|  |TAMS 0x0000000746800000, 0x0000000746800000| Untracked 
| 565|0x0000000746a00000, 0x0000000746a00000, 0x0000000746c00000|  0%| F|  |TAMS 0x0000000746a00000, 0x0000000746a00000| Untracked 
| 566|0x0000000746c00000, 0x0000000746c00000, 0x0000000746e00000|  0%| F|  |TAMS 0x0000000746c00000, 0x0000000746c00000| Untracked 
| 567|0x0000000746e00000, 0x0000000746e00000, 0x0000000747000000|  0%| F|  |TAMS 0x0000000746e00000, 0x0000000746e00000| Untracked 
| 568|0x0000000747000000, 0x0000000747000000, 0x0000000747200000|  0%| F|  |TAMS 0x0000000747000000, 0x0000000747000000| Untracked 
| 569|0x0000000747200000, 0x0000000747200000, 0x0000000747400000|  0%| F|  |TAMS 0x0000000747200000, 0x0000000747200000| Untracked 
| 570|0x0000000747400000, 0x0000000747400000, 0x0000000747600000|  0%| F|  |TAMS 0x0000000747400000, 0x0000000747400000| Untracked 
| 571|0x0000000747600000, 0x0000000747600000, 0x0000000747800000|  0%| F|  |TAMS 0x0000000747600000, 0x0000000747600000| Untracked 
| 572|0x0000000747800000, 0x0000000747800000, 0x0000000747a00000|  0%| F|  |TAMS 0x0000000747800000, 0x0000000747800000| Untracked 
| 573|0x0000000747a00000, 0x0000000747abf0b0, 0x0000000747c00000| 37%| S|CS|TAMS 0x0000000747a00000, 0x0000000747a00000| Complete 
| 574|0x0000000747c00000, 0x0000000747e00000, 0x0000000747e00000|100%| S|CS|TAMS 0x0000000747c00000, 0x0000000747c00000| Complete 
| 575|0x0000000747e00000, 0x0000000748000000, 0x0000000748000000|100%| S|CS|TAMS 0x0000000747e00000, 0x0000000747e00000| Complete 
| 576|0x0000000748000000, 0x0000000748200000, 0x0000000748200000|100%| S|CS|TAMS 0x0000000748000000, 0x0000000748000000| Complete 
| 577|0x0000000748200000, 0x0000000748400000, 0x0000000748400000|100%| S|CS|TAMS 0x0000000748200000, 0x0000000748200000| Complete 
| 578|0x0000000748400000, 0x0000000748600000, 0x0000000748600000|100%| S|CS|TAMS 0x0000000748400000, 0x0000000748400000| Complete 
| 579|0x0000000748600000, 0x0000000748800000, 0x0000000748800000|100%| S|CS|TAMS 0x0000000748600000, 0x0000000748600000| Complete 
| 580|0x0000000748800000, 0x0000000748a00000, 0x0000000748a00000|100%| S|CS|TAMS 0x0000000748800000, 0x0000000748800000| Complete 
| 581|0x0000000748a00000, 0x0000000748c00000, 0x0000000748c00000|100%| S|CS|TAMS 0x0000000748a00000, 0x0000000748a00000| Complete 
| 582|0x0000000748c00000, 0x0000000748e00000, 0x0000000748e00000|100%| S|CS|TAMS 0x0000000748c00000, 0x0000000748c00000| Complete 
| 583|0x0000000748e00000, 0x0000000749000000, 0x0000000749000000|100%| S|CS|TAMS 0x0000000748e00000, 0x0000000748e00000| Complete 
| 584|0x0000000749000000, 0x0000000749200000, 0x0000000749200000|100%| S|CS|TAMS 0x0000000749000000, 0x0000000749000000| Complete 
| 585|0x0000000749200000, 0x0000000749400000, 0x0000000749400000|100%| S|CS|TAMS 0x0000000749200000, 0x0000000749200000| Complete 
| 586|0x0000000749400000, 0x0000000749600000, 0x0000000749600000|100%| S|CS|TAMS 0x0000000749400000, 0x0000000749400000| Complete 
| 587|0x0000000749600000, 0x0000000749800000, 0x0000000749800000|100%| S|CS|TAMS 0x0000000749600000, 0x0000000749600000| Complete 
| 588|0x0000000749800000, 0x0000000749800000, 0x0000000749a00000|  0%| F|  |TAMS 0x0000000749800000, 0x0000000749800000| Untracked 
| 589|0x0000000749a00000, 0x0000000749a00000, 0x0000000749c00000|  0%| F|  |TAMS 0x0000000749a00000, 0x0000000749a00000| Untracked 
| 590|0x0000000749c00000, 0x0000000749c00000, 0x0000000749e00000|  0%| F|  |TAMS 0x0000000749c00000, 0x0000000749c00000| Untracked 
| 591|0x0000000749e00000, 0x0000000749e00000, 0x000000074a000000|  0%| F|  |TAMS 0x0000000749e00000, 0x0000000749e00000| Untracked 
| 592|0x000000074a000000, 0x000000074a000000, 0x000000074a200000|  0%| F|  |TAMS 0x000000074a000000, 0x000000074a000000| Untracked 
| 593|0x000000074a200000, 0x000000074a200000, 0x000000074a400000|  0%| F|  |TAMS 0x000000074a200000, 0x000000074a200000| Untracked 
| 594|0x000000074a400000, 0x000000074a400000, 0x000000074a600000|  0%| F|  |TAMS 0x000000074a400000, 0x000000074a400000| Untracked 
| 595|0x000000074a600000, 0x000000074a600000, 0x000000074a800000|  0%| F|  |TAMS 0x000000074a600000, 0x000000074a600000| Untracked 
| 596|0x000000074a800000, 0x000000074a800000, 0x000000074aa00000|  0%| F|  |TAMS 0x000000074a800000, 0x000000074a800000| Untracked 
| 597|0x000000074aa00000, 0x000000074aa00000, 0x000000074ac00000|  0%| F|  |TAMS 0x000000074aa00000, 0x000000074aa00000| Untracked 
| 598|0x000000074ac00000, 0x000000074ac00000, 0x000000074ae00000|  0%| F|  |TAMS 0x000000074ac00000, 0x000000074ac00000| Untracked 
| 599|0x000000074ae00000, 0x000000074ae00000, 0x000000074b000000|  0%| F|  |TAMS 0x000000074ae00000, 0x000000074ae00000| Untracked 
| 600|0x000000074b000000, 0x000000074b000000, 0x000000074b200000|  0%| F|  |TAMS 0x000000074b000000, 0x000000074b000000| Untracked 
| 601|0x000000074b200000, 0x000000074b200000, 0x000000074b400000|  0%| F|  |TAMS 0x000000074b200000, 0x000000074b200000| Untracked 
| 602|0x000000074b400000, 0x000000074b400000, 0x000000074b600000|  0%| F|  |TAMS 0x000000074b400000, 0x000000074b400000| Untracked 
| 603|0x000000074b600000, 0x000000074b600000, 0x000000074b800000|  0%| F|  |TAMS 0x000000074b600000, 0x000000074b600000| Untracked 
| 604|0x000000074b800000, 0x000000074b900000, 0x000000074ba00000| 50%| E|  |TAMS 0x000000074b800000, 0x000000074b800000| Complete 
| 605|0x000000074ba00000, 0x000000074bc00000, 0x000000074bc00000|100%| E|CS|TAMS 0x000000074ba00000, 0x000000074ba00000| Complete 
| 606|0x000000074bc00000, 0x000000074be00000, 0x000000074be00000|100%| E|CS|TAMS 0x000000074bc00000, 0x000000074bc00000| Complete 
| 607|0x000000074be00000, 0x000000074c000000, 0x000000074c000000|100%| E|CS|TAMS 0x000000074be00000, 0x000000074be00000| Complete 
| 608|0x000000074c000000, 0x000000074c200000, 0x000000074c200000|100%| E|CS|TAMS 0x000000074c000000, 0x000000074c000000| Complete 
| 609|0x000000074c200000, 0x000000074c400000, 0x000000074c400000|100%| E|CS|TAMS 0x000000074c200000, 0x000000074c200000| Complete 
| 610|0x000000074c400000, 0x000000074c600000, 0x000000074c600000|100%| E|CS|TAMS 0x000000074c400000, 0x000000074c400000| Complete 
| 611|0x000000074c600000, 0x000000074c800000, 0x000000074c800000|100%| E|CS|TAMS 0x000000074c600000, 0x000000074c600000| Complete 
| 612|0x000000074c800000, 0x000000074ca00000, 0x000000074ca00000|100%| E|CS|TAMS 0x000000074c800000, 0x000000074c800000| Complete 
| 613|0x000000074ca00000, 0x000000074cc00000, 0x000000074cc00000|100%| E|CS|TAMS 0x000000074ca00000, 0x000000074ca00000| Complete 
| 614|0x000000074cc00000, 0x000000074ce00000, 0x000000074ce00000|100%| E|CS|TAMS 0x000000074cc00000, 0x000000074cc00000| Complete 
| 615|0x000000074ce00000, 0x000000074d000000, 0x000000074d000000|100%| E|CS|TAMS 0x000000074ce00000, 0x000000074ce00000| Complete 
| 616|0x000000074d000000, 0x000000074d200000, 0x000000074d200000|100%| E|CS|TAMS 0x000000074d000000, 0x000000074d000000| Complete 
| 617|0x000000074d200000, 0x000000074d400000, 0x000000074d400000|100%| E|CS|TAMS 0x000000074d200000, 0x000000074d200000| Complete 
| 618|0x000000074d400000, 0x000000074d600000, 0x000000074d600000|100%| E|CS|TAMS 0x000000074d400000, 0x000000074d400000| Complete 
| 619|0x000000074d600000, 0x000000074d800000, 0x000000074d800000|100%| E|CS|TAMS 0x000000074d600000, 0x000000074d600000| Complete 
| 620|0x000000074d800000, 0x000000074da00000, 0x000000074da00000|100%| E|CS|TAMS 0x000000074d800000, 0x000000074d800000| Complete 
| 621|0x000000074da00000, 0x000000074dc00000, 0x000000074dc00000|100%| E|CS|TAMS 0x000000074da00000, 0x000000074da00000| Complete 
| 622|0x000000074dc00000, 0x000000074de00000, 0x000000074de00000|100%| E|CS|TAMS 0x000000074dc00000, 0x000000074dc00000| Complete 
| 623|0x000000074de00000, 0x000000074e000000, 0x000000074e000000|100%| E|CS|TAMS 0x000000074de00000, 0x000000074de00000| Complete 
| 624|0x000000074e000000, 0x000000074e200000, 0x000000074e200000|100%| E|CS|TAMS 0x000000074e000000, 0x000000074e000000| Complete 
| 625|0x000000074e200000, 0x000000074e400000, 0x000000074e400000|100%| E|CS|TAMS 0x000000074e200000, 0x000000074e200000| Complete 
| 626|0x000000074e400000, 0x000000074e600000, 0x000000074e600000|100%| E|CS|TAMS 0x000000074e400000, 0x000000074e400000| Complete 
| 627|0x000000074e600000, 0x000000074e800000, 0x000000074e800000|100%| E|CS|TAMS 0x000000074e600000, 0x000000074e600000| Complete 
| 628|0x000000074e800000, 0x000000074ea00000, 0x000000074ea00000|100%| E|CS|TAMS 0x000000074e800000, 0x000000074e800000| Complete 
| 629|0x000000074ea00000, 0x000000074ec00000, 0x000000074ec00000|100%| E|CS|TAMS 0x000000074ea00000, 0x000000074ea00000| Complete 
| 630|0x000000074ec00000, 0x000000074ee00000, 0x000000074ee00000|100%| E|CS|TAMS 0x000000074ec00000, 0x000000074ec00000| Complete 
| 631|0x000000074ee00000, 0x000000074f000000, 0x000000074f000000|100%| E|CS|TAMS 0x000000074ee00000, 0x000000074ee00000| Complete 
| 632|0x000000074f000000, 0x000000074f200000, 0x000000074f200000|100%| E|CS|TAMS 0x000000074f000000, 0x000000074f000000| Complete 
| 633|0x000000074f200000, 0x000000074f400000, 0x000000074f400000|100%| E|CS|TAMS 0x000000074f200000, 0x000000074f200000| Complete 
| 634|0x000000074f400000, 0x000000074f600000, 0x000000074f600000|100%| E|CS|TAMS 0x000000074f400000, 0x000000074f400000| Complete 
| 635|0x000000074f600000, 0x000000074f800000, 0x000000074f800000|100%| E|CS|TAMS 0x000000074f600000, 0x000000074f600000| Complete 
| 636|0x000000074f800000, 0x000000074fa00000, 0x000000074fa00000|100%| E|CS|TAMS 0x000000074f800000, 0x000000074f800000| Complete 
| 637|0x000000074fa00000, 0x000000074fc00000, 0x000000074fc00000|100%| E|CS|TAMS 0x000000074fa00000, 0x000000074fa00000| Complete 
| 638|0x000000074fc00000, 0x000000074fe00000, 0x000000074fe00000|100%| E|CS|TAMS 0x000000074fc00000, 0x000000074fc00000| Complete 
| 639|0x000000074fe00000, 0x0000000750000000, 0x0000000750000000|100%| E|CS|TAMS 0x000000074fe00000, 0x000000074fe00000| Complete 
| 640|0x0000000750000000, 0x0000000750200000, 0x0000000750200000|100%| E|CS|TAMS 0x0000000750000000, 0x0000000750000000| Complete 
| 641|0x0000000750200000, 0x0000000750400000, 0x0000000750400000|100%| E|CS|TAMS 0x0000000750200000, 0x0000000750200000| Complete 
| 642|0x0000000750400000, 0x0000000750600000, 0x0000000750600000|100%| E|CS|TAMS 0x0000000750400000, 0x0000000750400000| Complete 
| 643|0x0000000750600000, 0x0000000750800000, 0x0000000750800000|100%| E|CS|TAMS 0x0000000750600000, 0x0000000750600000| Complete 
| 644|0x0000000750800000, 0x0000000750a00000, 0x0000000750a00000|100%| E|CS|TAMS 0x0000000750800000, 0x0000000750800000| Complete 
| 645|0x0000000750a00000, 0x0000000750c00000, 0x0000000750c00000|100%| E|CS|TAMS 0x0000000750a00000, 0x0000000750a00000| Complete 
| 646|0x0000000750c00000, 0x0000000750e00000, 0x0000000750e00000|100%| E|CS|TAMS 0x0000000750c00000, 0x0000000750c00000| Complete 
| 647|0x0000000750e00000, 0x0000000751000000, 0x0000000751000000|100%| E|CS|TAMS 0x0000000750e00000, 0x0000000750e00000| Complete 
| 648|0x0000000751000000, 0x0000000751200000, 0x0000000751200000|100%| E|CS|TAMS 0x0000000751000000, 0x0000000751000000| Complete 
| 649|0x0000000751200000, 0x0000000751400000, 0x0000000751400000|100%| E|CS|TAMS 0x0000000751200000, 0x0000000751200000| Complete 
| 650|0x0000000751400000, 0x0000000751600000, 0x0000000751600000|100%| E|CS|TAMS 0x0000000751400000, 0x0000000751400000| Complete 
| 651|0x0000000751600000, 0x0000000751800000, 0x0000000751800000|100%| E|CS|TAMS 0x0000000751600000, 0x0000000751600000| Complete 
| 652|0x0000000751800000, 0x0000000751a00000, 0x0000000751a00000|100%| E|  |TAMS 0x0000000751800000, 0x0000000751800000| Complete 
| 653|0x0000000751a00000, 0x0000000751c00000, 0x0000000751c00000|100%| E|CS|TAMS 0x0000000751a00000, 0x0000000751a00000| Complete 
| 654|0x0000000751c00000, 0x0000000751e00000, 0x0000000751e00000|100%| E|CS|TAMS 0x0000000751c00000, 0x0000000751c00000| Complete 
| 655|0x0000000751e00000, 0x0000000752000000, 0x0000000752000000|100%| E|CS|TAMS 0x0000000751e00000, 0x0000000751e00000| Complete 
| 656|0x0000000752000000, 0x0000000752200000, 0x0000000752200000|100%| E|CS|TAMS 0x0000000752000000, 0x0000000752000000| Complete 
| 657|0x0000000752200000, 0x0000000752400000, 0x0000000752400000|100%| E|CS|TAMS 0x0000000752200000, 0x0000000752200000| Complete 
| 658|0x0000000752400000, 0x0000000752600000, 0x0000000752600000|100%| E|CS|TAMS 0x0000000752400000, 0x0000000752400000| Complete 
| 659|0x0000000752600000, 0x0000000752800000, 0x0000000752800000|100%| E|CS|TAMS 0x0000000752600000, 0x0000000752600000| Complete 
| 660|0x0000000752800000, 0x0000000752a00000, 0x0000000752a00000|100%| E|CS|TAMS 0x0000000752800000, 0x0000000752800000| Complete 
| 661|0x0000000752a00000, 0x0000000752c00000, 0x0000000752c00000|100%| E|CS|TAMS 0x0000000752a00000, 0x0000000752a00000| Complete 
| 662|0x0000000752c00000, 0x0000000752e00000, 0x0000000752e00000|100%| E|CS|TAMS 0x0000000752c00000, 0x0000000752c00000| Complete 
| 663|0x0000000752e00000, 0x0000000753000000, 0x0000000753000000|100%| E|CS|TAMS 0x0000000752e00000, 0x0000000752e00000| Complete 
| 664|0x0000000753000000, 0x0000000753200000, 0x0000000753200000|100%| E|CS|TAMS 0x0000000753000000, 0x0000000753000000| Complete 
| 665|0x0000000753200000, 0x0000000753400000, 0x0000000753400000|100%| E|CS|TAMS 0x0000000753200000, 0x0000000753200000| Complete 
| 666|0x0000000753400000, 0x0000000753600000, 0x0000000753600000|100%| E|CS|TAMS 0x0000000753400000, 0x0000000753400000| Complete 
| 667|0x0000000753600000, 0x0000000753800000, 0x0000000753800000|100%| E|CS|TAMS 0x0000000753600000, 0x0000000753600000| Complete 
| 668|0x0000000753800000, 0x0000000753a00000, 0x0000000753a00000|100%| E|CS|TAMS 0x0000000753800000, 0x0000000753800000| Complete 
| 669|0x0000000753a00000, 0x0000000753c00000, 0x0000000753c00000|100%| E|CS|TAMS 0x0000000753a00000, 0x0000000753a00000| Complete 
| 670|0x0000000753c00000, 0x0000000753e00000, 0x0000000753e00000|100%| E|CS|TAMS 0x0000000753c00000, 0x0000000753c00000| Complete 
| 671|0x0000000753e00000, 0x0000000754000000, 0x0000000754000000|100%| E|CS|TAMS 0x0000000753e00000, 0x0000000753e00000| Complete 
| 672|0x0000000754000000, 0x0000000754200000, 0x0000000754200000|100%| E|CS|TAMS 0x0000000754000000, 0x0000000754000000| Complete 
| 673|0x0000000754200000, 0x0000000754400000, 0x0000000754400000|100%| E|CS|TAMS 0x0000000754200000, 0x0000000754200000| Complete 
| 674|0x0000000754400000, 0x0000000754600000, 0x0000000754600000|100%| E|CS|TAMS 0x0000000754400000, 0x0000000754400000| Complete 
| 675|0x0000000754600000, 0x0000000754800000, 0x0000000754800000|100%| E|CS|TAMS 0x0000000754600000, 0x0000000754600000| Complete 
| 676|0x0000000754800000, 0x0000000754a00000, 0x0000000754a00000|100%| E|CS|TAMS 0x0000000754800000, 0x0000000754800000| Complete 
| 677|0x0000000754a00000, 0x0000000754c00000, 0x0000000754c00000|100%| E|CS|TAMS 0x0000000754a00000, 0x0000000754a00000| Complete 
| 678|0x0000000754c00000, 0x0000000754e00000, 0x0000000754e00000|100%| E|CS|TAMS 0x0000000754c00000, 0x0000000754c00000| Complete 
| 679|0x0000000754e00000, 0x0000000755000000, 0x0000000755000000|100%| E|CS|TAMS 0x0000000754e00000, 0x0000000754e00000| Complete 
| 680|0x0000000755000000, 0x0000000755200000, 0x0000000755200000|100%| E|CS|TAMS 0x0000000755000000, 0x0000000755000000| Complete 
| 681|0x0000000755200000, 0x0000000755400000, 0x0000000755400000|100%| E|CS|TAMS 0x0000000755200000, 0x0000000755200000| Complete 
| 682|0x0000000755400000, 0x0000000755600000, 0x0000000755600000|100%| E|CS|TAMS 0x0000000755400000, 0x0000000755400000| Complete 
| 683|0x0000000755600000, 0x0000000755800000, 0x0000000755800000|100%| E|CS|TAMS 0x0000000755600000, 0x0000000755600000| Complete 
| 684|0x0000000755800000, 0x0000000755a00000, 0x0000000755a00000|100%| E|CS|TAMS 0x0000000755800000, 0x0000000755800000| Complete 
| 685|0x0000000755a00000, 0x0000000755c00000, 0x0000000755c00000|100%| E|CS|TAMS 0x0000000755a00000, 0x0000000755a00000| Complete 
| 686|0x0000000755c00000, 0x0000000755e00000, 0x0000000755e00000|100%| E|CS|TAMS 0x0000000755c00000, 0x0000000755c00000| Complete 
| 687|0x0000000755e00000, 0x0000000756000000, 0x0000000756000000|100%| E|CS|TAMS 0x0000000755e00000, 0x0000000755e00000| Complete 
| 688|0x0000000756000000, 0x0000000756200000, 0x0000000756200000|100%| E|CS|TAMS 0x0000000756000000, 0x0000000756000000| Complete 
| 689|0x0000000756200000, 0x0000000756400000, 0x0000000756400000|100%| E|CS|TAMS 0x0000000756200000, 0x0000000756200000| Complete 
| 690|0x0000000756400000, 0x0000000756600000, 0x0000000756600000|100%| E|CS|TAMS 0x0000000756400000, 0x0000000756400000| Complete 
| 691|0x0000000756600000, 0x0000000756800000, 0x0000000756800000|100%| E|CS|TAMS 0x0000000756600000, 0x0000000756600000| Complete 
| 692|0x0000000756800000, 0x0000000756a00000, 0x0000000756a00000|100%| E|CS|TAMS 0x0000000756800000, 0x0000000756800000| Complete 
| 693|0x0000000756a00000, 0x0000000756c00000, 0x0000000756c00000|100%| E|CS|TAMS 0x0000000756a00000, 0x0000000756a00000| Complete 
| 694|0x0000000756c00000, 0x0000000756e00000, 0x0000000756e00000|100%| E|CS|TAMS 0x0000000756c00000, 0x0000000756c00000| Complete 
| 695|0x0000000756e00000, 0x0000000757000000, 0x0000000757000000|100%| E|CS|TAMS 0x0000000756e00000, 0x0000000756e00000| Complete 
| 696|0x0000000757000000, 0x0000000757200000, 0x0000000757200000|100%| E|CS|TAMS 0x0000000757000000, 0x0000000757000000| Complete 
| 697|0x0000000757200000, 0x0000000757400000, 0x0000000757400000|100%| E|CS|TAMS 0x0000000757200000, 0x0000000757200000| Complete 
| 698|0x0000000757400000, 0x0000000757600000, 0x0000000757600000|100%| E|CS|TAMS 0x0000000757400000, 0x0000000757400000| Complete 
| 699|0x0000000757600000, 0x0000000757800000, 0x0000000757800000|100%| E|CS|TAMS 0x0000000757600000, 0x0000000757600000| Complete 
| 700|0x0000000757800000, 0x0000000757a00000, 0x0000000757a00000|100%| E|CS|TAMS 0x0000000757800000, 0x0000000757800000| Complete 
| 701|0x0000000757a00000, 0x0000000757c00000, 0x0000000757c00000|100%| E|CS|TAMS 0x0000000757a00000, 0x0000000757a00000| Complete 
| 702|0x0000000757c00000, 0x0000000757e00000, 0x0000000757e00000|100%| E|CS|TAMS 0x0000000757c00000, 0x0000000757c00000| Complete 
| 703|0x0000000757e00000, 0x0000000758000000, 0x0000000758000000|100%| E|CS|TAMS 0x0000000757e00000, 0x0000000757e00000| Complete 
| 704|0x0000000758000000, 0x0000000758200000, 0x0000000758200000|100%| E|CS|TAMS 0x0000000758000000, 0x0000000758000000| Complete 
| 705|0x0000000758200000, 0x0000000758400000, 0x0000000758400000|100%| E|CS|TAMS 0x0000000758200000, 0x0000000758200000| Complete 
| 706|0x0000000758400000, 0x0000000758600000, 0x0000000758600000|100%| E|CS|TAMS 0x0000000758400000, 0x0000000758400000| Complete 
| 707|0x0000000758600000, 0x0000000758800000, 0x0000000758800000|100%| E|CS|TAMS 0x0000000758600000, 0x0000000758600000| Complete 
| 708|0x0000000758800000, 0x0000000758a00000, 0x0000000758a00000|100%| E|CS|TAMS 0x0000000758800000, 0x0000000758800000| Complete 
| 709|0x0000000758a00000, 0x0000000758c00000, 0x0000000758c00000|100%| E|CS|TAMS 0x0000000758a00000, 0x0000000758a00000| Complete 
| 710|0x0000000758c00000, 0x0000000758e00000, 0x0000000758e00000|100%| E|CS|TAMS 0x0000000758c00000, 0x0000000758c00000| Complete 
| 711|0x0000000758e00000, 0x0000000759000000, 0x0000000759000000|100%| E|CS|TAMS 0x0000000758e00000, 0x0000000758e00000| Complete 
| 712|0x0000000759000000, 0x0000000759200000, 0x0000000759200000|100%| E|CS|TAMS 0x0000000759000000, 0x0000000759000000| Complete 
| 713|0x0000000759200000, 0x0000000759400000, 0x0000000759400000|100%| E|CS|TAMS 0x0000000759200000, 0x0000000759200000| Complete 
| 714|0x0000000759400000, 0x0000000759600000, 0x0000000759600000|100%| E|CS|TAMS 0x0000000759400000, 0x0000000759400000| Complete 
| 715|0x0000000759600000, 0x0000000759800000, 0x0000000759800000|100%| E|CS|TAMS 0x0000000759600000, 0x0000000759600000| Complete 
| 716|0x0000000759800000, 0x0000000759a00000, 0x0000000759a00000|100%| E|CS|TAMS 0x0000000759800000, 0x0000000759800000| Complete 
| 717|0x0000000759a00000, 0x0000000759c00000, 0x0000000759c00000|100%| E|CS|TAMS 0x0000000759a00000, 0x0000000759a00000| Complete 
| 718|0x0000000759c00000, 0x0000000759e00000, 0x0000000759e00000|100%| E|CS|TAMS 0x0000000759c00000, 0x0000000759c00000| Complete 
| 719|0x0000000759e00000, 0x000000075a000000, 0x000000075a000000|100%| E|CS|TAMS 0x0000000759e00000, 0x0000000759e00000| Complete 
| 720|0x000000075a000000, 0x000000075a200000, 0x000000075a200000|100%| E|CS|TAMS 0x000000075a000000, 0x000000075a000000| Complete 
| 721|0x000000075a200000, 0x000000075a400000, 0x000000075a400000|100%| E|CS|TAMS 0x000000075a200000, 0x000000075a200000| Complete 
| 722|0x000000075a400000, 0x000000075a600000, 0x000000075a600000|100%| E|CS|TAMS 0x000000075a400000, 0x000000075a400000| Complete 
| 723|0x000000075a600000, 0x000000075a800000, 0x000000075a800000|100%| E|CS|TAMS 0x000000075a600000, 0x000000075a600000| Complete 
| 724|0x000000075a800000, 0x000000075aa00000, 0x000000075aa00000|100%| E|CS|TAMS 0x000000075a800000, 0x000000075a800000| Complete 
| 725|0x000000075aa00000, 0x000000075ac00000, 0x000000075ac00000|100%| E|CS|TAMS 0x000000075aa00000, 0x000000075aa00000| Complete 
| 726|0x000000075ac00000, 0x000000075ae00000, 0x000000075ae00000|100%| E|CS|TAMS 0x000000075ac00000, 0x000000075ac00000| Complete 
| 727|0x000000075ae00000, 0x000000075b000000, 0x000000075b000000|100%| E|CS|TAMS 0x000000075ae00000, 0x000000075ae00000| Complete 
| 728|0x000000075b000000, 0x000000075b200000, 0x000000075b200000|100%| E|CS|TAMS 0x000000075b000000, 0x000000075b000000| Complete 
| 729|0x000000075b200000, 0x000000075b400000, 0x000000075b400000|100%| E|CS|TAMS 0x000000075b200000, 0x000000075b200000| Complete 
| 730|0x000000075b400000, 0x000000075b600000, 0x000000075b600000|100%| E|CS|TAMS 0x000000075b400000, 0x000000075b400000| Complete 
| 731|0x000000075b600000, 0x000000075b800000, 0x000000075b800000|100%| E|CS|TAMS 0x000000075b600000, 0x000000075b600000| Complete 
| 732|0x000000075b800000, 0x000000075ba00000, 0x000000075ba00000|100%| E|CS|TAMS 0x000000075b800000, 0x000000075b800000| Complete 
| 733|0x000000075ba00000, 0x000000075bc00000, 0x000000075bc00000|100%| E|CS|TAMS 0x000000075ba00000, 0x000000075ba00000| Complete 
| 734|0x000000075bc00000, 0x000000075be00000, 0x000000075be00000|100%| E|CS|TAMS 0x000000075bc00000, 0x000000075bc00000| Complete 
| 735|0x000000075be00000, 0x000000075c000000, 0x000000075c000000|100%| E|CS|TAMS 0x000000075be00000, 0x000000075be00000| Complete 
| 736|0x000000075c000000, 0x000000075c200000, 0x000000075c200000|100%| E|CS|TAMS 0x000000075c000000, 0x000000075c000000| Complete 
| 737|0x000000075c200000, 0x000000075c400000, 0x000000075c400000|100%| E|CS|TAMS 0x000000075c200000, 0x000000075c200000| Complete 
| 738|0x000000075c400000, 0x000000075c600000, 0x000000075c600000|100%| E|CS|TAMS 0x000000075c400000, 0x000000075c400000| Complete 
| 739|0x000000075c600000, 0x000000075c800000, 0x000000075c800000|100%| E|CS|TAMS 0x000000075c600000, 0x000000075c600000| Complete 
| 740|0x000000075c800000, 0x000000075ca00000, 0x000000075ca00000|100%| E|CS|TAMS 0x000000075c800000, 0x000000075c800000| Complete 
| 741|0x000000075ca00000, 0x000000075cc00000, 0x000000075cc00000|100%| E|CS|TAMS 0x000000075ca00000, 0x000000075ca00000| Complete 
| 742|0x000000075cc00000, 0x000000075ce00000, 0x000000075ce00000|100%| E|CS|TAMS 0x000000075cc00000, 0x000000075cc00000| Complete 
| 743|0x000000075ce00000, 0x000000075d000000, 0x000000075d000000|100%| E|CS|TAMS 0x000000075ce00000, 0x000000075ce00000| Complete 
| 744|0x000000075d000000, 0x000000075d200000, 0x000000075d200000|100%| E|CS|TAMS 0x000000075d000000, 0x000000075d000000| Complete 
| 745|0x000000075d200000, 0x000000075d400000, 0x000000075d400000|100%| E|CS|TAMS 0x000000075d200000, 0x000000075d200000| Complete 
| 746|0x000000075d400000, 0x000000075d600000, 0x000000075d600000|100%| E|CS|TAMS 0x000000075d400000, 0x000000075d400000| Complete 
| 747|0x000000075d600000, 0x000000075d800000, 0x000000075d800000|100%| E|CS|TAMS 0x000000075d600000, 0x000000075d600000| Complete 
| 748|0x000000075d800000, 0x000000075da00000, 0x000000075da00000|100%| E|CS|TAMS 0x000000075d800000, 0x000000075d800000| Complete 
| 749|0x000000075da00000, 0x000000075dc00000, 0x000000075dc00000|100%| E|CS|TAMS 0x000000075da00000, 0x000000075da00000| Complete 
| 750|0x000000075dc00000, 0x000000075de00000, 0x000000075de00000|100%| E|CS|TAMS 0x000000075dc00000, 0x000000075dc00000| Complete 
| 751|0x000000075de00000, 0x000000075e000000, 0x000000075e000000|100%| E|CS|TAMS 0x000000075de00000, 0x000000075de00000| Complete 
| 752|0x000000075e000000, 0x000000075e200000, 0x000000075e200000|100%| E|CS|TAMS 0x000000075e000000, 0x000000075e000000| Complete 
| 753|0x000000075e200000, 0x000000075e400000, 0x000000075e400000|100%| E|CS|TAMS 0x000000075e200000, 0x000000075e200000| Complete 
| 754|0x000000075e400000, 0x000000075e600000, 0x000000075e600000|100%| E|CS|TAMS 0x000000075e400000, 0x000000075e400000| Complete 
| 755|0x000000075e600000, 0x000000075e800000, 0x000000075e800000|100%| E|CS|TAMS 0x000000075e600000, 0x000000075e600000| Complete 
| 756|0x000000075e800000, 0x000000075ea00000, 0x000000075ea00000|100%| E|CS|TAMS 0x000000075e800000, 0x000000075e800000| Complete 
| 757|0x000000075ea00000, 0x000000075ec00000, 0x000000075ec00000|100%| E|CS|TAMS 0x000000075ea00000, 0x000000075ea00000| Complete 
| 758|0x000000075ec00000, 0x000000075ee00000, 0x000000075ee00000|100%| E|CS|TAMS 0x000000075ec00000, 0x000000075ec00000| Complete 
| 759|0x000000075ee00000, 0x000000075f000000, 0x000000075f000000|100%| E|CS|TAMS 0x000000075ee00000, 0x000000075ee00000| Complete 
| 760|0x000000075f000000, 0x000000075f200000, 0x000000075f200000|100%| E|CS|TAMS 0x000000075f000000, 0x000000075f000000| Complete 
| 761|0x000000075f200000, 0x000000075f400000, 0x000000075f400000|100%| E|CS|TAMS 0x000000075f200000, 0x000000075f200000| Complete 
| 762|0x000000075f400000, 0x000000075f600000, 0x000000075f600000|100%| E|CS|TAMS 0x000000075f400000, 0x000000075f400000| Complete 
| 763|0x000000075f600000, 0x000000075f800000, 0x000000075f800000|100%| E|CS|TAMS 0x000000075f600000, 0x000000075f600000| Complete 
| 764|0x000000075f800000, 0x000000075fa00000, 0x000000075fa00000|100%| E|CS|TAMS 0x000000075f800000, 0x000000075f800000| Complete 
| 765|0x000000075fa00000, 0x000000075fc00000, 0x000000075fc00000|100%| E|CS|TAMS 0x000000075fa00000, 0x000000075fa00000| Complete 
| 766|0x000000075fc00000, 0x000000075fe00000, 0x000000075fe00000|100%| E|CS|TAMS 0x000000075fc00000, 0x000000075fc00000| Complete 
| 767|0x000000075fe00000, 0x0000000760000000, 0x0000000760000000|100%| E|CS|TAMS 0x000000075fe00000, 0x000000075fe00000| Complete 
| 768|0x0000000760000000, 0x0000000760200000, 0x0000000760200000|100%| E|CS|TAMS 0x0000000760000000, 0x0000000760000000| Complete 
| 769|0x0000000760200000, 0x0000000760400000, 0x0000000760400000|100%| E|CS|TAMS 0x0000000760200000, 0x0000000760200000| Complete 
| 770|0x0000000760400000, 0x0000000760600000, 0x0000000760600000|100%| E|CS|TAMS 0x0000000760400000, 0x0000000760400000| Complete 
| 771|0x0000000760600000, 0x0000000760800000, 0x0000000760800000|100%| E|CS|TAMS 0x0000000760600000, 0x0000000760600000| Complete 
| 772|0x0000000760800000, 0x0000000760a00000, 0x0000000760a00000|100%| E|CS|TAMS 0x0000000760800000, 0x0000000760800000| Complete 
| 773|0x0000000760a00000, 0x0000000760c00000, 0x0000000760c00000|100%| E|CS|TAMS 0x0000000760a00000, 0x0000000760a00000| Complete 
| 774|0x0000000760c00000, 0x0000000760e00000, 0x0000000760e00000|100%| E|CS|TAMS 0x0000000760c00000, 0x0000000760c00000| Complete 
| 775|0x0000000760e00000, 0x0000000761000000, 0x0000000761000000|100%| E|CS|TAMS 0x0000000760e00000, 0x0000000760e00000| Complete 
| 776|0x0000000761000000, 0x0000000761200000, 0x0000000761200000|100%| E|CS|TAMS 0x0000000761000000, 0x0000000761000000| Complete 
| 777|0x0000000761200000, 0x0000000761400000, 0x0000000761400000|100%| E|CS|TAMS 0x0000000761200000, 0x0000000761200000| Complete 
| 778|0x0000000761400000, 0x0000000761600000, 0x0000000761600000|100%| E|CS|TAMS 0x0000000761400000, 0x0000000761400000| Complete 
| 779|0x0000000761600000, 0x0000000761800000, 0x0000000761800000|100%| E|CS|TAMS 0x0000000761600000, 0x0000000761600000| Complete 
| 780|0x0000000761800000, 0x0000000761a00000, 0x0000000761a00000|100%| E|CS|TAMS 0x0000000761800000, 0x0000000761800000| Complete 
|2045|0x00000007ffa00000, 0x00000007ffc00000, 0x00000007ffc00000|100%| O|  |TAMS 0x00000007ffa00000, 0x00000007ffa00000| Untracked 
|2046|0x00000007ffc00000, 0x00000007ffe00000, 0x00000007ffe00000|100%| O|  |TAMS 0x00000007ffc00000, 0x00000007ffc00000| Untracked 
|2047|0x00000007ffe00000, 0x0000000800000000, 0x0000000800000000|100%| O|  |TAMS 0x00000007ffe00000, 0x00000007ffe00000| Untracked 

Card table byte_map: [0x000001867b940000,0x000001867c140000] _byte_map_base: 0x0000018678140000

Marking Bits (Prev, Next): (CMBitMap*) 0x0000018678ffbca0, (CMBitMap*) 0x0000018678ffbce0
 Prev Bits: [0x0000018616aa0000, 0x000001861aaa0000)
 Next Bits: [0x000001861aaa0000, 0x000001861eaa0000)

Polling page: 0x000001867a840000

Metaspace:

Usage:
  Non-class:    176.44 MB used.
      Class:     25.79 MB used.
       Both:    202.23 MB used.

Virtual space:
  Non-class space:      192.00 MB reserved,     178.12 MB ( 93%) committed,  3 nodes.
      Class space:      832.00 MB reserved,      27.31 MB (  3%) committed,  1 nodes.
             Both:        1.00 GB reserved,     205.44 MB ( 20%) committed. 

Chunk freelists:
   Non-Class:  13.44 MB
       Class:  4.59 MB
        Both:  18.03 MB

MaxMetaspaceSize: 1.00 GB
CompressedClassSpaceSize: 832.00 MB
Initial GC threshold: 21.00 MB
Current GC threshold: 319.06 MB
CDS: on
MetaspaceReclaimPolicy: balanced
 - commit_granule_bytes: 65536.
 - commit_granule_words: 8192.
 - virtual_space_node_default_size: 8388608.
 - enlarge_chunks_in_place: 1.
 - new_chunks_are_fully_committed: 0.
 - uncommit_free_chunks: 1.
 - use_allocation_guard: 0.
 - handle_deallocations: 1.


Internal statistics:

num_allocs_failed_limit: 15.
num_arena_births: 4912.
num_arena_deaths: 16.
num_vsnodes_births: 4.
num_vsnodes_deaths: 0.
num_space_committed: 3305.
num_space_uncommitted: 22.
num_chunks_returned_to_freelist: 138.
num_chunks_taken_from_freelist: 15272.
num_chunk_merges: 50.
num_chunk_splits: 9239.
num_chunks_enlarged: 5007.
num_inconsistent_stats: 0.

CodeHeap 'non-profiled nmethods': size=120000Kb used=48804Kb max_used=48804Kb free=71196Kb
 bounds [0x000001860f570000, 0x0000018612520000, 0x0000018616aa0000]
CodeHeap 'profiled nmethods': size=120000Kb used=76474Kb max_used=78099Kb free=43525Kb
 bounds [0x0000018607aa0000, 0x000001860c720000, 0x000001860efd0000]
CodeHeap 'non-nmethods': size=5760Kb used=2620Kb max_used=2696Kb free=3139Kb
 bounds [0x000001860efd0000, 0x000001860f280000, 0x000001860f570000]
 total_blobs=41541 nmethods=40358 adapters=1093
 compilation: enabled
              stopped_count=0, restarted_count=0
 full_count=0

Compilation events (20 events):
Event: 2214.832 Thread 0x000001867ee24270 nmethod 54905 0x0000018612518410 code [0x00000186125185a0, 0x0000018612518658]
Event: 2214.832 Thread 0x000001867ee24270 54906       1       com.android.build.gradle.internal.cxx.string.StringTable::access$setNextId$p (6 bytes)
Event: 2214.832 Thread 0x000001867ee24270 nmethod 54906 0x0000018612518710 code [0x00000186125188a0, 0x0000018612518958]
Event: 2214.888 Thread 0x000001867ee24270 54908       3       java.nio.file.FileTreeIterator::next (49 bytes)
Event: 2214.889 Thread 0x000001867ee24270 nmethod 54908 0x0000018608873710 code [0x0000018608873900, 0x0000018608873d68]
Event: 2214.889 Thread 0x000001867ee24270 54909       3       java.nio.file.Files$$Lambda$4377/0x00000186216c9e30::apply (8 bytes)
Event: 2214.889 Thread 0x000001867ee24270 nmethod 54909 0x000001860b149690 code [0x000001860b149840, 0x000001860b149ab8]
Event: 2214.890 Thread 0x000001867ee24270 54910       3       java.nio.file.FileTreeIterator::next (5 bytes)
Event: 2214.890 Thread 0x000001867ee24270 nmethod 54910 0x000001860abe2610 code [0x000001860abe27a0, 0x000001860abe28e8]
Event: 2216.501 Thread 0x000001867ee1b8a0 54911       4       com.android.tools.r8.internal.rd::a (4363 bytes)
Event: 2216.513 Thread 0x000001867ee24270 54912       1       com.android.tools.r8.internal.Ws0::a (2 bytes)
Event: 2216.514 Thread 0x000001867ee24270 nmethod 54912 0x0000018612518a10 code [0x0000018612518ba0, 0x0000018612518c78]
Event: 2216.516 Thread 0x000001867ee24270 54913       3       com.android.tools.r8.graph.Q4::a (148 bytes)
Event: 2216.518 Thread 0x000001867ee24270 nmethod 54913 0x000001860acafe90 code [0x000001860acb01a0, 0x000001860acb1528]
Event: 2216.630 Thread 0x000001867ee24270 54914   !   3       com.android.tools.r8.internal.YU::a (68 bytes)
Event: 2216.631 Thread 0x000001867ee24270 nmethod 54914 0x0000018609ef2410 code [0x0000018609ef2680, 0x0000018609ef31e8]
Event: 2216.631 Thread 0x000001867ee24270 54915       3       com.android.tools.r8.internal.XU::a (77 bytes)
Event: 2216.632 Thread 0x000001867ee24270 nmethod 54915 0x0000018608158d10 code [0x0000018608158fe0, 0x000001860815a3c8]
Event: 2216.728 Thread 0x000001867ee24270 54918       1       com.android.tools.r8.internal.Fa::x (2 bytes)
Event: 2216.728 Thread 0x000001867ee24270 nmethod 54918 0x0000018612518d10 code [0x0000018612518ea0, 0x0000018612518f78]

GC Heap History (20 events):
Event: 1739.147 GC heap before
{Heap before GC invocations=135 (full 0):
 garbage-first heap   total 1605632K, used 826617K [0x0000000700000000, 0x0000000800000000)
  region size 2048K, 106 young (217088K), 11 survivors (22528K)
 Metaspace       used 199375K, committed 202240K, reserved 1048576K
  class space    used 25819K, committed 27136K, reserved 851968K
}
Event: 1739.230 GC heap after
{Heap after GC invocations=136 (full 0):
 garbage-first heap   total 1605632K, used 657408K [0x0000000700000000, 0x0000000800000000)
  region size 2048K, 12 young (24576K), 12 survivors (24576K)
 Metaspace       used 199375K, committed 202240K, reserved 1048576K
  class space    used 25819K, committed 27136K, reserved 851968K
}
Event: 1751.158 GC heap before
{Heap before GC invocations=136 (full 0):
 garbage-first heap   total 1605632K, used 909312K [0x0000000700000000, 0x0000000800000000)
  region size 2048K, 133 young (272384K), 12 survivors (24576K)
 Metaspace       used 199813K, committed 202688K, reserved 1048576K
  class space    used 25842K, committed 27136K, reserved 851968K
}
Event: 1751.225 GC heap after
{Heap after GC invocations=137 (full 0):
 garbage-first heap   total 1605632K, used 669696K [0x0000000700000000, 0x0000000800000000)
  region size 2048K, 5 young (10240K), 5 survivors (10240K)
 Metaspace       used 199813K, committed 202688K, reserved 1048576K
  class space    used 25842K, committed 27136K, reserved 851968K
}
Event: 1766.647 GC heap before
{Heap before GC invocations=137 (full 0):
 garbage-first heap   total 1605632K, used 1320960K [0x0000000700000000, 0x0000000800000000)
  region size 2048K, 321 young (657408K), 5 survivors (10240K)
 Metaspace       used 200474K, committed 203328K, reserved 1048576K
  class space    used 25893K, committed 27200K, reserved 851968K
}
Event: 1766.679 GC heap after
{Heap after GC invocations=138 (full 0):
 garbage-first heap   total 1605632K, used 672370K [0x0000000700000000, 0x0000000800000000)
  region size 2048K, 7 young (14336K), 7 survivors (14336K)
 Metaspace       used 200474K, committed 203328K, reserved 1048576K
  class space    used 25893K, committed 27200K, reserved 851968K
}
Event: 2023.751 GC heap before
{Heap before GC invocations=138 (full 0):
 garbage-first heap   total 1605632K, used 1342066K [0x0000000700000000, 0x0000000800000000)
  region size 2048K, 334 young (684032K), 7 survivors (14336K)
 Metaspace       used 202545K, committed 205504K, reserved 1048576K
  class space    used 26116K, committed 27520K, reserved 851968K
}
Event: 2023.816 GC heap after
{Heap after GC invocations=139 (full 0):
 garbage-first heap   total 1605632K, used 688128K [0x0000000700000000, 0x0000000800000000)
  region size 2048K, 15 young (30720K), 15 survivors (30720K)
 Metaspace       used 202545K, committed 205504K, reserved 1048576K
  class space    used 26116K, committed 27520K, reserved 851968K
}
Event: 2124.547 GC heap before
{Heap before GC invocations=139 (full 0):
 garbage-first heap   total 1605632K, used 1341440K [0x0000000700000000, 0x0000000800000000)
  region size 2048K, 335 young (686080K), 15 survivors (30720K)
 Metaspace       used 203443K, committed 206464K, reserved 1048576K
  class space    used 26150K, committed 27584K, reserved 851968K
}
Event: 2124.680 GC heap after
{Heap after GC invocations=140 (full 0):
 garbage-first heap   total 1605632K, used 724992K [0x0000000700000000, 0x0000000800000000)
  region size 2048K, 33 young (67584K), 33 survivors (67584K)
 Metaspace       used 203443K, committed 206464K, reserved 1048576K
  class space    used 26150K, committed 27584K, reserved 851968K
}
Event: 2146.270 GC heap before
{Heap before GC invocations=140 (full 0):
 garbage-first heap   total 1605632K, used 1366016K [0x0000000700000000, 0x0000000800000000)
  region size 2048K, 323 young (661504K), 33 survivors (67584K)
 Metaspace       used 205186K, committed 208320K, reserved 1048576K
  class space    used 26245K, committed 27712K, reserved 851968K
}
Event: 2146.402 GC heap after
{Heap after GC invocations=141 (full 0):
 garbage-first heap   total 1605632K, used 759162K [0x0000000700000000, 0x0000000800000000)
  region size 2048K, 13 young (26624K), 13 survivors (26624K)
 Metaspace       used 205186K, committed 208320K, reserved 1048576K
  class space    used 26245K, committed 27712K, reserved 851968K
}
Event: 2199.110 GC heap before
{Heap before GC invocations=141 (full 0):
 garbage-first heap   total 1605632K, used 1342841K [0x0000000700000000, 0x0000000800000000)
  region size 2048K, 291 young (595968K), 13 survivors (26624K)
 Metaspace       used 206920K, committed 210240K, reserved 1048576K
  class space    used 26408K, committed 27968K, reserved 851968K
}
Event: 2199.133 GC heap after
{Heap after GC invocations=142 (full 0):
 garbage-first heap   total 1605632K, used 754042K [0x0000000700000000, 0x0000000800000000)
  region size 2048K, 10 young (20480K), 10 survivors (20480K)
 Metaspace       used 206920K, committed 210240K, reserved 1048576K
  class space    used 26408K, committed 27968K, reserved 851968K
}
Event: 2207.610 GC heap before
{Heap before GC invocations=142 (full 0):
 garbage-first heap   total 1605632K, used 1401210K [0x0000000700000000, 0x0000000800000000)
  region size 2048K, 296 young (606208K), 10 survivors (20480K)
 Metaspace       used 206999K, committed 210304K, reserved 1048576K
  class space    used 26408K, committed 27968K, reserved 851968K
}
Event: 2207.796 GC heap after
{Heap after GC invocations=143 (full 0):
 garbage-first heap   total 1605632K, used 867237K [0x0000000700000000, 0x0000000800000000)
  region size 2048K, 37 young (75776K), 37 survivors (75776K)
 Metaspace       used 206999K, committed 210304K, reserved 1048576K
  class space    used 26408K, committed 27968K, reserved 851968K
}
Event: 2208.102 GC heap before
{Heap before GC invocations=143 (full 0):
 garbage-first heap   total 1605632K, used 912293K [0x0000000700000000, 0x0000000800000000)
  region size 2048K, 59 young (120832K), 37 survivors (75776K)
 Metaspace       used 206999K, committed 210304K, reserved 1048576K
  class space    used 26408K, committed 27968K, reserved 851968K
}
Event: 2208.236 GC heap after
{Heap after GC invocations=144 (full 0):
 garbage-first heap   total 1605632K, used 872362K [0x0000000700000000, 0x0000000800000000)
  region size 2048K, 2 young (4096K), 2 survivors (4096K)
 Metaspace       used 206999K, committed 210304K, reserved 1048576K
  class space    used 26408K, committed 27968K, reserved 851968K
}
Event: 2211.345 GC heap before
{Heap before GC invocations=144 (full 0):
 garbage-first heap   total 1605632K, used 1273770K [0x0000000700000000, 0x0000000800000000)
  region size 2048K, 193 young (395264K), 2 survivors (4096K)
 Metaspace       used 207038K, committed 210368K, reserved 1048576K
  class space    used 26408K, committed 27968K, reserved 851968K
}
Event: 2211.378 GC heap after
{Heap after GC invocations=145 (full 0):
 garbage-first heap   total 1605632K, used 909990K [0x0000000700000000, 0x0000000800000000)
  region size 2048K, 15 young (30720K), 15 survivors (30720K)
 Metaspace       used 207038K, committed 210368K, reserved 1048576K
  class space    used 26408K, committed 27968K, reserved 851968K
}

Dll operation events (17 events):
Event: 0.013 Loaded shared library C:\Program Files\Eclipse Adoptium\jdk-17.0.15.6-hotspot\bin\java.dll
Event: 0.030 Loaded shared library C:\Program Files\Eclipse Adoptium\jdk-17.0.15.6-hotspot\bin\jsvml.dll
Event: 0.085 Loaded shared library C:\Program Files\Eclipse Adoptium\jdk-17.0.15.6-hotspot\bin\zip.dll
Event: 0.089 Loaded shared library C:\Program Files\Eclipse Adoptium\jdk-17.0.15.6-hotspot\bin\instrument.dll
Event: 0.093 Loaded shared library C:\Program Files\Eclipse Adoptium\jdk-17.0.15.6-hotspot\bin\net.dll
Event: 0.095 Loaded shared library C:\Program Files\Eclipse Adoptium\jdk-17.0.15.6-hotspot\bin\nio.dll
Event: 0.097 Loaded shared library C:\Program Files\Eclipse Adoptium\jdk-17.0.15.6-hotspot\bin\zip.dll
Event: 0.440 Loaded shared library C:\Program Files\Eclipse Adoptium\jdk-17.0.15.6-hotspot\bin\jimage.dll
Event: 0.696 Loaded shared library C:\Program Files\Eclipse Adoptium\jdk-17.0.15.6-hotspot\bin\verify.dll
Event: 0.816 Loaded shared library C:\Users\dell\.gradle\native\1def1411415f61bf3af743bc5b6707747c0891f09f0c88961ee8f79bc544acac\windows-amd64\native-platform.dll
Event: 0.845 Loaded shared library C:\Users\dell\.gradle\native\0.2.7\x86_64-windows-gnu\gradle-fileevents.dll
Event: 2.395 Loaded shared library C:\Program Files\Eclipse Adoptium\jdk-17.0.15.6-hotspot\bin\management.dll
Event: 2.398 Loaded shared library C:\Program Files\Eclipse Adoptium\jdk-17.0.15.6-hotspot\bin\management_ext.dll
Event: 2.628 Loaded shared library C:\Program Files\Eclipse Adoptium\jdk-17.0.15.6-hotspot\bin\extnet.dll
Event: 2.926 Loaded shared library C:\Program Files\Eclipse Adoptium\jdk-17.0.15.6-hotspot\bin\sunmscapi.dll
Event: 38.302 Loaded shared library C:\Users\dell\AppData\Local\Temp\jna-3079617\jna519662585514012163.dll
Event: 1250.039 Loaded shared library C:\Program Files\Eclipse Adoptium\jdk-17.0.15.6-hotspot\bin\rmi.dll

Deoptimization events (20 events):
Event: 2210.138 Thread 0x0000018669ff7c90 Uncommon trap: trap_request=0xffffffde fr.pc=0x000001861156fd40 relative=0x0000000000005d40
Event: 2210.138 Thread 0x0000018669ff7c90 Uncommon trap: reason=class_check action=maybe_recompile pc=0x000001861156fd40 method=com.android.tools.r8.dex.L.a(II)Lcom/android/tools/r8/dex/G; @ 1145 c2
Event: 2210.138 Thread 0x0000018669ff7c90 DEOPT PACKING pc=0x000001861156fd40 sp=0x0000002f334fa6a0
Event: 2210.138 Thread 0x0000018669ff7c90 DEOPT UNPACKING pc=0x000001860f0269a3 sp=0x0000002f334fa668 mode 2
Event: 2211.562 Thread 0x000001866f45ffd0 DEOPT PACKING pc=0x000001860bb0f684 sp=0x0000002f361fead0
Event: 2211.562 Thread 0x000001866f45ffd0 DEOPT UNPACKING pc=0x000001860f027143 sp=0x0000002f361fe530 mode 0
Event: 2211.940 Thread 0x0000018669ffd7b0 DEOPT PACKING pc=0x000001860aa70341 sp=0x0000002f332f9190
Event: 2211.940 Thread 0x0000018669ffd7b0 DEOPT UNPACKING pc=0x000001860f027143 sp=0x0000002f332f8740 mode 0
Event: 2212.297 Thread 0x000001866f45ffd0 DEOPT PACKING pc=0x000001860b3c56d8 sp=0x0000002f361feef0
Event: 2212.297 Thread 0x000001866f45ffd0 DEOPT UNPACKING pc=0x000001860f027143 sp=0x0000002f361fe3c0 mode 0
Event: 2212.533 Thread 0x000001866f462d60 DEOPT PACKING pc=0x000001860bb0f684 sp=0x0000002f35efe520
Event: 2212.533 Thread 0x000001866f462d60 DEOPT UNPACKING pc=0x000001860f027143 sp=0x0000002f35efdf80 mode 0
Event: 2214.395 Thread 0x0000018669ff7c90 Uncommon trap: trap_request=0xffffff45 fr.pc=0x00000186124de878 relative=0x0000000000006d98
Event: 2214.395 Thread 0x0000018669ff7c90 Uncommon trap: reason=unstable_if action=reinterpret pc=0x00000186124de878 method=com.android.tools.r8.dex.L.a(II)Lcom/android/tools/r8/dex/G; @ 3182 c2
Event: 2214.395 Thread 0x0000018669ff7c90 DEOPT PACKING pc=0x00000186124de878 sp=0x0000002f334fa7c0
Event: 2214.395 Thread 0x0000018669ff7c90 DEOPT UNPACKING pc=0x000001860f0269a3 sp=0x0000002f334fa7a8 mode 2
Event: 2214.440 Thread 0x0000018669ff7c90 Uncommon trap: trap_request=0xffffff45 fr.pc=0x00000186107ccc08 relative=0x0000000000002e68
Event: 2214.440 Thread 0x0000018669ff7c90 Uncommon trap: reason=unstable_if action=reinterpret pc=0x00000186107ccc08 method=org.gradle.internal.classloader.DefaultHashingClassLoaderFactory.getClassLoaderClasspathHash(Ljava/lang/ClassLoader;)Lorg/gradle/internal/hash/HashCode; @ 4 c2
Event: 2214.440 Thread 0x0000018669ff7c90 DEOPT PACKING pc=0x00000186107ccc08 sp=0x0000002f334fd070
Event: 2214.440 Thread 0x0000018669ff7c90 DEOPT UNPACKING pc=0x000001860f0269a3 sp=0x0000002f334fcf98 mode 2

Classes loaded (20 events):
Event: 1461.600 Loading class java/lang/StackStreamFactory$WalkerState
Event: 1461.601 Loading class java/lang/StackStreamFactory$WalkerState done
Event: 1461.601 Loading class java/lang/StackStreamFactory$1
Event: 1461.601 Loading class java/lang/StackStreamFactory$1 done
Event: 1461.601 Loading class java/lang/StackStreamFactory$StackFrameTraverser$StackFrameBuffer
Event: 1461.601 Loading class java/lang/StackStreamFactory$FrameBuffer
Event: 1461.602 Loading class java/lang/StackStreamFactory$FrameBuffer done
Event: 1461.602 Loading class java/lang/StackStreamFactory$StackFrameTraverser$StackFrameBuffer done
Event: 1766.239 Loading class java/util/zip/ZipOutputStream
Event: 1766.240 Loading class java/util/zip/ZipOutputStream done
Event: 1767.002 Loading class java/util/zip/ZipOutputStream$XEntry
Event: 1767.002 Loading class java/util/zip/ZipOutputStream$XEntry done
Event: 1769.730 Loading class sun/nio/cs/US_ASCII$Decoder
Event: 1769.731 Loading class sun/nio/cs/US_ASCII$Decoder done
Event: 1772.233 Loading class sun/nio/cs/US_ASCII$Encoder
Event: 1772.233 Loading class sun/nio/cs/US_ASCII$Encoder done
Event: 1772.288 Loading class java/util/TreeMap$AscendingSubMap
Event: 1772.289 Loading class java/util/TreeMap$AscendingSubMap done
Event: 1772.289 Loading class java/util/TreeMap$NavigableSubMap$SubMapKeyIterator
Event: 1772.290 Loading class java/util/TreeMap$NavigableSubMap$SubMapKeyIterator done

Classes unloaded (20 events):
Event: 1375.293 Thread 0x000001867edf5340 Unloading class 0x00000186215d98e0 'jdk/internal/jrtfs/SystemImage$2'
Event: 1375.293 Thread 0x000001867edf5340 Unloading class 0x00000186215d96c8 'jdk/internal/jrtfs/SystemImage$$Lambda$3179+0x00000186215d96c8'
Event: 1375.293 Thread 0x000001867edf5340 Unloading class 0x00000186215d9498 'jdk/internal/jrtfs/ExplodedImage'
Event: 1375.293 Thread 0x000001867edf5340 Unloading class 0x00000186215d9260 'jdk/internal/jrtfs/SystemImage$1'
Event: 1375.293 Thread 0x000001867edf5340 Unloading class 0x00000186215d8dd8 'jdk/internal/jrtfs/SystemImage'
Event: 1375.293 Thread 0x000001867edf5340 Unloading class 0x00000186215d9000 'jdk/internal/jrtfs/JrtFileStore'
Event: 1375.293 Thread 0x000001867edf5340 Unloading class 0x00000186215d8400 'jdk/internal/jrtfs/JrtPath'
Event: 1375.293 Thread 0x000001867edf5340 Unloading class 0x00000186215d8ae0 'jdk/internal/jrtfs/JrtFileSystem'
Event: 1375.293 Thread 0x000001867edf5340 Unloading class 0x00000186215d8800 'jdk/internal/jrtfs/JrtFileSystemProvider'
Event: 1375.294 Thread 0x000001867edf5340 Unloading class 0x00000186213963e8 '_BuildScript_$_run_closure3'
Event: 1375.294 Thread 0x000001867edf5340 Unloading class 0x0000018621396000 '_BuildScript_$_run_closure2$_closure6$_closure10'
Event: 1375.294 Thread 0x000001867edf5340 Unloading class 0x0000018621395b58 '_BuildScript_$_run_closure2$_closure6$_closure9'
Event: 1375.294 Thread 0x000001867edf5340 Unloading class 0x0000018621395770 '_BuildScript_$_run_closure2$_closure6'
Event: 1375.294 Thread 0x000001867edf5340 Unloading class 0x0000018621395388 '_BuildScript_$_run_closure2$_closure5$_closure8'
Event: 1375.294 Thread 0x000001867edf5340 Unloading class 0x0000018621394fa0 '_BuildScript_$_run_closure2$_closure5'
Event: 1375.294 Thread 0x000001867edf5340 Unloading class 0x0000018621394bb8 '_BuildScript_$_run_closure2$_closure4$_closure7'
Event: 1375.294 Thread 0x000001867edf5340 Unloading class 0x00000186213947d0 '_BuildScript_$_run_closure2$_closure4'
Event: 1375.294 Thread 0x000001867edf5340 Unloading class 0x00000186213943e8 '_BuildScript_$_run_closure2'
Event: 1375.294 Thread 0x000001867edf5340 Unloading class 0x0000018621394000 '_BuildScript_$_run_closure1'
Event: 1375.294 Thread 0x000001867edf5340 Unloading class 0x0000018621388800 '_BuildScript_'

Classes redefined (0 events):
No events

Internal exceptions (20 events):
Event: 2214.345 Thread 0x0000018669ffd7b0 Exception <a 'sun/nio/fs/WindowsException'{0x00000007510af210}> (0x00000007510af210) 
thrown [s\src\hotspot\share\prims\jni.cpp, line 516]
Event: 2214.346 Thread 0x0000018669ff7c90 Exception <a 'sun/nio/fs/WindowsException'{0x0000000751697ec0}> (0x0000000751697ec0) 
thrown [s\src\hotspot\share\prims\jni.cpp, line 516]
Event: 2214.392 Thread 0x0000018669ff7c90 Exception <a 'sun/nio/fs/WindowsException'{0x0000000750de8c50}> (0x0000000750de8c50) 
thrown [s\src\hotspot\share\prims\jni.cpp, line 516]
Event: 2214.392 Thread 0x0000018669ff7c90 Exception <a 'sun/nio/fs/WindowsException'{0x0000000750de9f80}> (0x0000000750de9f80) 
thrown [s\src\hotspot\share\prims\jni.cpp, line 516]
Event: 2214.393 Thread 0x0000018669ff7c90 Exception <a 'sun/nio/fs/WindowsException'{0x0000000750deb298}> (0x0000000750deb298) 
thrown [s\src\hotspot\share\prims\jni.cpp, line 516]
Event: 2214.395 Thread 0x0000018669ff7c90 Exception <a 'sun/nio/fs/WindowsException'{0x0000000750df22d8}> (0x0000000750df22d8) 
thrown [s\src\hotspot\share\prims\jni.cpp, line 516]
Event: 2214.396 Thread 0x0000018669ff7c90 Exception <a 'sun/nio/fs/WindowsException'{0x0000000750dfd7c8}> (0x0000000750dfd7c8) 
thrown [s\src\hotspot\share\prims\jni.cpp, line 516]
Event: 2214.398 Thread 0x0000018669ff7c90 Exception <a 'sun/nio/fs/WindowsException'{0x0000000750ac6628}> (0x0000000750ac6628) 
thrown [s\src\hotspot\share\prims\jni.cpp, line 516]
Event: 2214.400 Thread 0x0000018669ff7c90 Exception <a 'sun/nio/fs/WindowsException'{0x0000000750b0bef8}> (0x0000000750b0bef8) 
thrown [s\src\hotspot\share\prims\jni.cpp, line 516]
Event: 2214.401 Thread 0x0000018669ff7c90 Exception <a 'sun/nio/fs/WindowsException'{0x0000000750b52258}> (0x0000000750b52258) 
thrown [s\src\hotspot\share\prims\jni.cpp, line 516]
Event: 2214.545 Thread 0x0000018669ff81a0 Exception <a 'sun/nio/fs/WindowsException'{0x00000007512ddc58}> (0x00000007512ddc58) 
thrown [s\src\hotspot\share\prims\jni.cpp, line 516]
Event: 2214.546 Thread 0x0000018669ff81a0 Exception <a 'sun/nio/fs/WindowsException'{0x00000007512dfeb8}> (0x00000007512dfeb8) 
thrown [s\src\hotspot\share\prims\jni.cpp, line 516]
Event: 2214.567 Thread 0x0000018669ff81a0 Exception <a 'sun/nio/fs/WindowsException'{0x0000000750997420}> (0x0000000750997420) 
thrown [s\src\hotspot\share\prims\jni.cpp, line 516]
Event: 2214.567 Thread 0x0000018669ff81a0 Exception <a 'sun/nio/fs/WindowsException'{0x00000007509995d8}> (0x00000007509995d8) 
thrown [s\src\hotspot\share\prims\jni.cpp, line 516]
Event: 2214.624 Thread 0x0000018669ff81a0 Exception <a 'sun/nio/fs/WindowsException'{0x0000000750667f80}> (0x0000000750667f80) 
thrown [s\src\hotspot\share\prims\jni.cpp, line 516]
Event: 2214.624 Thread 0x0000018669ff81a0 Exception <a 'sun/nio/fs/WindowsException'{0x000000075066a180}> (0x000000075066a180) 
thrown [s\src\hotspot\share\prims\jni.cpp, line 516]
Event: 2214.707 Thread 0x0000018669ff81a0 Exception <a 'sun/nio/fs/WindowsException'{0x00000007507268f0}> (0x00000007507268f0) 
thrown [s\src\hotspot\share\prims\jni.cpp, line 516]
Event: 2214.707 Thread 0x0000018669ff81a0 Exception <a 'sun/nio/fs/WindowsException'{0x0000000750728a20}> (0x0000000750728a20) 
thrown [s\src\hotspot\share\prims\jni.cpp, line 516]
Event: 2214.731 Thread 0x0000018669ff81a0 Exception <a 'sun/nio/fs/WindowsException'{0x0000000750241b78}> (0x0000000750241b78) 
thrown [s\src\hotspot\share\prims\jni.cpp, line 516]
Event: 2214.731 Thread 0x0000018669ff81a0 Exception <a 'sun/nio/fs/WindowsException'{0x0000000750243c10}> (0x0000000750243c10) 
thrown [s\src\hotspot\share\prims\jni.cpp, line 516]

VM Operations (20 events):
Event: 2207.383 Executing VM operation: HandshakeAllThreads
Event: 2207.386 Executing VM operation: HandshakeAllThreads done
Event: 2207.572 Executing VM operation: G1CollectForAllocation
Event: 2207.796 Executing VM operation: G1CollectForAllocation done
Event: 2208.102 Executing VM operation: G1CollectForAllocation
Event: 2208.236 Executing VM operation: G1CollectForAllocation done
Event: 2209.236 Executing VM operation: Cleanup
Event: 2209.236 Executing VM operation: Cleanup done
Event: 2210.237 Executing VM operation: Cleanup
Event: 2210.278 Executing VM operation: Cleanup done
Event: 2211.278 Executing VM operation: Cleanup
Event: 2211.289 Executing VM operation: Cleanup done
Event: 2211.318 Executing VM operation: G1CollectForAllocation
Event: 2211.378 Executing VM operation: G1CollectForAllocation done
Event: 2213.378 Executing VM operation: Cleanup
Event: 2213.483 Executing VM operation: Cleanup done
Event: 2214.483 Executing VM operation: Cleanup
Event: 2214.490 Executing VM operation: Cleanup done
Event: 2215.491 Executing VM operation: Cleanup
Event: 2215.491 Executing VM operation: Cleanup done

Memory protections (0 events):
No events

Nmethod flushes (20 events):
Event: 2207.472 Thread 0x000001867ee2f360 flushing  nmethod 0x000001860b896290
Event: 2207.473 Thread 0x000001867ee2f360 flushing  nmethod 0x000001860b89cc10
Event: 2207.473 Thread 0x000001867ee2f360 flushing  nmethod 0x000001860b8bd590
Event: 2207.473 Thread 0x000001867ee2f360 flushing  nmethod 0x000001860b8c8390
Event: 2207.473 Thread 0x000001867ee2f360 flushing  nmethod 0x000001860b8dcd90
Event: 2207.473 Thread 0x000001867ee2f360 flushing  nmethod 0x000001860b936190
Event: 2207.473 Thread 0x000001867ee2f360 flushing  nmethod 0x000001860b993110
Event: 2207.473 Thread 0x000001867ee2f360 flushing  nmethod 0x000001860b994b10
Event: 2207.473 Thread 0x000001867ee2f360 flushing  nmethod 0x000001860b9a1290
Event: 2207.474 Thread 0x000001867ee2f360 flushing  nmethod 0x000001860b9a6490
Event: 2207.474 Thread 0x000001867ee2f360 flushing  nmethod 0x000001860b9a7890
Event: 2207.475 Thread 0x000001867ee2f360 flushing  nmethod 0x000001860b9f0b90
Event: 2207.475 Thread 0x000001867ee2f360 flushing  nmethod 0x000001860b9fbd90
Event: 2207.475 Thread 0x000001867ee2f360 flushing  nmethod 0x000001860ba0a810
Event: 2207.479 Thread 0x000001867ee2f360 flushing  nmethod 0x000001860be9c590
Event: 2207.479 Thread 0x000001867ee2f360 flushing  nmethod 0x000001860bf2a590
Event: 2207.483 Thread 0x000001867ee2f360 flushing  nmethod 0x000001860c3fcf10
Event: 2207.485 Thread 0x000001867ee2f360 flushing  nmethod 0x000001860c66f190
Event: 2207.486 Thread 0x000001867ee2f360 flushing  nmethod 0x000001860c66f990
Event: 2207.486 Thread 0x000001867ee2f360 flushing  nmethod 0x000001860c670410

Events (20 events):
Event: 2205.991 Thread 0x000001867ee1b8a0 Thread added: 0x000001866a937010
Event: 2206.616 Thread 0x000001866a937010 Thread exited: 0x000001866a937010
Event: 2207.013 Thread 0x000001867ee24270 Thread added: 0x0000018666b426f0
Event: 2210.474 Thread 0x0000018666b426f0 Thread exited: 0x0000018666b426f0
Event: 2210.889 Thread 0x000001867ee24270 Thread added: 0x000001866a93d500
Event: 2212.710 Thread 0x000001866a93d500 Thread exited: 0x000001866a93d500
Event: 2213.083 Thread 0x000001867ee24270 Thread added: 0x0000018672ce5d20
Event: 2214.292 Thread 0x000001866f460f00 Thread exited: 0x000001866f460f00
Event: 2214.292 Thread 0x000001866f461410 Thread exited: 0x000001866f461410
Event: 2214.294 Thread 0x000001866f45ffd0 Thread exited: 0x000001866f45ffd0
Event: 2214.295 Thread 0x000001866f462d60 Thread exited: 0x000001866f462d60
Event: 2214.478 Thread 0x0000018669ff7c90 Thread added: 0x000001866f463c90
Event: 2214.502 Thread 0x0000018672ce5d20 Thread exited: 0x0000018672ce5d20
Event: 2214.563 Thread 0x0000018669ff81a0 Thread added: 0x000001866f45e170
Event: 2214.620 Thread 0x000001866f463c90 Thread added: 0x000001866f45d750
Event: 2214.621 Thread 0x000001866f463c90 Thread added: 0x000001866f45f5b0
Event: 2214.853 Thread 0x0000018669ff81a0 Thread added: 0x000001866f4641a0
Event: 2214.873 Thread 0x000001866f4641a0 Thread added: 0x000001866f45e680
Event: 2214.873 Thread 0x000001866f4641a0 Thread added: 0x000001866f462d60
Event: 2216.819 Thread 0x00000186644361f0 Thread exited: 0x00000186644361f0


Dynamic libraries:
0x00007ff7ea2c0000 - 0x00007ff7ea2ce000 	C:\Program Files\Eclipse Adoptium\jdk-17.0.15.6-hotspot\bin\java.exe
0x00007ff9ec2f0000 - 0x00007ff9ec4e8000 	C:\WINDOWS\SYSTEM32\ntdll.dll
0x00007ff9eab70000 - 0x00007ff9eac32000 	C:\WINDOWS\System32\KERNEL32.DLL
0x00007ff9e9b50000 - 0x00007ff9e9e46000 	C:\WINDOWS\System32\KERNELBASE.dll
0x00007ff9e9e80000 - 0x00007ff9e9f80000 	C:\WINDOWS\System32\ucrtbase.dll
0x00007ff9e3d70000 - 0x00007ff9e3d87000 	C:\Program Files\Eclipse Adoptium\jdk-17.0.15.6-hotspot\bin\jli.dll
0x00007ff9eb110000 - 0x00007ff9eb2ad000 	C:\WINDOWS\System32\USER32.dll
0x00007ff9e9e50000 - 0x00007ff9e9e72000 	C:\WINDOWS\System32\win32u.dll
0x00007ff9e2fb0000 - 0x00007ff9e2fce000 	C:\Program Files\Eclipse Adoptium\jdk-17.0.15.6-hotspot\bin\VCRUNTIME140.dll
0x00007ff9d9580000 - 0x00007ff9d981a000 	C:\WINDOWS\WinSxS\amd64_microsoft.windows.common-controls_6595b64144ccf1df_6.0.19041.5915_none_60b4b9d171f9c7c7\COMCTL32.dll
0x00007ff9ec1a0000 - 0x00007ff9ec1cb000 	C:\WINDOWS\System32\GDI32.dll
0x00007ff9eb900000 - 0x00007ff9eb99e000 	C:\WINDOWS\System32\msvcrt.dll
0x00007ff9ea250000 - 0x00007ff9ea369000 	C:\WINDOWS\System32\gdi32full.dll
0x00007ff9e9fd0000 - 0x00007ff9ea06d000 	C:\WINDOWS\System32\msvcp_win.dll
0x00007ff9ec170000 - 0x00007ff9ec19f000 	C:\WINDOWS\System32\IMM32.DLL
0x00007ff9e5930000 - 0x00007ff9e593c000 	C:\Program Files\Eclipse Adoptium\jdk-17.0.15.6-hotspot\bin\vcruntime140_1.dll
0x00007ff9cc820000 - 0x00007ff9cc8ad000 	C:\Program Files\Eclipse Adoptium\jdk-17.0.15.6-hotspot\bin\msvcp140.dll
0x00007ff9b12b0000 - 0x00007ff9b1f1b000 	C:\Program Files\Eclipse Adoptium\jdk-17.0.15.6-hotspot\bin\server\jvm.dll
0x00007ff9ec1f0000 - 0x00007ff9ec2a1000 	C:\WINDOWS\System32\ADVAPI32.dll
0x00007ff9eb2b0000 - 0x00007ff9eb34f000 	C:\WINDOWS\System32\sechost.dll
0x00007ff9eac50000 - 0x00007ff9ead73000 	C:\WINDOWS\System32\RPCRT4.dll
0x00007ff9e9b20000 - 0x00007ff9e9b47000 	C:\WINDOWS\System32\bcrypt.dll
0x00007ff9eb6b0000 - 0x00007ff9eb71b000 	C:\WINDOWS\System32\WS2_32.dll
0x00007ff9e8fb0000 - 0x00007ff9e8ffb000 	C:\WINDOWS\SYSTEM32\POWRPROF.dll
0x00007ff9d9f30000 - 0x00007ff9d9f57000 	C:\WINDOWS\SYSTEM32\WINMM.dll
0x00007ff9d8270000 - 0x00007ff9d827a000 	C:\WINDOWS\SYSTEM32\VERSION.dll
0x00007ff9e8e70000 - 0x00007ff9e8e82000 	C:\WINDOWS\SYSTEM32\UMPDC.dll
0x00007ff9e8290000 - 0x00007ff9e82a2000 	C:\WINDOWS\SYSTEM32\kernel.appcore.dll
0x00007ff9e3d00000 - 0x00007ff9e3d0a000 	C:\Program Files\Eclipse Adoptium\jdk-17.0.15.6-hotspot\bin\jimage.dll
0x00007ff9e7f70000 - 0x00007ff9e8171000 	C:\WINDOWS\SYSTEM32\DBGHELP.DLL
0x00007ff9d2590000 - 0x00007ff9d25c4000 	C:\WINDOWS\SYSTEM32\dbgcore.DLL
0x00007ff9ea370000 - 0x00007ff9ea3f2000 	C:\WINDOWS\System32\bcryptPrimitives.dll
0x00007ff9debf0000 - 0x00007ff9debfe000 	C:\Program Files\Eclipse Adoptium\jdk-17.0.15.6-hotspot\bin\instrument.dll
0x00007ff9dffa0000 - 0x00007ff9dffc5000 	C:\Program Files\Eclipse Adoptium\jdk-17.0.15.6-hotspot\bin\java.dll
0x00007ff9caed0000 - 0x00007ff9cafa7000 	C:\Program Files\Eclipse Adoptium\jdk-17.0.15.6-hotspot\bin\jsvml.dll
0x00007ff9ea400000 - 0x00007ff9eab6e000 	C:\WINDOWS\System32\SHELL32.dll
0x00007ff9e77c0000 - 0x00007ff9e7f64000 	C:\WINDOWS\SYSTEM32\windows.storage.dll
0x00007ff9eb350000 - 0x00007ff9eb6a3000 	C:\WINDOWS\System32\combase.dll
0x00007ff9e94a0000 - 0x00007ff9e94cb000 	C:\WINDOWS\SYSTEM32\Wldp.dll
0x00007ff9eb040000 - 0x00007ff9eb10d000 	C:\WINDOWS\System32\OLEAUT32.dll
0x00007ff9eb850000 - 0x00007ff9eb8fd000 	C:\WINDOWS\System32\SHCORE.dll
0x00007ff9ec0b0000 - 0x00007ff9ec10b000 	C:\WINDOWS\System32\shlwapi.dll
0x00007ff9e99a0000 - 0x00007ff9e99c5000 	C:\WINDOWS\SYSTEM32\profapi.dll
0x00007ff9dd230000 - 0x00007ff9dd248000 	C:\Program Files\Eclipse Adoptium\jdk-17.0.15.6-hotspot\bin\zip.dll
0x00007ff9dfff0000 - 0x00007ff9e0009000 	C:\Program Files\Eclipse Adoptium\jdk-17.0.15.6-hotspot\bin\net.dll
0x00007ff9dee20000 - 0x00007ff9def2a000 	C:\WINDOWS\SYSTEM32\WINHTTP.dll
0x00007ff9e9200000 - 0x00007ff9e926a000 	C:\WINDOWS\system32\mswsock.dll
0x00007ff9df890000 - 0x00007ff9df8a6000 	C:\Program Files\Eclipse Adoptium\jdk-17.0.15.6-hotspot\bin\nio.dll
0x00007ff9e05d0000 - 0x00007ff9e05e0000 	C:\Program Files\Eclipse Adoptium\jdk-17.0.15.6-hotspot\bin\verify.dll
0x00007ff9db110000 - 0x00007ff9db137000 	C:\Users\dell\.gradle\native\1def1411415f61bf3af743bc5b6707747c0891f09f0c88961ee8f79bc544acac\windows-amd64\native-platform.dll
0x00007ff9cc730000 - 0x00007ff9cc7a8000 	C:\Users\dell\.gradle\native\0.2.7\x86_64-windows-gnu\gradle-fileevents.dll
0x00007ff9e04f0000 - 0x00007ff9e04fa000 	C:\Program Files\Eclipse Adoptium\jdk-17.0.15.6-hotspot\bin\management.dll
0x00007ff9dff30000 - 0x00007ff9dff3b000 	C:\Program Files\Eclipse Adoptium\jdk-17.0.15.6-hotspot\bin\management_ext.dll
0x00007ff9eac40000 - 0x00007ff9eac48000 	C:\WINDOWS\System32\PSAPI.DLL
0x00007ff9e8e90000 - 0x00007ff9e8ecb000 	C:\WINDOWS\SYSTEM32\IPHLPAPI.DLL
0x00007ff9eba80000 - 0x00007ff9eba88000 	C:\WINDOWS\System32\NSI.dll
0x00007ff9e0f20000 - 0x00007ff9e0f37000 	C:\WINDOWS\SYSTEM32\dhcpcsvc6.DLL
0x00007ff9e2490000 - 0x00007ff9e24ad000 	C:\WINDOWS\SYSTEM32\dhcpcsvc.DLL
0x00007ff9e8ee0000 - 0x00007ff9e8faa000 	C:\WINDOWS\SYSTEM32\DNSAPI.dll
0x00007ff9df910000 - 0x00007ff9df919000 	C:\Program Files\Eclipse Adoptium\jdk-17.0.15.6-hotspot\bin\extnet.dll
0x00007ff9e9400000 - 0x00007ff9e9418000 	C:\WINDOWS\SYSTEM32\CRYPTSP.dll
0x00007ff9e8ab0000 - 0x00007ff9e8ae8000 	C:\WINDOWS\system32\rsaenh.dll
0x00007ff9e9920000 - 0x00007ff9e994e000 	C:\WINDOWS\SYSTEM32\USERENV.dll
0x00007ff9e93f0000 - 0x00007ff9e93fc000 	C:\WINDOWS\SYSTEM32\CRYPTBASE.dll
0x00007ff9dd220000 - 0x00007ff9dd22e000 	C:\Program Files\Eclipse Adoptium\jdk-17.0.15.6-hotspot\bin\sunmscapi.dll
0x00007ff9ea0f0000 - 0x00007ff9ea24d000 	C:\WINDOWS\System32\CRYPT32.dll
0x00007ff9e9510000 - 0x00007ff9e9537000 	C:\WINDOWS\SYSTEM32\ncrypt.dll
0x00007ff9e94d0000 - 0x00007ff9e950b000 	C:\WINDOWS\SYSTEM32\NTASN1.dll
0x00007ff9dd210000 - 0x00007ff9dd217000 	C:\WINDOWS\system32\wshunix.dll
0x00007ff9d74c0000 - 0x00007ff9d74d7000 	C:\WINDOWS\system32\napinsp.dll
0x00007ff9d6aa0000 - 0x00007ff9d6abb000 	C:\WINDOWS\system32\pnrpnsp.dll
0x00007ff9cd7f0000 - 0x00007ff9cd80d000 	C:\WINDOWS\system32\wshbth.dll
0x00007ff9e3b30000 - 0x00007ff9e3b4d000 	C:\WINDOWS\system32\NLAapi.dll
0x00007ff9d5d60000 - 0x00007ff9d5d72000 	C:\WINDOWS\System32\winrnr.dll
0x00007ff9dd090000 - 0x00007ff9dd09a000 	C:\Windows\System32\rasadhlp.dll
0x00007ff9d9cf0000 - 0x00007ff9d9d70000 	C:\WINDOWS\System32\fwpuclnt.dll
0x00007ff9d3bc0000 - 0x00007ff9d3c01000 	C:\Users\dell\AppData\Local\Temp\jna-3079617\jna519662585514012163.dll
0x00007ff9e8d00000 - 0x00007ff9e8d33000 	C:\WINDOWS\SYSTEM32\ntmarta.dll
0x00007ff9d3820000 - 0x00007ff9d3827000 	C:\Program Files\Eclipse Adoptium\jdk-17.0.15.6-hotspot\bin\rmi.dll

dbghelp: loaded successfully - version: 4.0.5 - missing functions: none
symbol engine: initialized successfully - sym options: 0x614 - pdb path: .;C:\Program Files\Eclipse Adoptium\jdk-17.0.15.6-hotspot\bin;C:\WINDOWS\SYSTEM32;C:\WINDOWS\WinSxS\amd64_microsoft.windows.common-controls_6595b64144ccf1df_6.0.19041.5915_none_60b4b9d171f9c7c7;C:\Program Files\Eclipse Adoptium\jdk-17.0.15.6-hotspot\bin\server;C:\Users\dell\.gradle\native\1def1411415f61bf3af743bc5b6707747c0891f09f0c88961ee8f79bc544acac\windows-amd64;C:\Users\dell\.gradle\native\0.2.7\x86_64-windows-gnu;C:\Users\dell\AppData\Local\Temp\jna-3079617

VM Arguments:
jvm_args: --add-opens=java.base/java.lang=ALL-UNNAMED --add-opens=java.base/java.lang.invoke=ALL-UNNAMED --add-opens=java.base/java.util=ALL-UNNAMED --add-opens=java.prefs/java.util.prefs=ALL-UNNAMED --add-exports=jdk.compiler/com.sun.tools.javac.api=ALL-UNNAMED --add-exports=jdk.compiler/com.sun.tools.javac.util=ALL-UNNAMED --add-opens=java.base/java.util=ALL-UNNAMED --add-opens=java.prefs/java.util.prefs=ALL-UNNAMED --add-opens=java.base/java.nio.charset=ALL-UNNAMED --add-opens=java.base/java.net=ALL-UNNAMED --add-opens=java.base/java.util.concurrent.atomic=ALL-UNNAMED --add-opens=java.xml/javax.xml.namespace=ALL-UNNAMED -XX:MaxMetaspaceSize=1024m -Xmx4096m -Dfile.encoding=windows-1252 -Duser.country=US -Duser.language=en -Duser.variant -javaagent:C:\Users\dell\.gradle\wrapper\dists\gradle-8.13-bin\5xuhj0ry160q40clulazy9h7d\gradle-8.13\lib\agents\gradle-instrumentation-agent-8.13.jar 
java_command: org.gradle.launcher.daemon.bootstrap.GradleDaemon 8.13
java_class_path (initial): C:\Users\dell\.gradle\wrapper\dists\gradle-8.13-bin\5xuhj0ry160q40clulazy9h7d\gradle-8.13\lib\gradle-daemon-main-8.13.jar
Launcher Type: SUN_STANDARD

[Global flags]
     intx CICompilerCount                          = 3                                         {product} {ergonomic}
   size_t CompressedClassSpaceSize                 = 872415232                                 {product} {ergonomic}
     uint ConcGCThreads                            = 1                                         {product} {ergonomic}
     uint G1ConcRefinementThreads                  = 4                                         {product} {ergonomic}
   size_t G1HeapRegionSize                         = 2097152                                   {product} {ergonomic}
    uintx GCDrainStackTargetSize                   = 64                                        {product} {ergonomic}
   size_t InitialHeapSize                          = 134217728                                 {product} {ergonomic}
   size_t MarkStackSize                            = 4194304                                   {product} {ergonomic}
   size_t MaxHeapSize                              = 4294967296                                {product} {command line}
   size_t MaxMetaspaceSize                         = 1073741824                                {product} {command line}
   size_t MaxNewSize                               = 2575302656                                {product} {ergonomic}
   size_t MinHeapDeltaBytes                        = 2097152                                   {product} {ergonomic}
   size_t MinHeapSize                              = 8388608                                   {product} {ergonomic}
    uintx NonNMethodCodeHeapSize                   = 5832780                                {pd product} {ergonomic}
    uintx NonProfiledCodeHeapSize                  = 122912730                              {pd product} {ergonomic}
    uintx ProfiledCodeHeapSize                     = 122912730                              {pd product} {ergonomic}
    uintx ReservedCodeCacheSize                    = 251658240                              {pd product} {ergonomic}
     bool SegmentedCodeCache                       = true                                      {product} {ergonomic}
   size_t SoftMaxHeapSize                          = 4294967296                             {manageable} {ergonomic}
     bool UseCompressedClassPointers               = true                           {product lp64_product} {ergonomic}
     bool UseCompressedOops                        = true                           {product lp64_product} {ergonomic}
     bool UseG1GC                                  = true                                      {product} {ergonomic}
     bool UseLargePagesIndividualAllocation        = false                                  {pd product} {ergonomic}

Logging:
Log output configuration:
 #0: stdout all=warning uptime,level,tags
 #1: stderr all=off uptime,level,tags

Environment Variables:
JAVA_HOME=C:\Program Files\Eclipse Adoptium\jdk-17.0.15.6-hotspot\
CLASSPATH=C:\Users\dell\lifeorganizer\android\\gradle\wrapper\gradle-wrapper.jar
PATH=C:\Program Files\Eclipse Adoptium\jdk-17.0.15.6-hotspot\bin;C:\Users\dell\AppData\Local\Android\Sdk;C:\ProgramData\chocolatey\bin\choco.exe\bin;C:\Program Files\;C:\Program Files\Git\cmd;C:\xampp\php;C:\ProgramData\ComposerSetup\bin;C:\Program Files\Eclipse Adoptium\jdk-17.0.15.6-hotspot\\bin;C:\Users\dell\AppData\Local\Microsoft\WindowsApps;C:\Users\dell\AppData\Local\Programs\Microsoft VS Code\bin;C:\Program Files\Azure Data Studio\bin;C:\Users\dell\.dotnet\tools;D:\flutter\bin;C:\Users\dell\AppData\Roaming\Composer\vendor\bin;C:\Users\dell\AppData\Roaming\npm;C:\Users\dell\AppData\Local\Android\Sdk\platform-tools;
USERNAME=dell
OS=Windows_NT
PROCESSOR_IDENTIFIER=Intel64 Family 6 Model 61 Stepping 4, GenuineIntel
TMP=C:\Users\dell\AppData\Local\Temp
TEMP=C:\Users\dell\AppData\Local\Temp



Periodic native trim disabled


---------------  S Y S T E M  ---------------

OS:
 Windows 10 , 64 bit Build 19041 (10.0.19041.5915)
OS uptime: 9 days 18:22 hours

CPU: total 4 (initial active 4) (2 cores per cpu, 2 threads per core) family 6 model 61 stepping 4 microcode 0x2d, cx8, cmov, fxsr, ht, mmx, 3dnowpref, sse, sse2, sse3, ssse3, sse4.1, sse4.2, popcnt, lzcnt, tsc, tscinvbit, avx, avx2, aes, erms, clmul, bmi1, bmi2, rtm, adx, fma, vzeroupper, clflush
Processor Information for all 4 processors :
  Max Mhz: 2295, Current Mhz: 2295, Mhz Limit: 2295

Memory: 4k page, system-wide physical 8082M (524M free)
TotalPageFile size 16274M (AvailPageFile size 0M)
current process WorkingSet (physical memory assigned to process): 1482M, peak: 1495M
current process commit charge ("private bytes"): 2302M, peak: 2329M

vm_info: OpenJDK 64-Bit Server VM (17.0.15+6) for windows-amd64 JRE (17.0.15+6), built on Apr 15 2025 21:25:47 by "admin" with MS VC++ 17.7 (VS2022)

END.
