#
# There is insufficient memory for the Java Runtime Environment to continue.
# Native memory allocation (malloc) failed to allocate 1875216 bytes. Error detail: Chunk::new
# Possible reasons:
#   The system is out of physical RAM or swap space
#   This process is running with CompressedOops enabled, and the Java Heap may be blocking the growth of the native heap
# Possible solutions:
#   Reduce memory load on the system
#   Increase physical memory or swap space
#   Check if swap backing store is full
#   Decrease Java heap size (-Xmx/-Xms)
#   Decrease number of Java threads
#   Decrease Java thread stack sizes (-Xss)
#   Set larger code cache with -XX:ReservedCodeCacheSize=
#   JVM is running with Zero Based Compressed Oops mode in which the Java heap is
#     placed in the first 32GB address space. The Java Heap base address is the
#     maximum limit for the native heap growth. Please use -XX:HeapBaseMinAddress
#     to set the Java Heap base and to place the Java Heap above 32GB virtual address.
# This output file may be truncated or incomplete.
#
#  Out of Memory Error (arena.cpp:191), pid=13704, tid=15268
#
# JRE version: OpenJDK Runtime Environment Temurin-17.0.15+6 (17.0.15+6) (build 17.0.15+6)
# Java VM: OpenJDK 64-Bit Server VM Temurin-17.0.15+6 (17.0.15+6, mixed mode, sharing, tiered, compressed oops, compressed class ptrs, g1 gc, windows-amd64)
# No core dump will be written. Minidumps are not enabled by default on client versions of Windows
#

---------------  S U M M A R Y ------------

Command Line: --add-opens=java.base/java.lang=ALL-UNNAMED --add-opens=java.base/java.lang.invoke=ALL-UNNAMED --add-opens=java.base/java.util=ALL-UNNAMED --add-opens=java.prefs/java.util.prefs=ALL-UNNAMED --add-exports=jdk.compiler/com.sun.tools.javac.api=ALL-UNNAMED --add-exports=jdk.compiler/com.sun.tools.javac.util=ALL-UNNAMED --add-opens=java.base/java.util=ALL-UNNAMED --add-opens=java.prefs/java.util.prefs=ALL-UNNAMED --add-opens=java.base/java.nio.charset=ALL-UNNAMED --add-opens=java.base/java.net=ALL-UNNAMED --add-opens=java.base/java.util.concurrent.atomic=ALL-UNNAMED --add-opens=java.xml/javax.xml.namespace=ALL-UNNAMED -XX:MaxMetaspaceSize=1024m -Xmx4096m -Dfile.encoding=windows-1252 -Duser.country=US -Duser.language=en -Duser.variant -javaagent:C:\Users\dell\.gradle\wrapper\dists\gradle-8.13-bin\5xuhj0ry160q40clulazy9h7d\gradle-8.13\lib\agents\gradle-instrumentation-agent-8.13.jar org.gradle.launcher.daemon.bootstrap.GradleDaemon 8.13

Host: Intel(R) Core(TM) i5-5300U CPU @ 2.30GHz, 4 cores, 7G,  Windows 10 , 64 bit Build 19041 (10.0.19041.5915)
Time: Mon Jul 14 19:17:44 2025 Pakistan Standard Time elapsed time: 1224.641181 seconds (0d 0h 20m 24s)

---------------  T H R E A D  ---------------

Current thread (0x00000240748f58e0):  JavaThread "C2 CompilerThread1" daemon [_thread_in_native, id=15268, stack(0x0000006efbb00000,0x0000006efbc00000)]


Current CompileTask:
C2:1224641 37731       4       com.android.tools.r8.internal.Ie::b (717 bytes)

Stack: [0x0000006efbb00000,0x0000006efbc00000]
Native frames: (J=compiled Java code, j=interpreted, Vv=VM code, C=native code)
V  [jvm.dll+0x682fc9]
V  [jvm.dll+0x839878]
V  [jvm.dll+0x83b323]
V  [jvm.dll+0x83b993]
V  [jvm.dll+0x24725f]
V  [jvm.dll+0xacea4]
V  [jvm.dll+0xad53c]
V  [jvm.dll+0x365c1f]
V  [jvm.dll+0x32fe58]
V  [jvm.dll+0x32f2da]
V  [jvm.dll+0x21824f]
V  [jvm.dll+0x21768f]
V  [jvm.dll+0x1a31b0]
V  [jvm.dll+0x227a9c]
V  [jvm.dll+0x225bfb]
V  [jvm.dll+0x7ef018]
V  [jvm.dll+0x7e94dc]
V  [jvm.dll+0x681ea7]
C  [ucrtbase.dll+0x21bb2]
C  [KERNEL32.DLL+0x17374]
C  [ntdll.dll+0x4cc91]


---------------  P R O C E S S  ---------------

Threads class SMR info:
_java_thread_list=0x000002407553c340, length=100, elements={
0x000002400b411a70, 0x000002402dc6b4b0, 0x000002402dc6c330, 0x000002402dc83d00,
0x000002402dc847d0, 0x000002402dc874b0, 0x000002402dc89ea0, 0x000002402dc8e2b0,
0x000002402dc91cb0, 0x000002402dc9c5e0, 0x00000240670f2f30, 0x00000240671d7770,
0x000002406840fc00, 0x00000240682ebfc0, 0x0000024068b15460, 0x0000024069134060,
0x00000240690b36b0, 0x00000240690c6a80, 0x00000240690c6f90, 0x00000240690c83d0,
0x00000240690c9300, 0x00000240690c79b0, 0x00000240690c7ec0, 0x00000240690c6570,
0x00000240690c8df0, 0x00000240690c88e0, 0x00000240690c9810, 0x00000240690c6060,
0x000002406955eec0, 0x0000024069561740, 0x0000024069562670, 0x000002406955e9b0,
0x000002406955f3d0, 0x000002406955f8e0, 0x0000024069561c50, 0x0000024069560810,
0x0000024069562b80, 0x0000024069560d20, 0x0000024069561230, 0x0000024069563090,
0x00000240695635a0, 0x000002406955e4a0, 0x0000024069563ab0, 0x0000024069563fc0,
0x00000240695644d0, 0x000002406955d060, 0x000002406955d570, 0x00000240695649e0,
0x000002406955df90, 0x000002406a7bea80, 0x000002406a7c3b80, 0x000002406a7c45a0,
0x000002406a7c3670, 0x000002406a7c4ab0, 0x000002406a7c1300, 0x000002406a7c4fc0,
0x000002406a7c54d0, 0x000002406a7c1810, 0x000002406a7bf4a0, 0x000002406a7be060,
0x000002406a7c59e0, 0x000002406a7c1d20, 0x000002406a7be570, 0x000002406a7bf9b0,
0x000002406bd6adf0, 0x000002406bd694a0, 0x000002406bd6b300, 0x000002406bd6d670,
0x000002406bd6a8e0, 0x000002406bd699b0, 0x000002406bd6db80, 0x000002406bd68f90,
0x000002406bd6bd20, 0x000002406bd69ec0, 0x000002406bd6cc50, 0x000002406bd6a3d0,
0x000002406bd6b810, 0x000002406bd6c230, 0x000002406bd6c740, 0x000002406bd68570,
0x000002406bd68a80, 0x000002406bd6e090, 0x000002406bd6e5a0, 0x000002406bd6f4d0,
0x0000024074127f50, 0x000002407412e9a0, 0x0000024075086f80, 0x0000024075086560,
0x0000024075087490, 0x0000024072c5f1a0, 0x00000240671e4550, 0x00000240671e68c0,
0x000002406d5c2c00, 0x000002406d5c3110, 0x0000024073e31870, 0x0000024073e2e5d0,
0x00000240748f58e0, 0x000002406d5c3620, 0x00000240780c1920, 0x00000240780c1410
}

Java Threads: ( => current thread )
  0x000002400b411a70 JavaThread "main" [_thread_blocked, id=15892, stack(0x0000006ef4f00000,0x0000006ef5000000)]
  0x000002402dc6b4b0 JavaThread "Reference Handler" daemon [_thread_blocked, id=19664, stack(0x0000006ef5600000,0x0000006ef5700000)]
  0x000002402dc6c330 JavaThread "Finalizer" daemon [_thread_blocked, id=604, stack(0x0000006ef5700000,0x0000006ef5800000)]
  0x000002402dc83d00 JavaThread "Signal Dispatcher" daemon [_thread_blocked, id=12000, stack(0x0000006ef5800000,0x0000006ef5900000)]
  0x000002402dc847d0 JavaThread "Attach Listener" daemon [_thread_blocked, id=4348, stack(0x0000006ef5900000,0x0000006ef5a00000)]
  0x000002402dc874b0 JavaThread "Service Thread" daemon [_thread_blocked, id=19324, stack(0x0000006ef5a00000,0x0000006ef5b00000)]
  0x000002402dc89ea0 JavaThread "Monitor Deflation Thread" daemon [_thread_blocked, id=1976, stack(0x0000006ef5b00000,0x0000006ef5c00000)]
  0x000002402dc8e2b0 JavaThread "C2 CompilerThread0" daemon [_thread_in_native, id=16312, stack(0x0000006ef5c00000,0x0000006ef5d00000)]
  0x000002402dc91cb0 JavaThread "C1 CompilerThread0" daemon [_thread_blocked, id=9884, stack(0x0000006ef5d00000,0x0000006ef5e00000)]
  0x000002402dc9c5e0 JavaThread "Sweeper thread" daemon [_thread_blocked, id=10844, stack(0x0000006ef5e00000,0x0000006ef5f00000)]
  0x00000240670f2f30 JavaThread "Common-Cleaner" daemon [_thread_blocked, id=19536, stack(0x0000006ef5f00000,0x0000006ef6000000)]
  0x00000240671d7770 JavaThread "Notification Thread" daemon [_thread_blocked, id=16292, stack(0x0000006ef6000000,0x0000006ef6100000)]
  0x000002406840fc00 JavaThread "Daemon health stats" [_thread_blocked, id=8404, stack(0x0000006ef6500000,0x0000006ef6600000)]
  0x00000240682ebfc0 JavaThread "Incoming local TCP Connector on port 55623" [_thread_in_native, id=12540, stack(0x0000006ef6600000,0x0000006ef6700000)]
  0x0000024068b15460 JavaThread "Daemon periodic checks" [_thread_blocked, id=6424, stack(0x0000006ef6700000,0x0000006ef6800000)]
  0x0000024069134060 JavaThread "Daemon" [_thread_blocked, id=19192, stack(0x0000006ef6900000,0x0000006ef6a00000)]
  0x00000240690b36b0 JavaThread "Handler for socket connection from /127.0.0.1:55623 to /127.0.0.1:55624" [_thread_in_native, id=16484, stack(0x0000006ef6a00000,0x0000006ef6b00000)]
  0x00000240690c6a80 JavaThread "Cancel handler" [_thread_blocked, id=1676, stack(0x0000006ef6b00000,0x0000006ef6c00000)]
  0x00000240690c6f90 JavaThread "Daemon worker" [_thread_blocked, id=10476, stack(0x0000006ef6c00000,0x0000006ef6d00000)]
  0x00000240690c83d0 JavaThread "Asynchronous log dispatcher for DefaultDaemonConnection: socket connection from /127.0.0.1:55623 to /127.0.0.1:55624" [_thread_blocked, id=15908, stack(0x0000006ef6d00000,0x0000006ef6e00000)]
  0x00000240690c9300 JavaThread "Stdin handler" [_thread_blocked, id=9320, stack(0x0000006ef6e00000,0x0000006ef6f00000)]
  0x00000240690c79b0 JavaThread "Daemon client event forwarder" [_thread_blocked, id=5344, stack(0x0000006ef6f00000,0x0000006ef7000000)]
  0x00000240690c7ec0 JavaThread "Cache worker for journal cache (C:\Users\dell\.gradle\caches\journal-1)" [_thread_blocked, id=20364, stack(0x0000006ef7000000,0x0000006ef7100000)]
  0x00000240690c6570 JavaThread "File lock request listener" [_thread_in_native, id=18016, stack(0x0000006ef7100000,0x0000006ef7200000)]
  0x00000240690c8df0 JavaThread "Cache worker for file hash cache (C:\Users\dell\.gradle\caches\8.13\fileHashes)" [_thread_blocked, id=11048, stack(0x0000006ef7200000,0x0000006ef7300000)]
  0x00000240690c88e0 JavaThread "Cache worker for file hash cache (C:\Users\dell\lifeorganizer\android\.gradle\8.13\fileHashes)" [_thread_blocked, id=20464, stack(0x0000006ef7300000,0x0000006ef7400000)]
  0x00000240690c9810 JavaThread "Cache worker for Build Output Cleanup Cache (C:\Users\dell\lifeorganizer\android\.gradle\buildOutputCleanup)" [_thread_blocked, id=3672, stack(0x0000006ef7400000,0x0000006ef7500000)]
  0x00000240690c6060 JavaThread "File watcher server" daemon [_thread_in_native, id=20076, stack(0x0000006ef7500000,0x0000006ef7600000)]
  0x000002406955eec0 JavaThread "File watcher consumer" daemon [_thread_blocked, id=4124, stack(0x0000006ef7600000,0x0000006ef7700000)]
  0x0000024069561740 JavaThread "jar transforms" [_thread_blocked, id=16988, stack(0x0000006ef7700000,0x0000006ef7800000)]
  0x0000024069562670 JavaThread "Cache worker for checksums cache (C:\Users\dell\lifeorganizer\android\.gradle\8.13\checksums)" [_thread_blocked, id=11584, stack(0x0000006ef7800000,0x0000006ef7900000)]
  0x000002406955e9b0 JavaThread "Cache worker for file content cache (C:\Users\dell\.gradle\caches\8.13\fileContent)" [_thread_blocked, id=10312, stack(0x0000006ef7900000,0x0000006ef7a00000)]
  0x000002406955f3d0 JavaThread "Cache worker for cache directory md-supplier (C:\Users\dell\.gradle\caches\8.13\md-supplier)" [_thread_blocked, id=3732, stack(0x0000006ef7a00000,0x0000006ef7b00000)]
  0x000002406955f8e0 JavaThread "Cache worker for cache directory md-rule (C:\Users\dell\.gradle\caches\8.13\md-rule)" [_thread_blocked, id=1224, stack(0x0000006ef7b00000,0x0000006ef7c00000)]
  0x0000024069561c50 JavaThread "Cache worker for Build Output Cleanup Cache (C:\Users\dell\lifeorganizer\node_modules\@react-native\gradle-plugin\.gradle\buildOutputCleanup)" [_thread_blocked, id=17324, stack(0x0000006ef7c00000,0x0000006ef7d00000)]
  0x0000024069560810 JavaThread "Unconstrained build operations" [_thread_blocked, id=16544, stack(0x0000006ef7d00000,0x0000006ef7e00000)]
  0x0000024069562b80 JavaThread "Unconstrained build operations Thread 2" [_thread_blocked, id=4984, stack(0x0000006ef7e00000,0x0000006ef7f00000)]
  0x0000024069560d20 JavaThread "Unconstrained build operations Thread 3" [_thread_blocked, id=6468, stack(0x0000006ef7f00000,0x0000006ef8000000)]
  0x0000024069561230 JavaThread "Unconstrained build operations Thread 4" [_thread_blocked, id=14512, stack(0x0000006ef8000000,0x0000006ef8100000)]
  0x0000024069563090 JavaThread "Unconstrained build operations Thread 5" [_thread_blocked, id=18112, stack(0x0000006ef8100000,0x0000006ef8200000)]
  0x00000240695635a0 JavaThread "Unconstrained build operations Thread 6" [_thread_blocked, id=5988, stack(0x0000006ef8200000,0x0000006ef8300000)]
  0x000002406955e4a0 JavaThread "Unconstrained build operations Thread 7" [_thread_blocked, id=19388, stack(0x0000006ef8300000,0x0000006ef8400000)]
  0x0000024069563ab0 JavaThread "Unconstrained build operations Thread 8" [_thread_blocked, id=9224, stack(0x0000006ef8400000,0x0000006ef8500000)]
  0x0000024069563fc0 JavaThread "Unconstrained build operations Thread 9" [_thread_blocked, id=18212, stack(0x0000006ef8500000,0x0000006ef8600000)]
  0x00000240695644d0 JavaThread "Unconstrained build operations Thread 10" [_thread_blocked, id=13920, stack(0x0000006ef8600000,0x0000006ef8700000)]
  0x000002406955d060 JavaThread "Unconstrained build operations Thread 11" [_thread_blocked, id=19308, stack(0x0000006ef8700000,0x0000006ef8800000)]
  0x000002406955d570 JavaThread "Unconstrained build operations Thread 12" [_thread_blocked, id=11984, stack(0x0000006ef8800000,0x0000006ef8900000)]
  0x00000240695649e0 JavaThread "Unconstrained build operations Thread 13" [_thread_in_vm, id=19640, stack(0x0000006ef6800000,0x0000006ef6900000)]
  0x000002406955df90 JavaThread "Unconstrained build operations Thread 14" [_thread_blocked, id=18476, stack(0x0000006ef8900000,0x0000006ef8a00000)]
  0x000002406a7bea80 JavaThread "Unconstrained build operations Thread 15" [_thread_blocked, id=19152, stack(0x0000006ef8a00000,0x0000006ef8b00000)]
  0x000002406a7c3b80 JavaThread "build event listener" [_thread_blocked, id=19268, stack(0x0000006ef8c00000,0x0000006ef8d00000)]
  0x000002406a7c45a0 JavaThread "Memory manager" [_thread_blocked, id=20420, stack(0x0000006ef8d00000,0x0000006ef8e00000)]
  0x000002406a7c3670 JavaThread "Execution worker" [_thread_blocked, id=18580, stack(0x0000006ef9400000,0x0000006ef9500000)]
  0x000002406a7c4ab0 JavaThread "Execution worker Thread 2" [_thread_blocked, id=7068, stack(0x0000006ef9500000,0x0000006ef9600000)]
  0x000002406a7c1300 JavaThread "Execution worker Thread 3" [_thread_blocked, id=17744, stack(0x0000006ef9600000,0x0000006ef9700000)]
  0x000002406a7c4fc0 JavaThread "Cache worker for execution history cache (C:\Users\dell\lifeorganizer\node_modules\@react-native\gradle-plugin\.gradle\8.13\executionHistory)" [_thread_blocked, id=10256, stack(0x0000006ef9700000,0x0000006ef9800000)]
  0x000002406a7c54d0 JavaThread "Unconstrained build operations Thread 16" [_thread_blocked, id=188, stack(0x0000006ef9900000,0x0000006ef9a00000)]
  0x000002406a7c1810 JavaThread "Unconstrained build operations Thread 17" [_thread_blocked, id=2912, stack(0x0000006ef9a00000,0x0000006ef9b00000)]
  0x000002406a7bf4a0 JavaThread "Unconstrained build operations Thread 18" [_thread_blocked, id=14132, stack(0x0000006ef9b00000,0x0000006ef9c00000)]
  0x000002406a7be060 JavaThread "Unconstrained build operations Thread 19" [_thread_blocked, id=19484, stack(0x0000006ef9c00000,0x0000006ef9d00000)]
  0x000002406a7c59e0 JavaThread "Unconstrained build operations Thread 20" [_thread_blocked, id=18936, stack(0x0000006ef9d00000,0x0000006ef9e00000)]
  0x000002406a7c1d20 JavaThread "Unconstrained build operations Thread 21" [_thread_blocked, id=2972, stack(0x0000006ef9e00000,0x0000006ef9f00000)]
  0x000002406a7be570 JavaThread "Unconstrained build operations Thread 22" [_thread_blocked, id=17892, stack(0x0000006ef9f00000,0x0000006efa000000)]
  0x000002406a7bf9b0 JavaThread "Unconstrained build operations Thread 23" [_thread_blocked, id=18932, stack(0x0000006efa000000,0x0000006efa100000)]
  0x000002406bd6adf0 JavaThread "Unconstrained build operations Thread 24" [_thread_blocked, id=17200, stack(0x0000006efa100000,0x0000006efa200000)]
  0x000002406bd694a0 JavaThread "Unconstrained build operations Thread 25" [_thread_blocked, id=13992, stack(0x0000006efa200000,0x0000006efa300000)]
  0x000002406bd6b300 JavaThread "Unconstrained build operations Thread 26" [_thread_blocked, id=18972, stack(0x0000006efa300000,0x0000006efa400000)]
  0x000002406bd6d670 JavaThread "Unconstrained build operations Thread 27" [_thread_blocked, id=6232, stack(0x0000006efa400000,0x0000006efa500000)]
  0x000002406bd6a8e0 JavaThread "Unconstrained build operations Thread 28" [_thread_blocked, id=10864, stack(0x0000006efa500000,0x0000006efa600000)]
  0x000002406bd699b0 JavaThread "Unconstrained build operations Thread 29" [_thread_blocked, id=20160, stack(0x0000006efa600000,0x0000006efa700000)]
  0x000002406bd6db80 JavaThread "Unconstrained build operations Thread 30" [_thread_blocked, id=11932, stack(0x0000006efa700000,0x0000006efa800000)]
  0x000002406bd68f90 JavaThread "Unconstrained build operations Thread 31" [_thread_blocked, id=5132, stack(0x0000006efa800000,0x0000006efa900000)]
  0x000002406bd6bd20 JavaThread "Unconstrained build operations Thread 32" [_thread_blocked, id=7668, stack(0x0000006efa900000,0x0000006efaa00000)]
  0x000002406bd69ec0 JavaThread "Unconstrained build operations Thread 33" [_thread_blocked, id=19372, stack(0x0000006efaa00000,0x0000006efab00000)]
  0x000002406bd6cc50 JavaThread "Unconstrained build operations Thread 34" [_thread_blocked, id=17184, stack(0x0000006efab00000,0x0000006efac00000)]
  0x000002406bd6a3d0 JavaThread "Unconstrained build operations Thread 35" [_thread_in_vm, id=15140, stack(0x0000006efac00000,0x0000006efad00000)]
  0x000002406bd6b810 JavaThread "Unconstrained build operations Thread 36" [_thread_blocked, id=6652, stack(0x0000006efad00000,0x0000006efae00000)]
  0x000002406bd6c230 JavaThread "Unconstrained build operations Thread 37" [_thread_blocked, id=2272, stack(0x0000006efae00000,0x0000006efaf00000)]
  0x000002406bd6c740 JavaThread "jar transforms Thread 2" [_thread_blocked, id=6928, stack(0x0000006efaf00000,0x0000006efb000000)]
  0x000002406bd68570 JavaThread "jar transforms Thread 3" [_thread_blocked, id=18444, stack(0x0000006efb000000,0x0000006efb100000)]
  0x000002406bd68a80 JavaThread "Unconstrained build operations Thread 38" [_thread_blocked, id=12448, stack(0x0000006efb100000,0x0000006efb200000)]
  0x000002406bd6e090 JavaThread "Unconstrained build operations Thread 39" [_thread_blocked, id=11760, stack(0x0000006efb200000,0x0000006efb300000)]
  0x000002406bd6e5a0 JavaThread "Unconstrained build operations Thread 40" [_thread_blocked, id=19300, stack(0x0000006efb300000,0x0000006efb400000)]
  0x000002406bd6f4d0 JavaThread "jar transforms Thread 4" [_thread_blocked, id=16768, stack(0x0000006efb400000,0x0000006efb500000)]
  0x0000024074127f50 JavaThread "Problems report writer" [_thread_blocked, id=14284, stack(0x0000006efb500000,0x0000006efb600000)]
  0x000002407412e9a0 JavaThread "build event listener" [_thread_blocked, id=5564, stack(0x0000006efb600000,0x0000006efb700000)]
  0x0000024075086f80 JavaThread "pool-3-thread-1" [_thread_blocked, id=11304, stack(0x0000006ef8f00000,0x0000006ef9000000)]
  0x0000024075086560 JavaThread "build event listener" [_thread_blocked, id=8656, stack(0x0000006ef9000000,0x0000006ef9100000)]
  0x0000024075087490 JavaThread "included builds Thread 2" [_thread_blocked, id=17756, stack(0x0000006ef9100000,0x0000006ef9200000)]
  0x0000024072c5f1a0 JavaThread "Cache worker for execution history cache (C:\Users\dell\lifeorganizer\android\.gradle\8.13\executionHistory)" [_thread_blocked, id=15812, stack(0x0000006ef9200000,0x0000006ef9300000)]
  0x00000240671e4550 JavaThread "File lock release action executor Thread 2" [_thread_blocked, id=19604, stack(0x0000006ef9800000,0x0000006ef9900000)]
  0x00000240671e68c0 JavaThread "pool-4-thread-1" [_thread_blocked, id=17376, stack(0x0000006ef8b00000,0x0000006ef8c00000)]
  0x000002406d5c2c00 JavaThread "stderr" [_thread_in_native, id=6096, stack(0x0000006ef8e00000,0x0000006ef8f00000)]
  0x000002406d5c3110 JavaThread "stdout" [_thread_in_native, id=4960, stack(0x0000006ef9300000,0x0000006ef9400000)]
  0x0000024073e31870 JavaThread "stderr" [_thread_in_native, id=17608, stack(0x0000006efb900000,0x0000006efba00000)]
  0x0000024073e2e5d0 JavaThread "stdout" [_thread_in_native, id=4660, stack(0x0000006efba00000,0x0000006efbb00000)]
=>0x00000240748f58e0 JavaThread "C2 CompilerThread1" daemon [_thread_in_native, id=15268, stack(0x0000006efbb00000,0x0000006efbc00000)]
  0x000002406d5c3620 JavaThread "Exec process Thread 7" [_thread_in_native, id=13800, stack(0x0000006ef4c00000,0x0000006ef4d00000)]
  0x00000240780c1920 JavaThread "Exec process Thread 8" [_thread_in_native, id=18560, stack(0x0000006efbd00000,0x0000006efbe00000)]
  0x00000240780c1410 JavaThread "Exec process Thread 9" [_thread_in_native, id=17268, stack(0x0000006efbe00000,0x0000006efbf00000)]

Other Threads:
  0x000002402dc5fad0 VMThread "VM Thread" [stack: 0x0000006ef5500000,0x0000006ef5600000] [id=18232]
  0x000002406718e0e0 WatcherThread [stack: 0x0000006ef6100000,0x0000006ef6200000] [id=11560]
  0x000002400b47f170 GCTaskThread "GC Thread#0" [stack: 0x0000006ef5000000,0x0000006ef5100000] [id=16128]
  0x00000240673b2900 GCTaskThread "GC Thread#1" [stack: 0x0000006ef6300000,0x0000006ef6400000] [id=5332]
  0x00000240673cfb20 GCTaskThread "GC Thread#2" [stack: 0x0000006ef6400000,0x0000006ef6500000] [id=340]
  0x0000024068e4ad80 GCTaskThread "GC Thread#3" [stack: 0x0000006ef6200000,0x0000006ef6300000] [id=7460]
  0x000002400b4900c0 ConcurrentGCThread "G1 Main Marker" [stack: 0x0000006ef5100000,0x0000006ef5200000] [id=12252]
  0x000002400b491280 ConcurrentGCThread "G1 Conc#0" [stack: 0x0000006ef5200000,0x0000006ef5300000] [id=8684]
  0x000002400b4c7110 ConcurrentGCThread "G1 Refine#0" [stack: 0x0000006ef5300000,0x0000006ef5400000] [id=18276]
  0x000002406b48d4e0 ConcurrentGCThread "G1 Refine#1" [stack: 0x0000006ef4d00000,0x0000006ef4e00000] [id=14240]
  0x000002406d79d3d0 ConcurrentGCThread "G1 Refine#2" [stack: 0x0000006efbc00000,0x0000006efbd00000] [id=17628]
  0x000002400b4c7b40 ConcurrentGCThread "G1 Service" [stack: 0x0000006ef5400000,0x0000006ef5500000] [id=17980]

Threads with active compile tasks:
C2 CompilerThread0  1224708 37500       4       com.android.tools.r8.internal.JA::a (2755 bytes)
C2 CompilerThread1  1224708 37731       4       com.android.tools.r8.internal.Ie::b (717 bytes)

VM state: not at safepoint (normal execution)

VM Mutex/Monitor currently owned by a thread: None

Heap address: 0x0000000700000000, size: 4096 MB, Compressed Oops mode: Zero based, Oop shift amount: 3

CDS archive(s) mapped at: [0x000002402e000000-0x000002402ebb0000-0x000002402ebb0000), size 12255232, SharedBaseAddress: 0x000002402e000000, ArchiveRelocationMode: 1.
Compressed class space mapped at: 0x000002402f000000-0x0000024063000000, reserved size: 872415232
Narrow klass base: 0x000002402e000000, Narrow klass shift: 0, Narrow klass range: 0x100000000

GC Precious Log:
 CPUs: 4 total, 4 available
 Memory: 8082M
 Large Page Support: Disabled
 NUMA Support: Disabled
 Compressed Oops: Enabled (Zero based)
 Heap Region Size: 2M
 Heap Min Capacity: 8M
 Heap Initial Capacity: 128M
 Heap Max Capacity: 4G
 Pre-touch: Disabled
 Parallel Workers: 4
 Concurrent Workers: 1
 Concurrent Refinement Workers: 4
 Periodic GC: Disabled

Heap:
 garbage-first heap   total 731136K, used 569698K [0x0000000700000000, 0x0000000800000000)
  region size 2048K, 57 young (116736K), 5 survivors (10240K)
 Metaspace       used 167638K, committed 169472K, reserved 1048576K
  class space    used 21996K, committed 22848K, reserved 851968K

Heap Regions: E=young(eden), S=young(survivor), O=old, HS=humongous(starts), HC=humongous(continues), CS=collection set, F=free, OA=open archive, CA=closed archive, TAMS=top-at-mark-start (previous, next)
|   0|0x0000000700000000, 0x0000000700200000, 0x0000000700200000|100%|HS|  |TAMS 0x0000000700200000, 0x0000000700000000| Complete 
|   1|0x0000000700200000, 0x0000000700400000, 0x0000000700400000|100%|HC|  |TAMS 0x0000000700400000, 0x0000000700200000| Complete 
|   2|0x0000000700400000, 0x0000000700600000, 0x0000000700600000|100%| O|  |TAMS 0x0000000700600000, 0x0000000700400000| Untracked 
|   3|0x0000000700600000, 0x0000000700800000, 0x0000000700800000|100%| O|  |TAMS 0x0000000700800000, 0x0000000700600000| Untracked 
|   4|0x0000000700800000, 0x0000000700a00000, 0x0000000700a00000|100%| O|  |TAMS 0x0000000700a00000, 0x0000000700800000| Untracked 
|   5|0x0000000700a00000, 0x0000000700c00000, 0x0000000700c00000|100%| O|  |TAMS 0x0000000700c00000, 0x0000000700a00000| Untracked 
|   6|0x0000000700c00000, 0x0000000700e00000, 0x0000000700e00000|100%| O|  |TAMS 0x0000000700e00000, 0x0000000700c00000| Untracked 
|   7|0x0000000700e00000, 0x0000000701000000, 0x0000000701000000|100%| O|  |TAMS 0x0000000701000000, 0x0000000700e00000| Untracked 
|   8|0x0000000701000000, 0x0000000701200000, 0x0000000701200000|100%| O|  |TAMS 0x0000000701200000, 0x0000000701000000| Untracked 
|   9|0x0000000701200000, 0x0000000701400000, 0x0000000701400000|100%| O|  |TAMS 0x0000000701400000, 0x0000000701200000| Untracked 
|  10|0x0000000701400000, 0x0000000701600000, 0x0000000701600000|100%| O|  |TAMS 0x0000000701600000, 0x0000000701400000| Untracked 
|  11|0x0000000701600000, 0x0000000701800000, 0x0000000701800000|100%| O|  |TAMS 0x0000000701800000, 0x0000000701600000| Untracked 
|  12|0x0000000701800000, 0x0000000701a00000, 0x0000000701a00000|100%| O|  |TAMS 0x0000000701a00000, 0x0000000701800000| Untracked 
|  13|0x0000000701a00000, 0x0000000701c00000, 0x0000000701c00000|100%| O|  |TAMS 0x0000000701c00000, 0x0000000701a00000| Untracked 
|  14|0x0000000701c00000, 0x0000000701e00000, 0x0000000701e00000|100%| O|  |TAMS 0x0000000701e00000, 0x0000000701c00000| Untracked 
|  15|0x0000000701e00000, 0x0000000702000000, 0x0000000702000000|100%| O|  |TAMS 0x0000000702000000, 0x0000000701e00000| Untracked 
|  16|0x0000000702000000, 0x0000000702200000, 0x0000000702200000|100%| O|  |TAMS 0x0000000702200000, 0x0000000702000000| Untracked 
|  17|0x0000000702200000, 0x0000000702400000, 0x0000000702400000|100%| O|  |TAMS 0x0000000702400000, 0x0000000702200000| Untracked 
|  18|0x0000000702400000, 0x0000000702600000, 0x0000000702600000|100%|HS|  |TAMS 0x0000000702600000, 0x0000000702400000| Complete 
|  19|0x0000000702600000, 0x0000000702800000, 0x0000000702800000|100%|HS|  |TAMS 0x0000000702800000, 0x0000000702600000| Complete 
|  20|0x0000000702800000, 0x0000000702a00000, 0x0000000702a00000|100%|HC|  |TAMS 0x0000000702a00000, 0x0000000702800000| Complete 
|  21|0x0000000702a00000, 0x0000000702c00000, 0x0000000702c00000|100%| O|  |TAMS 0x0000000702c00000, 0x0000000702a00000| Untracked 
|  22|0x0000000702c00000, 0x0000000702e00000, 0x0000000702e00000|100%|HS|  |TAMS 0x0000000702e00000, 0x0000000702c00000| Complete 
|  23|0x0000000702e00000, 0x0000000703000000, 0x0000000703000000|100%| O|  |TAMS 0x0000000703000000, 0x0000000702e00000| Untracked 
|  24|0x0000000703000000, 0x0000000703200000, 0x0000000703200000|100%| O|  |TAMS 0x0000000703200000, 0x0000000703000000| Untracked 
|  25|0x0000000703200000, 0x0000000703400000, 0x0000000703400000|100%| O|  |TAMS 0x0000000703400000, 0x0000000703200000| Untracked 
|  26|0x0000000703400000, 0x0000000703600000, 0x0000000703600000|100%|HS|  |TAMS 0x0000000703600000, 0x0000000703400000| Complete 
|  27|0x0000000703600000, 0x0000000703800000, 0x0000000703800000|100%|HC|  |TAMS 0x0000000703800000, 0x0000000703600000| Complete 
|  28|0x0000000703800000, 0x0000000703a00000, 0x0000000703a00000|100%| O|  |TAMS 0x0000000703a00000, 0x0000000703800000| Untracked 
|  29|0x0000000703a00000, 0x0000000703c00000, 0x0000000703c00000|100%| O|  |TAMS 0x0000000703c00000, 0x0000000703a00000| Untracked 
|  30|0x0000000703c00000, 0x0000000703e00000, 0x0000000703e00000|100%| O|  |TAMS 0x0000000703e00000, 0x0000000703c00000| Untracked 
|  31|0x0000000703e00000, 0x0000000704000000, 0x0000000704000000|100%| O|  |TAMS 0x0000000704000000, 0x0000000703e00000| Untracked 
|  32|0x0000000704000000, 0x0000000704200000, 0x0000000704200000|100%| O|  |TAMS 0x0000000704200000, 0x0000000704000000| Untracked 
|  33|0x0000000704200000, 0x0000000704400000, 0x0000000704400000|100%| O|  |TAMS 0x0000000704400000, 0x0000000704200000| Untracked 
|  34|0x0000000704400000, 0x0000000704600000, 0x0000000704600000|100%| O|  |TAMS 0x0000000704600000, 0x0000000704400000| Untracked 
|  35|0x0000000704600000, 0x0000000704800000, 0x0000000704800000|100%| O|  |TAMS 0x0000000704800000, 0x0000000704600000| Untracked 
|  36|0x0000000704800000, 0x0000000704a00000, 0x0000000704a00000|100%| O|  |TAMS 0x0000000704800000, 0x0000000704800000| Untracked 
|  37|0x0000000704a00000, 0x0000000704c00000, 0x0000000704c00000|100%| O|  |TAMS 0x0000000704c00000, 0x0000000704a00000| Untracked 
|  38|0x0000000704c00000, 0x0000000704e00000, 0x0000000704e00000|100%| O|  |TAMS 0x0000000704e00000, 0x0000000704c00000| Untracked 
|  39|0x0000000704e00000, 0x0000000705000000, 0x0000000705000000|100%| O|  |TAMS 0x0000000705000000, 0x0000000704e00000| Untracked 
|  40|0x0000000705000000, 0x0000000705200000, 0x0000000705200000|100%| O|  |TAMS 0x0000000705200000, 0x0000000705000000| Untracked 
|  41|0x0000000705200000, 0x0000000705400000, 0x0000000705400000|100%| O|  |TAMS 0x0000000705400000, 0x0000000705200000| Untracked 
|  42|0x0000000705400000, 0x0000000705600000, 0x0000000705600000|100%| O|  |TAMS 0x0000000705600000, 0x0000000705400000| Untracked 
|  43|0x0000000705600000, 0x0000000705800000, 0x0000000705800000|100%| O|  |TAMS 0x0000000705800000, 0x0000000705600000| Untracked 
|  44|0x0000000705800000, 0x0000000705a00000, 0x0000000705a00000|100%| O|  |TAMS 0x0000000705a00000, 0x0000000705800000| Untracked 
|  45|0x0000000705a00000, 0x0000000705c00000, 0x0000000705c00000|100%| O|  |TAMS 0x0000000705c00000, 0x0000000705a00000| Untracked 
|  46|0x0000000705c00000, 0x0000000705e00000, 0x0000000705e00000|100%| O|  |TAMS 0x0000000705e00000, 0x0000000705c00000| Untracked 
|  47|0x0000000705e00000, 0x0000000706000000, 0x0000000706000000|100%| O|  |TAMS 0x0000000706000000, 0x0000000705e00000| Untracked 
|  48|0x0000000706000000, 0x0000000706200000, 0x0000000706200000|100%|HS|  |TAMS 0x0000000706200000, 0x0000000706000000| Complete 
|  49|0x0000000706200000, 0x0000000706400000, 0x0000000706400000|100%| O|  |TAMS 0x0000000706400000, 0x0000000706200000| Untracked 
|  50|0x0000000706400000, 0x0000000706600000, 0x0000000706600000|100%| O|  |TAMS 0x0000000706600000, 0x0000000706400000| Untracked 
|  51|0x0000000706600000, 0x0000000706800000, 0x0000000706800000|100%| O|  |TAMS 0x0000000706800000, 0x0000000706600000| Untracked 
|  52|0x0000000706800000, 0x0000000706a00000, 0x0000000706a00000|100%| O|  |TAMS 0x0000000706a00000, 0x0000000706800000| Untracked 
|  53|0x0000000706a00000, 0x0000000706c00000, 0x0000000706c00000|100%| O|  |TAMS 0x0000000706c00000, 0x0000000706a00000| Untracked 
|  54|0x0000000706c00000, 0x0000000706e00000, 0x0000000706e00000|100%| O|  |TAMS 0x0000000706e00000, 0x0000000706c00000| Untracked 
|  55|0x0000000706e00000, 0x0000000707000000, 0x0000000707000000|100%| O|  |TAMS 0x0000000707000000, 0x0000000706e00000| Untracked 
|  56|0x0000000707000000, 0x0000000707200000, 0x0000000707200000|100%| O|  |TAMS 0x0000000707200000, 0x0000000707000000| Untracked 
|  57|0x0000000707200000, 0x0000000707400000, 0x0000000707400000|100%| O|  |TAMS 0x0000000707400000, 0x0000000707200000| Untracked 
|  58|0x0000000707400000, 0x0000000707600000, 0x0000000707600000|100%| O|  |TAMS 0x0000000707600000, 0x0000000707400000| Untracked 
|  59|0x0000000707600000, 0x0000000707800000, 0x0000000707800000|100%| O|  |TAMS 0x0000000707800000, 0x0000000707600000| Untracked 
|  60|0x0000000707800000, 0x0000000707a00000, 0x0000000707a00000|100%| O|  |TAMS 0x0000000707a00000, 0x0000000707800000| Untracked 
|  61|0x0000000707a00000, 0x0000000707c00000, 0x0000000707c00000|100%| O|  |TAMS 0x0000000707c00000, 0x0000000707a00000| Untracked 
|  62|0x0000000707c00000, 0x0000000707e00000, 0x0000000707e00000|100%| O|  |TAMS 0x0000000707e00000, 0x0000000707c00000| Untracked 
|  63|0x0000000707e00000, 0x0000000708000000, 0x0000000708000000|100%| O|  |TAMS 0x0000000708000000, 0x0000000707e00000| Untracked 
|  64|0x0000000708000000, 0x0000000708200000, 0x0000000708200000|100%| O|  |TAMS 0x0000000708200000, 0x0000000708000000| Untracked 
|  65|0x0000000708200000, 0x0000000708400000, 0x0000000708400000|100%| O|  |TAMS 0x0000000708400000, 0x0000000708200000| Untracked 
|  66|0x0000000708400000, 0x0000000708600000, 0x0000000708600000|100%| O|  |TAMS 0x0000000708600000, 0x0000000708400000| Untracked 
|  67|0x0000000708600000, 0x0000000708800000, 0x0000000708800000|100%| O|  |TAMS 0x0000000708800000, 0x0000000708600000| Untracked 
|  68|0x0000000708800000, 0x0000000708a00000, 0x0000000708a00000|100%| O|  |TAMS 0x0000000708a00000, 0x0000000708800000| Untracked 
|  69|0x0000000708a00000, 0x0000000708c00000, 0x0000000708c00000|100%| O|  |TAMS 0x0000000708c00000, 0x0000000708a00000| Untracked 
|  70|0x0000000708c00000, 0x0000000708e00000, 0x0000000708e00000|100%| O|  |TAMS 0x0000000708e00000, 0x0000000708c00000| Untracked 
|  71|0x0000000708e00000, 0x0000000709000000, 0x0000000709000000|100%| O|  |TAMS 0x0000000709000000, 0x0000000708e00000| Untracked 
|  72|0x0000000709000000, 0x0000000709200000, 0x0000000709200000|100%| O|  |TAMS 0x0000000709000000, 0x0000000709000000| Untracked 
|  73|0x0000000709200000, 0x0000000709400000, 0x0000000709400000|100%| O|  |TAMS 0x0000000709400000, 0x0000000709200000| Untracked 
|  74|0x0000000709400000, 0x0000000709600000, 0x0000000709600000|100%| O|  |TAMS 0x0000000709400000, 0x0000000709400000| Untracked 
|  75|0x0000000709600000, 0x0000000709800000, 0x0000000709800000|100%|HS|  |TAMS 0x0000000709800000, 0x0000000709600000| Complete 
|  76|0x0000000709800000, 0x0000000709a00000, 0x0000000709a00000|100%| O|  |TAMS 0x0000000709a00000, 0x0000000709800000| Untracked 
|  77|0x0000000709a00000, 0x0000000709c00000, 0x0000000709c00000|100%| O|  |TAMS 0x0000000709c00000, 0x0000000709a00000| Untracked 
|  78|0x0000000709c00000, 0x0000000709e00000, 0x0000000709e00000|100%| O|  |TAMS 0x0000000709e00000, 0x0000000709c00000| Untracked 
|  79|0x0000000709e00000, 0x000000070a000000, 0x000000070a000000|100%| O|  |TAMS 0x000000070a000000, 0x0000000709e00000| Untracked 
|  80|0x000000070a000000, 0x000000070a200000, 0x000000070a200000|100%| O|  |TAMS 0x000000070a200000, 0x000000070a000000| Untracked 
|  81|0x000000070a200000, 0x000000070a400000, 0x000000070a400000|100%| O|  |TAMS 0x000000070a400000, 0x000000070a200000| Untracked 
|  82|0x000000070a400000, 0x000000070a600000, 0x000000070a600000|100%| O|  |TAMS 0x000000070a600000, 0x000000070a400000| Untracked 
|  83|0x000000070a600000, 0x000000070a800000, 0x000000070a800000|100%| O|  |TAMS 0x000000070a800000, 0x000000070a600000| Untracked 
|  84|0x000000070a800000, 0x000000070aa00000, 0x000000070aa00000|100%| O|  |TAMS 0x000000070aa00000, 0x000000070a800000| Untracked 
|  85|0x000000070aa00000, 0x000000070ac00000, 0x000000070ac00000|100%| O|  |TAMS 0x000000070ac00000, 0x000000070aa00000| Untracked 
|  86|0x000000070ac00000, 0x000000070ae00000, 0x000000070ae00000|100%| O|  |TAMS 0x000000070ae00000, 0x000000070ac00000| Untracked 
|  87|0x000000070ae00000, 0x000000070b000000, 0x000000070b000000|100%| O|  |TAMS 0x000000070b000000, 0x000000070ae00000| Untracked 
|  88|0x000000070b000000, 0x000000070b200000, 0x000000070b200000|100%| O|  |TAMS 0x000000070b200000, 0x000000070b000000| Untracked 
|  89|0x000000070b200000, 0x000000070b400000, 0x000000070b400000|100%| O|  |TAMS 0x000000070b400000, 0x000000070b200000| Untracked 
|  90|0x000000070b400000, 0x000000070b600000, 0x000000070b600000|100%| O|  |TAMS 0x000000070b600000, 0x000000070b400000| Untracked 
|  91|0x000000070b600000, 0x000000070b800000, 0x000000070b800000|100%| O|  |TAMS 0x000000070b800000, 0x000000070b600000| Untracked 
|  92|0x000000070b800000, 0x000000070ba00000, 0x000000070ba00000|100%| O|  |TAMS 0x000000070ba00000, 0x000000070b800000| Untracked 
|  93|0x000000070ba00000, 0x000000070bc00000, 0x000000070bc00000|100%| O|  |TAMS 0x000000070bc00000, 0x000000070ba00000| Untracked 
|  94|0x000000070bc00000, 0x000000070be00000, 0x000000070be00000|100%| O|  |TAMS 0x000000070be00000, 0x000000070bc00000| Untracked 
|  95|0x000000070be00000, 0x000000070c000000, 0x000000070c000000|100%| O|  |TAMS 0x000000070c000000, 0x000000070be00000| Untracked 
|  96|0x000000070c000000, 0x000000070c200000, 0x000000070c200000|100%| O|  |TAMS 0x000000070c200000, 0x000000070c000000| Untracked 
|  97|0x000000070c200000, 0x000000070c400000, 0x000000070c400000|100%| O|  |TAMS 0x000000070c400000, 0x000000070c200000| Untracked 
|  98|0x000000070c400000, 0x000000070c600000, 0x000000070c600000|100%| O|  |TAMS 0x000000070c600000, 0x000000070c400000| Untracked 
|  99|0x000000070c600000, 0x000000070c800000, 0x000000070c800000|100%| O|  |TAMS 0x000000070c800000, 0x000000070c600000| Untracked 
| 100|0x000000070c800000, 0x000000070ca00000, 0x000000070ca00000|100%| O|  |TAMS 0x000000070ca00000, 0x000000070c800000| Untracked 
| 101|0x000000070ca00000, 0x000000070cc00000, 0x000000070cc00000|100%| O|  |TAMS 0x000000070cc00000, 0x000000070ca00000| Untracked 
| 102|0x000000070cc00000, 0x000000070ce00000, 0x000000070ce00000|100%| O|  |TAMS 0x000000070ce00000, 0x000000070cc00000| Untracked 
| 103|0x000000070ce00000, 0x000000070d000000, 0x000000070d000000|100%| O|  |TAMS 0x000000070d000000, 0x000000070ce00000| Untracked 
| 104|0x000000070d000000, 0x000000070d200000, 0x000000070d200000|100%| O|  |TAMS 0x000000070d200000, 0x000000070d000000| Untracked 
| 105|0x000000070d200000, 0x000000070d400000, 0x000000070d400000|100%| O|  |TAMS 0x000000070d400000, 0x000000070d200000| Untracked 
| 106|0x000000070d400000, 0x000000070d600000, 0x000000070d600000|100%| O|  |TAMS 0x000000070d600000, 0x000000070d400000| Untracked 
| 107|0x000000070d600000, 0x000000070d800000, 0x000000070d800000|100%| O|  |TAMS 0x000000070d800000, 0x000000070d600000| Untracked 
| 108|0x000000070d800000, 0x000000070da00000, 0x000000070da00000|100%| O|  |TAMS 0x000000070da00000, 0x000000070d800000| Untracked 
| 109|0x000000070da00000, 0x000000070dc00000, 0x000000070dc00000|100%| O|  |TAMS 0x000000070dc00000, 0x000000070da00000| Untracked 
| 110|0x000000070dc00000, 0x000000070de00000, 0x000000070de00000|100%| O|  |TAMS 0x000000070de00000, 0x000000070dc00000| Untracked 
| 111|0x000000070de00000, 0x000000070e000000, 0x000000070e000000|100%| O|  |TAMS 0x000000070e000000, 0x000000070de00000| Untracked 
| 112|0x000000070e000000, 0x000000070e200000, 0x000000070e200000|100%| O|  |TAMS 0x000000070e200000, 0x000000070e000000| Untracked 
| 113|0x000000070e200000, 0x000000070e400000, 0x000000070e400000|100%| O|  |TAMS 0x000000070e200000, 0x000000070e200000| Untracked 
| 114|0x000000070e400000, 0x000000070e600000, 0x000000070e600000|100%| O|  |TAMS 0x000000070e400000, 0x000000070e400000| Untracked 
| 115|0x000000070e600000, 0x000000070e800000, 0x000000070e800000|100%| O|  |TAMS 0x000000070e800000, 0x000000070e600000| Untracked 
| 116|0x000000070e800000, 0x000000070ea00000, 0x000000070ea00000|100%| O|  |TAMS 0x000000070ea00000, 0x000000070e800000| Untracked 
| 117|0x000000070ea00000, 0x000000070ec00000, 0x000000070ec00000|100%| O|  |TAMS 0x000000070ec00000, 0x000000070ea00000| Untracked 
| 118|0x000000070ec00000, 0x000000070ee00000, 0x000000070ee00000|100%| O|  |TAMS 0x000000070ee00000, 0x000000070ec00000| Untracked 
| 119|0x000000070ee00000, 0x000000070f000000, 0x000000070f000000|100%| O|  |TAMS 0x000000070f000000, 0x000000070ee00000| Untracked 
| 120|0x000000070f000000, 0x000000070f200000, 0x000000070f200000|100%| O|  |TAMS 0x000000070f200000, 0x000000070f000000| Untracked 
| 121|0x000000070f200000, 0x000000070f400000, 0x000000070f400000|100%| O|  |TAMS 0x000000070f400000, 0x000000070f200000| Untracked 
| 122|0x000000070f400000, 0x000000070f600000, 0x000000070f600000|100%| O|  |TAMS 0x000000070f600000, 0x000000070f400000| Untracked 
| 123|0x000000070f600000, 0x000000070f800000, 0x000000070f800000|100%| O|  |TAMS 0x000000070f800000, 0x000000070f600000| Untracked 
| 124|0x000000070f800000, 0x000000070fa00000, 0x000000070fa00000|100%| O|  |TAMS 0x000000070fa00000, 0x000000070f800000| Untracked 
| 125|0x000000070fa00000, 0x000000070fc00000, 0x000000070fc00000|100%| O|  |TAMS 0x000000070fc00000, 0x000000070fa00000| Untracked 
| 126|0x000000070fc00000, 0x000000070fe00000, 0x000000070fe00000|100%| O|  |TAMS 0x000000070fc00000, 0x000000070fc00000| Untracked 
| 127|0x000000070fe00000, 0x0000000710000000, 0x0000000710000000|100%| O|  |TAMS 0x0000000710000000, 0x000000070fe00000| Untracked 
| 128|0x0000000710000000, 0x0000000710200000, 0x0000000710200000|100%| O|  |TAMS 0x0000000710200000, 0x0000000710000000| Untracked 
| 129|0x0000000710200000, 0x0000000710400000, 0x0000000710400000|100%| O|  |TAMS 0x0000000710400000, 0x0000000710200000| Untracked 
| 130|0x0000000710400000, 0x0000000710600000, 0x0000000710600000|100%| O|  |TAMS 0x0000000710400000, 0x0000000710400000| Untracked 
| 131|0x0000000710600000, 0x0000000710800000, 0x0000000710800000|100%| O|  |TAMS 0x0000000710800000, 0x0000000710600000| Untracked 
| 132|0x0000000710800000, 0x0000000710a00000, 0x0000000710a00000|100%| O|  |TAMS 0x0000000710a00000, 0x0000000710800000| Untracked 
| 133|0x0000000710a00000, 0x0000000710c00000, 0x0000000710c00000|100%| O|  |TAMS 0x0000000710c00000, 0x0000000710a00000| Untracked 
| 134|0x0000000710c00000, 0x0000000710e00000, 0x0000000710e00000|100%| O|  |TAMS 0x0000000710e00000, 0x0000000710c00000| Untracked 
| 135|0x0000000710e00000, 0x0000000711000000, 0x0000000711000000|100%| O|  |TAMS 0x0000000711000000, 0x0000000710e00000| Untracked 
| 136|0x0000000711000000, 0x0000000711200000, 0x0000000711200000|100%| O|  |TAMS 0x0000000711200000, 0x0000000711000000| Untracked 
| 137|0x0000000711200000, 0x0000000711400000, 0x0000000711400000|100%| O|  |TAMS 0x0000000711400000, 0x0000000711200000| Untracked 
| 138|0x0000000711400000, 0x0000000711600000, 0x0000000711600000|100%| O|  |TAMS 0x0000000711600000, 0x0000000711400000| Untracked 
| 139|0x0000000711600000, 0x0000000711800000, 0x0000000711800000|100%| O|  |TAMS 0x0000000711800000, 0x0000000711600000| Untracked 
| 140|0x0000000711800000, 0x0000000711a00000, 0x0000000711a00000|100%| O|  |TAMS 0x0000000711a00000, 0x0000000711800000| Untracked 
| 141|0x0000000711a00000, 0x0000000711c00000, 0x0000000711c00000|100%| O|  |TAMS 0x0000000711c00000, 0x0000000711a00000| Untracked 
| 142|0x0000000711c00000, 0x0000000711e00000, 0x0000000711e00000|100%| O|  |TAMS 0x0000000711e00000, 0x0000000711c00000| Untracked 
| 143|0x0000000711e00000, 0x0000000712000000, 0x0000000712000000|100%| O|  |TAMS 0x0000000712000000, 0x0000000711e00000| Untracked 
| 144|0x0000000712000000, 0x0000000712200000, 0x0000000712200000|100%| O|  |TAMS 0x0000000712200000, 0x0000000712000000| Untracked 
| 145|0x0000000712200000, 0x0000000712400000, 0x0000000712400000|100%| O|  |TAMS 0x0000000712400000, 0x0000000712200000| Untracked 
| 146|0x0000000712400000, 0x0000000712600000, 0x0000000712600000|100%| O|  |TAMS 0x0000000712600000, 0x0000000712400000| Untracked 
| 147|0x0000000712600000, 0x0000000712800000, 0x0000000712800000|100%| O|  |TAMS 0x0000000712800000, 0x0000000712600000| Untracked 
| 148|0x0000000712800000, 0x0000000712a00000, 0x0000000712a00000|100%| O|  |TAMS 0x0000000712a00000, 0x0000000712800000| Untracked 
| 149|0x0000000712a00000, 0x0000000712c00000, 0x0000000712c00000|100%| O|  |TAMS 0x0000000712c00000, 0x0000000712a00000| Untracked 
| 150|0x0000000712c00000, 0x0000000712e00000, 0x0000000712e00000|100%| O|  |TAMS 0x0000000712e00000, 0x0000000712c00000| Untracked 
| 151|0x0000000712e00000, 0x0000000713000000, 0x0000000713000000|100%| O|  |TAMS 0x0000000713000000, 0x0000000712e00000| Untracked 
| 152|0x0000000713000000, 0x0000000713200000, 0x0000000713200000|100%| O|  |TAMS 0x0000000713200000, 0x0000000713000000| Untracked 
| 153|0x0000000713200000, 0x0000000713400000, 0x0000000713400000|100%| O|  |TAMS 0x0000000713400000, 0x0000000713200000| Untracked 
| 154|0x0000000713400000, 0x0000000713600000, 0x0000000713600000|100%| O|  |TAMS 0x0000000713600000, 0x0000000713400000| Untracked 
| 155|0x0000000713600000, 0x0000000713800000, 0x0000000713800000|100%| O|  |TAMS 0x0000000713800000, 0x0000000713600000| Untracked 
| 156|0x0000000713800000, 0x0000000713a00000, 0x0000000713a00000|100%| O|  |TAMS 0x0000000713a00000, 0x0000000713800000| Untracked 
| 157|0x0000000713a00000, 0x0000000713c00000, 0x0000000713c00000|100%| O|  |TAMS 0x0000000713c00000, 0x0000000713a00000| Untracked 
| 158|0x0000000713c00000, 0x0000000713e00000, 0x0000000713e00000|100%| O|  |TAMS 0x0000000713e00000, 0x0000000713c00000| Untracked 
| 159|0x0000000713e00000, 0x0000000714000000, 0x0000000714000000|100%| O|  |TAMS 0x0000000714000000, 0x0000000713e00000| Untracked 
| 160|0x0000000714000000, 0x0000000714200000, 0x0000000714200000|100%| O|  |TAMS 0x0000000714000000, 0x0000000714000000| Untracked 
| 161|0x0000000714200000, 0x0000000714400000, 0x0000000714400000|100%| O|  |TAMS 0x0000000714400000, 0x0000000714200000| Untracked 
| 162|0x0000000714400000, 0x0000000714600000, 0x0000000714600000|100%| O|  |TAMS 0x0000000714600000, 0x0000000714400000| Untracked 
| 163|0x0000000714600000, 0x0000000714800000, 0x0000000714800000|100%| O|  |TAMS 0x0000000714800000, 0x0000000714600000| Untracked 
| 164|0x0000000714800000, 0x0000000714a00000, 0x0000000714a00000|100%| O|  |TAMS 0x0000000714a00000, 0x0000000714800000| Untracked 
| 165|0x0000000714a00000, 0x0000000714c00000, 0x0000000714c00000|100%| O|  |TAMS 0x0000000714c00000, 0x0000000714a00000| Untracked 
| 166|0x0000000714c00000, 0x0000000714e00000, 0x0000000714e00000|100%| O|  |TAMS 0x0000000714e00000, 0x0000000714c00000| Untracked 
| 167|0x0000000714e00000, 0x0000000715000000, 0x0000000715000000|100%| O|  |TAMS 0x0000000715000000, 0x0000000714e00000| Untracked 
| 168|0x0000000715000000, 0x0000000715200000, 0x0000000715200000|100%| O|  |TAMS 0x0000000715200000, 0x0000000715000000| Untracked 
| 169|0x0000000715200000, 0x0000000715400000, 0x0000000715400000|100%| O|  |TAMS 0x0000000715400000, 0x0000000715200000| Untracked 
| 170|0x0000000715400000, 0x0000000715600000, 0x0000000715600000|100%| O|  |TAMS 0x0000000715600000, 0x0000000715400000| Untracked 
| 171|0x0000000715600000, 0x0000000715800000, 0x0000000715800000|100%| O|  |TAMS 0x0000000715800000, 0x0000000715600000| Untracked 
| 172|0x0000000715800000, 0x0000000715a00000, 0x0000000715a00000|100%| O|  |TAMS 0x0000000715a00000, 0x0000000715800000| Untracked 
| 173|0x0000000715a00000, 0x0000000715c00000, 0x0000000715c00000|100%| O|  |TAMS 0x0000000715c00000, 0x0000000715a00000| Untracked 
| 174|0x0000000715c00000, 0x0000000715e00000, 0x0000000715e00000|100%| O|  |TAMS 0x0000000715e00000, 0x0000000715c00000| Untracked 
| 175|0x0000000715e00000, 0x0000000716000000, 0x0000000716000000|100%| O|  |TAMS 0x0000000716000000, 0x0000000715e00000| Untracked 
| 176|0x0000000716000000, 0x0000000716200000, 0x0000000716200000|100%| O|  |TAMS 0x0000000716107800, 0x0000000716000000| Untracked 
| 177|0x0000000716200000, 0x0000000716400000, 0x0000000716400000|100%| O|  |TAMS 0x0000000716200000, 0x0000000716200000| Untracked 
| 178|0x0000000716400000, 0x0000000716600000, 0x0000000716600000|100%| O|  |TAMS 0x0000000716400000, 0x0000000716400000| Untracked 
| 179|0x0000000716600000, 0x0000000716800000, 0x0000000716800000|100%| O|  |TAMS 0x0000000716600000, 0x0000000716600000| Untracked 
| 180|0x0000000716800000, 0x0000000716a00000, 0x0000000716a00000|100%| O|  |TAMS 0x0000000716800000, 0x0000000716800000| Untracked 
| 181|0x0000000716a00000, 0x0000000716c00000, 0x0000000716c00000|100%| O|  |TAMS 0x0000000716a00000, 0x0000000716a00000| Untracked 
| 182|0x0000000716c00000, 0x0000000716e00000, 0x0000000716e00000|100%| O|  |TAMS 0x0000000716c00000, 0x0000000716c00000| Untracked 
| 183|0x0000000716e00000, 0x0000000717000000, 0x0000000717000000|100%| O|  |TAMS 0x0000000716e00000, 0x0000000716e00000| Untracked 
| 184|0x0000000717000000, 0x0000000717200000, 0x0000000717200000|100%| O|  |TAMS 0x0000000717000000, 0x0000000717000000| Untracked 
| 185|0x0000000717200000, 0x0000000717400000, 0x0000000717400000|100%| O|  |TAMS 0x0000000717200000, 0x0000000717200000| Untracked 
| 186|0x0000000717400000, 0x0000000717600000, 0x0000000717600000|100%| O|  |TAMS 0x0000000717400000, 0x0000000717400000| Untracked 
| 187|0x0000000717600000, 0x0000000717800000, 0x0000000717800000|100%| O|  |TAMS 0x0000000717600000, 0x0000000717600000| Untracked 
| 188|0x0000000717800000, 0x0000000717a00000, 0x0000000717a00000|100%| O|  |TAMS 0x0000000717800000, 0x0000000717800000| Untracked 
| 189|0x0000000717a00000, 0x0000000717c00000, 0x0000000717c00000|100%| O|  |TAMS 0x0000000717a00000, 0x0000000717a00000| Untracked 
| 190|0x0000000717c00000, 0x0000000717e00000, 0x0000000717e00000|100%| O|  |TAMS 0x0000000717c00000, 0x0000000717c00000| Untracked 
| 191|0x0000000717e00000, 0x0000000718000000, 0x0000000718000000|100%| O|  |TAMS 0x0000000717e00000, 0x0000000717e00000| Untracked 
| 192|0x0000000718000000, 0x0000000718200000, 0x0000000718200000|100%| O|  |TAMS 0x0000000718000000, 0x0000000718000000| Untracked 
| 193|0x0000000718200000, 0x0000000718400000, 0x0000000718400000|100%| O|  |TAMS 0x0000000718200000, 0x0000000718200000| Untracked 
| 194|0x0000000718400000, 0x0000000718600000, 0x0000000718600000|100%| O|  |TAMS 0x0000000718400000, 0x0000000718400000| Untracked 
| 195|0x0000000718600000, 0x0000000718800000, 0x0000000718800000|100%| O|  |TAMS 0x0000000718600000, 0x0000000718600000| Untracked 
| 196|0x0000000718800000, 0x0000000718a00000, 0x0000000718a00000|100%| O|  |TAMS 0x0000000718800000, 0x0000000718800000| Untracked 
| 197|0x0000000718a00000, 0x0000000718c00000, 0x0000000718c00000|100%| O|  |TAMS 0x0000000718a00000, 0x0000000718a00000| Untracked 
| 198|0x0000000718c00000, 0x0000000718e00000, 0x0000000718e00000|100%| O|  |TAMS 0x0000000718c00000, 0x0000000718c00000| Untracked 
| 199|0x0000000718e00000, 0x0000000719000000, 0x0000000719000000|100%| O|  |TAMS 0x0000000718e00000, 0x0000000718e00000| Untracked 
| 200|0x0000000719000000, 0x0000000719200000, 0x0000000719200000|100%| O|  |TAMS 0x0000000719000000, 0x0000000719000000| Untracked 
| 201|0x0000000719200000, 0x0000000719400000, 0x0000000719400000|100%| O|  |TAMS 0x0000000719200000, 0x0000000719200000| Untracked 
| 202|0x0000000719400000, 0x0000000719600000, 0x0000000719600000|100%| O|  |TAMS 0x0000000719400000, 0x0000000719400000| Untracked 
| 203|0x0000000719600000, 0x0000000719800000, 0x0000000719800000|100%| O|  |TAMS 0x0000000719600000, 0x0000000719600000| Untracked 
| 204|0x0000000719800000, 0x0000000719a00000, 0x0000000719a00000|100%| O|  |TAMS 0x0000000719800000, 0x0000000719800000| Untracked 
| 205|0x0000000719a00000, 0x0000000719c00000, 0x0000000719c00000|100%| O|  |TAMS 0x0000000719a00000, 0x0000000719a00000| Untracked 
| 206|0x0000000719c00000, 0x0000000719e00000, 0x0000000719e00000|100%| O|  |TAMS 0x0000000719c00000, 0x0000000719c00000| Untracked 
| 207|0x0000000719e00000, 0x000000071a000000, 0x000000071a000000|100%| O|  |TAMS 0x0000000719e00000, 0x0000000719e00000| Untracked 
| 208|0x000000071a000000, 0x000000071a200000, 0x000000071a200000|100%| O|  |TAMS 0x000000071a000000, 0x000000071a000000| Untracked 
| 209|0x000000071a200000, 0x000000071a400000, 0x000000071a400000|100%| O|  |TAMS 0x000000071a200000, 0x000000071a200000| Untracked 
| 210|0x000000071a400000, 0x000000071a600000, 0x000000071a600000|100%| O|  |TAMS 0x000000071a400000, 0x000000071a400000| Untracked 
| 211|0x000000071a600000, 0x000000071a800000, 0x000000071a800000|100%| O|  |TAMS 0x000000071a600000, 0x000000071a600000| Untracked 
| 212|0x000000071a800000, 0x000000071aa00000, 0x000000071aa00000|100%| O|  |TAMS 0x000000071a800000, 0x000000071a800000| Untracked 
| 213|0x000000071aa00000, 0x000000071ac00000, 0x000000071ac00000|100%| O|  |TAMS 0x000000071aa00000, 0x000000071aa00000| Untracked 
| 214|0x000000071ac00000, 0x000000071ae00000, 0x000000071ae00000|100%| O|  |TAMS 0x000000071ac00000, 0x000000071ac00000| Untracked 
| 215|0x000000071ae00000, 0x000000071b000000, 0x000000071b000000|100%| O|  |TAMS 0x000000071ae00000, 0x000000071ae00000| Untracked 
| 216|0x000000071b000000, 0x000000071b200000, 0x000000071b200000|100%| O|  |TAMS 0x000000071b000000, 0x000000071b000000| Untracked 
| 217|0x000000071b200000, 0x000000071b400000, 0x000000071b400000|100%| O|  |TAMS 0x000000071b200000, 0x000000071b200000| Untracked 
| 218|0x000000071b400000, 0x000000071b600000, 0x000000071b600000|100%| O|  |TAMS 0x000000071b400000, 0x000000071b400000| Untracked 
| 219|0x000000071b600000, 0x000000071b800000, 0x000000071b800000|100%| O|  |TAMS 0x000000071b600000, 0x000000071b600000| Untracked 
| 220|0x000000071b800000, 0x000000071ba00000, 0x000000071ba00000|100%| O|  |TAMS 0x000000071b800000, 0x000000071b800000| Untracked 
| 221|0x000000071ba00000, 0x000000071bc00000, 0x000000071bc00000|100%| O|  |TAMS 0x000000071ba00000, 0x000000071ba00000| Untracked 
| 222|0x000000071bc00000, 0x000000071be00000, 0x000000071be00000|100%| O|  |TAMS 0x000000071bc00000, 0x000000071bc00000| Untracked 
| 223|0x000000071be00000, 0x000000071be00000, 0x000000071c000000|  0%| F|  |TAMS 0x000000071be00000, 0x000000071be00000| Untracked 
| 224|0x000000071c000000, 0x000000071c000000, 0x000000071c200000|  0%| F|  |TAMS 0x000000071c000000, 0x000000071c000000| Untracked 
| 225|0x000000071c200000, 0x000000071c200000, 0x000000071c400000|  0%| F|  |TAMS 0x000000071c200000, 0x000000071c200000| Untracked 
| 226|0x000000071c400000, 0x000000071c400000, 0x000000071c600000|  0%| F|  |TAMS 0x000000071c400000, 0x000000071c400000| Untracked 
| 227|0x000000071c600000, 0x000000071c600000, 0x000000071c800000|  0%| F|  |TAMS 0x000000071c600000, 0x000000071c600000| Untracked 
| 228|0x000000071c800000, 0x000000071c800000, 0x000000071ca00000|  0%| F|  |TAMS 0x000000071c800000, 0x000000071c800000| Untracked 
| 229|0x000000071ca00000, 0x000000071ca00000, 0x000000071cc00000|  0%| F|  |TAMS 0x000000071ca00000, 0x000000071ca00000| Untracked 
| 230|0x000000071cc00000, 0x000000071cc00000, 0x000000071ce00000|  0%| F|  |TAMS 0x000000071cc00000, 0x000000071cc00000| Untracked 
| 231|0x000000071ce00000, 0x000000071ce00000, 0x000000071d000000|  0%| F|  |TAMS 0x000000071ce00000, 0x000000071ce00000| Untracked 
| 232|0x000000071d000000, 0x000000071d000000, 0x000000071d200000|  0%| F|  |TAMS 0x000000071d000000, 0x000000071d000000| Untracked 
| 233|0x000000071d200000, 0x000000071d200000, 0x000000071d400000|  0%| F|  |TAMS 0x000000071d200000, 0x000000071d200000| Untracked 
| 234|0x000000071d400000, 0x000000071d400000, 0x000000071d600000|  0%| F|  |TAMS 0x000000071d400000, 0x000000071d400000| Untracked 
| 235|0x000000071d600000, 0x000000071d600000, 0x000000071d800000|  0%| F|  |TAMS 0x000000071d600000, 0x000000071d600000| Untracked 
| 236|0x000000071d800000, 0x000000071d800000, 0x000000071da00000|  0%| F|  |TAMS 0x000000071d800000, 0x000000071d800000| Untracked 
| 237|0x000000071da00000, 0x000000071da00000, 0x000000071dc00000|  0%| F|  |TAMS 0x000000071da00000, 0x000000071da00000| Untracked 
| 238|0x000000071dc00000, 0x000000071dc00000, 0x000000071de00000|  0%| F|  |TAMS 0x000000071dc00000, 0x000000071dc00000| Untracked 
| 239|0x000000071de00000, 0x000000071de00000, 0x000000071e000000|  0%| F|  |TAMS 0x000000071de00000, 0x000000071de00000| Untracked 
| 240|0x000000071e000000, 0x000000071e000000, 0x000000071e200000|  0%| F|  |TAMS 0x000000071e000000, 0x000000071e000000| Untracked 
| 241|0x000000071e200000, 0x000000071e200000, 0x000000071e400000|  0%| F|  |TAMS 0x000000071e200000, 0x000000071e200000| Untracked 
| 242|0x000000071e400000, 0x000000071e400000, 0x000000071e600000|  0%| F|  |TAMS 0x000000071e400000, 0x000000071e400000| Untracked 
| 243|0x000000071e600000, 0x000000071e600000, 0x000000071e800000|  0%| F|  |TAMS 0x000000071e600000, 0x000000071e600000| Untracked 
| 244|0x000000071e800000, 0x000000071e800000, 0x000000071ea00000|  0%| F|  |TAMS 0x000000071e800000, 0x000000071e800000| Untracked 
| 245|0x000000071ea00000, 0x000000071ea00000, 0x000000071ec00000|  0%| F|  |TAMS 0x000000071ea00000, 0x000000071ea00000| Untracked 
| 246|0x000000071ec00000, 0x000000071ec00000, 0x000000071ee00000|  0%| F|  |TAMS 0x000000071ec00000, 0x000000071ec00000| Untracked 
| 247|0x000000071ee00000, 0x000000071ee00000, 0x000000071f000000|  0%| F|  |TAMS 0x000000071ee00000, 0x000000071ee00000| Untracked 
| 248|0x000000071f000000, 0x000000071f000000, 0x000000071f200000|  0%| F|  |TAMS 0x000000071f000000, 0x000000071f000000| Untracked 
| 249|0x000000071f200000, 0x000000071f200000, 0x000000071f400000|  0%| F|  |TAMS 0x000000071f200000, 0x000000071f200000| Untracked 
| 250|0x000000071f400000, 0x000000071f400000, 0x000000071f600000|  0%| F|  |TAMS 0x000000071f400000, 0x000000071f400000| Untracked 
| 251|0x000000071f600000, 0x000000071f600000, 0x000000071f800000|  0%| F|  |TAMS 0x000000071f600000, 0x000000071f600000| Untracked 
| 252|0x000000071f800000, 0x000000071f800000, 0x000000071fa00000|  0%| F|  |TAMS 0x000000071f800000, 0x000000071f800000| Untracked 
| 253|0x000000071fa00000, 0x000000071fa00000, 0x000000071fc00000|  0%| F|  |TAMS 0x000000071fa00000, 0x000000071fa00000| Untracked 
| 254|0x000000071fc00000, 0x000000071fc00000, 0x000000071fe00000|  0%| F|  |TAMS 0x000000071fc00000, 0x000000071fc00000| Untracked 
| 255|0x000000071fe00000, 0x000000071fe00000, 0x0000000720000000|  0%| F|  |TAMS 0x000000071fe00000, 0x000000071fe00000| Untracked 
| 256|0x0000000720000000, 0x0000000720000000, 0x0000000720200000|  0%| F|  |TAMS 0x0000000720000000, 0x0000000720000000| Untracked 
| 257|0x0000000720200000, 0x0000000720200000, 0x0000000720400000|  0%| F|  |TAMS 0x0000000720200000, 0x0000000720200000| Untracked 
| 258|0x0000000720400000, 0x0000000720458aa0, 0x0000000720600000| 17%| S|CS|TAMS 0x0000000720400000, 0x0000000720400000| Complete 
| 259|0x0000000720600000, 0x0000000720800000, 0x0000000720800000|100%| S|CS|TAMS 0x0000000720600000, 0x0000000720600000| Complete 
| 260|0x0000000720800000, 0x0000000720a00000, 0x0000000720a00000|100%| S|CS|TAMS 0x0000000720800000, 0x0000000720800000| Complete 
| 261|0x0000000720a00000, 0x0000000720a00000, 0x0000000720c00000|  0%| F|  |TAMS 0x0000000720a00000, 0x0000000720a00000| Untracked 
| 262|0x0000000720c00000, 0x0000000720c00000, 0x0000000720e00000|  0%| F|  |TAMS 0x0000000720c00000, 0x0000000720c00000| Untracked 
| 263|0x0000000720e00000, 0x0000000721000000, 0x0000000721000000|100%| S|CS|TAMS 0x0000000720e00000, 0x0000000720e00000| Complete 
| 264|0x0000000721000000, 0x0000000721200000, 0x0000000721200000|100%| S|CS|TAMS 0x0000000721000000, 0x0000000721000000| Complete 
| 265|0x0000000721200000, 0x0000000721200000, 0x0000000721400000|  0%| F|  |TAMS 0x0000000721200000, 0x0000000721200000| Untracked 
| 266|0x0000000721400000, 0x0000000721400000, 0x0000000721600000|  0%| F|  |TAMS 0x0000000721400000, 0x0000000721400000| Untracked 
| 267|0x0000000721600000, 0x0000000721600000, 0x0000000721800000|  0%| F|  |TAMS 0x0000000721600000, 0x0000000721600000| Untracked 
| 268|0x0000000721800000, 0x0000000721800000, 0x0000000721a00000|  0%| F|  |TAMS 0x0000000721800000, 0x0000000721800000| Untracked 
| 269|0x0000000721a00000, 0x0000000721a00000, 0x0000000721c00000|  0%| F|  |TAMS 0x0000000721a00000, 0x0000000721a00000| Untracked 
| 270|0x0000000721c00000, 0x0000000721c00000, 0x0000000721e00000|  0%| F|  |TAMS 0x0000000721c00000, 0x0000000721c00000| Untracked 
| 271|0x0000000721e00000, 0x0000000721e00000, 0x0000000722000000|  0%| F|  |TAMS 0x0000000721e00000, 0x0000000721e00000| Untracked 
| 272|0x0000000722000000, 0x0000000722000000, 0x0000000722200000|  0%| F|  |TAMS 0x0000000722000000, 0x0000000722000000| Untracked 
| 273|0x0000000722200000, 0x0000000722200000, 0x0000000722400000|  0%| F|  |TAMS 0x0000000722200000, 0x0000000722200000| Untracked 
| 274|0x0000000722400000, 0x0000000722400000, 0x0000000722600000|  0%| F|  |TAMS 0x0000000722400000, 0x0000000722400000| Untracked 
| 275|0x0000000722600000, 0x0000000722600000, 0x0000000722800000|  0%| F|  |TAMS 0x0000000722600000, 0x0000000722600000| Untracked 
| 276|0x0000000722800000, 0x0000000722800000, 0x0000000722a00000|  0%| F|  |TAMS 0x0000000722800000, 0x0000000722800000| Untracked 
| 277|0x0000000722a00000, 0x0000000722a00000, 0x0000000722c00000|  0%| F|  |TAMS 0x0000000722a00000, 0x0000000722a00000| Untracked 
| 278|0x0000000722c00000, 0x0000000722c00000, 0x0000000722e00000|  0%| F|  |TAMS 0x0000000722c00000, 0x0000000722c00000| Untracked 
| 279|0x0000000722e00000, 0x0000000722e00000, 0x0000000723000000|  0%| F|  |TAMS 0x0000000722e00000, 0x0000000722e00000| Untracked 
| 280|0x0000000723000000, 0x0000000723000000, 0x0000000723200000|  0%| F|  |TAMS 0x0000000723000000, 0x0000000723000000| Untracked 
| 281|0x0000000723200000, 0x0000000723200000, 0x0000000723400000|  0%| F|  |TAMS 0x0000000723200000, 0x0000000723200000| Untracked 
| 282|0x0000000723400000, 0x0000000723400000, 0x0000000723600000|  0%| F|  |TAMS 0x0000000723400000, 0x0000000723400000| Untracked 
| 283|0x0000000723600000, 0x0000000723600000, 0x0000000723800000|  0%| F|  |TAMS 0x0000000723600000, 0x0000000723600000| Untracked 
| 284|0x0000000723800000, 0x0000000723800000, 0x0000000723a00000|  0%| F|  |TAMS 0x0000000723800000, 0x0000000723800000| Untracked 
| 285|0x0000000723a00000, 0x0000000723a00000, 0x0000000723c00000|  0%| F|  |TAMS 0x0000000723a00000, 0x0000000723a00000| Untracked 
| 286|0x0000000723c00000, 0x0000000723c00000, 0x0000000723e00000|  0%| F|  |TAMS 0x0000000723c00000, 0x0000000723c00000| Untracked 
| 287|0x0000000723e00000, 0x0000000723e00000, 0x0000000724000000|  0%| F|  |TAMS 0x0000000723e00000, 0x0000000723e00000| Untracked 
| 288|0x0000000724000000, 0x0000000724000000, 0x0000000724200000|  0%| F|  |TAMS 0x0000000724000000, 0x0000000724000000| Untracked 
| 289|0x0000000724200000, 0x0000000724200000, 0x0000000724400000|  0%| F|  |TAMS 0x0000000724200000, 0x0000000724200000| Untracked 
| 290|0x0000000724400000, 0x0000000724400000, 0x0000000724600000|  0%| F|  |TAMS 0x0000000724400000, 0x0000000724400000| Untracked 
| 291|0x0000000724600000, 0x0000000724600000, 0x0000000724800000|  0%| F|  |TAMS 0x0000000724600000, 0x0000000724600000| Untracked 
| 292|0x0000000724800000, 0x0000000724800000, 0x0000000724a00000|  0%| F|  |TAMS 0x0000000724800000, 0x0000000724800000| Untracked 
| 293|0x0000000724a00000, 0x0000000724a00000, 0x0000000724c00000|  0%| F|  |TAMS 0x0000000724a00000, 0x0000000724a00000| Untracked 
| 294|0x0000000724c00000, 0x0000000724c00000, 0x0000000724e00000|  0%| F|  |TAMS 0x0000000724c00000, 0x0000000724c00000| Untracked 
| 295|0x0000000724e00000, 0x0000000724e00000, 0x0000000725000000|  0%| F|  |TAMS 0x0000000724e00000, 0x0000000724e00000| Untracked 
| 296|0x0000000725000000, 0x0000000725000000, 0x0000000725200000|  0%| F|  |TAMS 0x0000000725000000, 0x0000000725000000| Untracked 
| 297|0x0000000725200000, 0x0000000725200000, 0x0000000725400000|  0%| F|  |TAMS 0x0000000725200000, 0x0000000725200000| Untracked 
| 298|0x0000000725400000, 0x0000000725400000, 0x0000000725600000|  0%| F|  |TAMS 0x0000000725400000, 0x0000000725400000| Untracked 
| 299|0x0000000725600000, 0x0000000725600000, 0x0000000725800000|  0%| F|  |TAMS 0x0000000725600000, 0x0000000725600000| Untracked 
| 300|0x0000000725800000, 0x0000000725800000, 0x0000000725a00000|  0%| F|  |TAMS 0x0000000725800000, 0x0000000725800000| Untracked 
| 301|0x0000000725a00000, 0x0000000725a00000, 0x0000000725c00000|  0%| F|  |TAMS 0x0000000725a00000, 0x0000000725a00000| Untracked 
| 302|0x0000000725c00000, 0x0000000725c00000, 0x0000000725e00000|  0%| F|  |TAMS 0x0000000725c00000, 0x0000000725c00000| Untracked 
| 303|0x0000000725e00000, 0x0000000725e00000, 0x0000000726000000|  0%| F|  |TAMS 0x0000000725e00000, 0x0000000725e00000| Untracked 
| 304|0x0000000726000000, 0x0000000726000000, 0x0000000726200000|  0%| F|  |TAMS 0x0000000726000000, 0x0000000726000000| Untracked 
| 305|0x0000000726200000, 0x0000000726205338, 0x0000000726400000|  1%| E|  |TAMS 0x0000000726200000, 0x0000000726200000| Complete 
| 306|0x0000000726400000, 0x0000000726600000, 0x0000000726600000|100%| E|CS|TAMS 0x0000000726400000, 0x0000000726400000| Complete 
| 307|0x0000000726600000, 0x0000000726800000, 0x0000000726800000|100%| E|CS|TAMS 0x0000000726600000, 0x0000000726600000| Complete 
| 308|0x0000000726800000, 0x0000000726a00000, 0x0000000726a00000|100%| E|CS|TAMS 0x0000000726800000, 0x0000000726800000| Complete 
| 309|0x0000000726a00000, 0x0000000726c00000, 0x0000000726c00000|100%| E|CS|TAMS 0x0000000726a00000, 0x0000000726a00000| Complete 
| 310|0x0000000726c00000, 0x0000000726e00000, 0x0000000726e00000|100%| E|CS|TAMS 0x0000000726c00000, 0x0000000726c00000| Complete 
| 311|0x0000000726e00000, 0x0000000727000000, 0x0000000727000000|100%| E|CS|TAMS 0x0000000726e00000, 0x0000000726e00000| Complete 
| 312|0x0000000727000000, 0x0000000727200000, 0x0000000727200000|100%| E|CS|TAMS 0x0000000727000000, 0x0000000727000000| Complete 
| 313|0x0000000727200000, 0x0000000727400000, 0x0000000727400000|100%| E|CS|TAMS 0x0000000727200000, 0x0000000727200000| Complete 
| 314|0x0000000727400000, 0x0000000727600000, 0x0000000727600000|100%| E|CS|TAMS 0x0000000727400000, 0x0000000727400000| Complete 
| 315|0x0000000727600000, 0x0000000727800000, 0x0000000727800000|100%| E|CS|TAMS 0x0000000727600000, 0x0000000727600000| Complete 
| 316|0x0000000727800000, 0x0000000727a00000, 0x0000000727a00000|100%| E|CS|TAMS 0x0000000727800000, 0x0000000727800000| Complete 
| 317|0x0000000727a00000, 0x0000000727c00000, 0x0000000727c00000|100%| E|CS|TAMS 0x0000000727a00000, 0x0000000727a00000| Complete 
| 318|0x0000000727c00000, 0x0000000727e00000, 0x0000000727e00000|100%| E|CS|TAMS 0x0000000727c00000, 0x0000000727c00000| Complete 
| 319|0x0000000727e00000, 0x0000000728000000, 0x0000000728000000|100%| E|CS|TAMS 0x0000000727e00000, 0x0000000727e00000| Complete 
| 320|0x0000000728000000, 0x0000000728200000, 0x0000000728200000|100%| E|CS|TAMS 0x0000000728000000, 0x0000000728000000| Complete 
| 321|0x0000000728200000, 0x0000000728400000, 0x0000000728400000|100%| E|CS|TAMS 0x0000000728200000, 0x0000000728200000| Complete 
| 322|0x0000000728400000, 0x0000000728600000, 0x0000000728600000|100%| E|CS|TAMS 0x0000000728400000, 0x0000000728400000| Complete 
| 323|0x0000000728600000, 0x0000000728800000, 0x0000000728800000|100%| E|CS|TAMS 0x0000000728600000, 0x0000000728600000| Complete 
| 324|0x0000000728800000, 0x0000000728a00000, 0x0000000728a00000|100%| E|CS|TAMS 0x0000000728800000, 0x0000000728800000| Complete 
| 325|0x0000000728a00000, 0x0000000728c00000, 0x0000000728c00000|100%| E|CS|TAMS 0x0000000728a00000, 0x0000000728a00000| Complete 
| 326|0x0000000728c00000, 0x0000000728e00000, 0x0000000728e00000|100%| E|CS|TAMS 0x0000000728c00000, 0x0000000728c00000| Complete 
| 327|0x0000000728e00000, 0x0000000729000000, 0x0000000729000000|100%| E|CS|TAMS 0x0000000728e00000, 0x0000000728e00000| Complete 
| 328|0x0000000729000000, 0x0000000729200000, 0x0000000729200000|100%| E|CS|TAMS 0x0000000729000000, 0x0000000729000000| Complete 
| 329|0x0000000729200000, 0x0000000729400000, 0x0000000729400000|100%| E|CS|TAMS 0x0000000729200000, 0x0000000729200000| Complete 
| 330|0x0000000729400000, 0x0000000729600000, 0x0000000729600000|100%| E|CS|TAMS 0x0000000729400000, 0x0000000729400000| Complete 
| 331|0x0000000729600000, 0x0000000729800000, 0x0000000729800000|100%| E|CS|TAMS 0x0000000729600000, 0x0000000729600000| Complete 
| 332|0x0000000729800000, 0x0000000729a00000, 0x0000000729a00000|100%| E|CS|TAMS 0x0000000729800000, 0x0000000729800000| Complete 
| 333|0x0000000729a00000, 0x0000000729c00000, 0x0000000729c00000|100%| E|CS|TAMS 0x0000000729a00000, 0x0000000729a00000| Complete 
| 334|0x0000000729c00000, 0x0000000729e00000, 0x0000000729e00000|100%| E|CS|TAMS 0x0000000729c00000, 0x0000000729c00000| Complete 
| 335|0x0000000729e00000, 0x000000072a000000, 0x000000072a000000|100%| E|CS|TAMS 0x0000000729e00000, 0x0000000729e00000| Complete 
| 336|0x000000072a000000, 0x000000072a200000, 0x000000072a200000|100%| E|CS|TAMS 0x000000072a000000, 0x000000072a000000| Complete 
| 337|0x000000072a200000, 0x000000072a400000, 0x000000072a400000|100%| E|CS|TAMS 0x000000072a200000, 0x000000072a200000| Complete 
| 338|0x000000072a400000, 0x000000072a600000, 0x000000072a600000|100%| E|CS|TAMS 0x000000072a400000, 0x000000072a400000| Complete 
| 339|0x000000072a600000, 0x000000072a800000, 0x000000072a800000|100%| E|CS|TAMS 0x000000072a600000, 0x000000072a600000| Complete 
| 340|0x000000072a800000, 0x000000072aa00000, 0x000000072aa00000|100%| E|CS|TAMS 0x000000072a800000, 0x000000072a800000| Complete 
| 341|0x000000072aa00000, 0x000000072ac00000, 0x000000072ac00000|100%| E|CS|TAMS 0x000000072aa00000, 0x000000072aa00000| Complete 
| 342|0x000000072ac00000, 0x000000072ae00000, 0x000000072ae00000|100%| E|CS|TAMS 0x000000072ac00000, 0x000000072ac00000| Complete 
| 343|0x000000072ae00000, 0x000000072b000000, 0x000000072b000000|100%| E|CS|TAMS 0x000000072ae00000, 0x000000072ae00000| Complete 
| 344|0x000000072b000000, 0x000000072b200000, 0x000000072b200000|100%| E|CS|TAMS 0x000000072b000000, 0x000000072b000000| Complete 
| 345|0x000000072b200000, 0x000000072b400000, 0x000000072b400000|100%| E|CS|TAMS 0x000000072b200000, 0x000000072b200000| Complete 
| 346|0x000000072b400000, 0x000000072b600000, 0x000000072b600000|100%| E|CS|TAMS 0x000000072b400000, 0x000000072b400000| Complete 
| 347|0x000000072b600000, 0x000000072b800000, 0x000000072b800000|100%| E|CS|TAMS 0x000000072b600000, 0x000000072b600000| Complete 
| 348|0x000000072b800000, 0x000000072ba00000, 0x000000072ba00000|100%| E|CS|TAMS 0x000000072b800000, 0x000000072b800000| Complete 
| 349|0x000000072ba00000, 0x000000072bc00000, 0x000000072bc00000|100%| E|CS|TAMS 0x000000072ba00000, 0x000000072ba00000| Complete 
| 350|0x000000072bc00000, 0x000000072be00000, 0x000000072be00000|100%| E|CS|TAMS 0x000000072bc00000, 0x000000072bc00000| Complete 
| 351|0x000000072be00000, 0x000000072c000000, 0x000000072c000000|100%| E|CS|TAMS 0x000000072be00000, 0x000000072be00000| Complete 
| 352|0x000000072c000000, 0x000000072c200000, 0x000000072c200000|100%| E|CS|TAMS 0x000000072c000000, 0x000000072c000000| Complete 
| 353|0x000000072c200000, 0x000000072c400000, 0x000000072c400000|100%| E|CS|TAMS 0x000000072c200000, 0x000000072c200000| Complete 
| 354|0x000000072c400000, 0x000000072c600000, 0x000000072c600000|100%| E|CS|TAMS 0x000000072c400000, 0x000000072c400000| Complete 
| 355|0x000000072c600000, 0x000000072c800000, 0x000000072c800000|100%| E|CS|TAMS 0x000000072c600000, 0x000000072c600000| Complete 
| 356|0x000000072c800000, 0x000000072ca00000, 0x000000072ca00000|100%| E|CS|TAMS 0x000000072c800000, 0x000000072c800000| Complete 

Card table byte_map: [0x0000024022770000,0x0000024022f70000] _byte_map_base: 0x000002401ef70000

Marking Bits (Prev, Next): (CMBitMap*) 0x000002400b47f7d0, (CMBitMap*) 0x000002400b47f790
 Prev Bits: [0x0000024027770000, 0x000002402b770000)
 Next Bits: [0x0000024023770000, 0x0000024027770000)

Polling page: 0x0000024009390000

Metaspace:

Usage:
  Non-class:    142.23 MB used.
      Class:     21.48 MB used.
       Both:    163.71 MB used.

Virtual space:
  Non-class space:      192.00 MB reserved,     143.19 MB ( 75%) committed,  3 nodes.
      Class space:      832.00 MB reserved,      22.31 MB (  3%) committed,  1 nodes.
             Both:        1.00 GB reserved,     165.50 MB ( 16%) committed. 

Chunk freelists:
   Non-Class:  176.00 KB
       Class:  9.55 MB
        Both:  9.72 MB

MaxMetaspaceSize: 1.00 GB
CompressedClassSpaceSize: 832.00 MB
Initial GC threshold: 21.00 MB
Current GC threshold: 239.00 MB
CDS: on
MetaspaceReclaimPolicy: balanced
 - commit_granule_bytes: 65536.
 - commit_granule_words: 8192.
 - virtual_space_node_default_size: 8388608.
 - enlarge_chunks_in_place: 1.
 - new_chunks_are_fully_committed: 0.
 - uncommit_free_chunks: 1.
 - use_allocation_guard: 0.
 - handle_deallocations: 1.


Internal statistics:

num_allocs_failed_limit: 9.
num_arena_births: 2442.
num_arena_deaths: 10.
num_vsnodes_births: 4.
num_vsnodes_deaths: 0.
num_space_committed: 2646.
num_space_uncommitted: 0.
num_chunks_returned_to_freelist: 44.
num_chunks_taken_from_freelist: 9980.
num_chunk_merges: 14.
num_chunk_splits: 6356.
num_chunks_enlarged: 4015.
num_inconsistent_stats: 0.

CodeHeap 'non-profiled nmethods': size=120000Kb used=26448Kb max_used=26467Kb free=93551Kb
 bounds [0x000002401aa40000, 0x000002401c450000, 0x0000024021f70000]
CodeHeap 'profiled nmethods': size=120000Kb used=56321Kb max_used=58084Kb free=63678Kb
 bounds [0x0000024012f70000, 0x0000024016830000, 0x000002401a4a0000]
CodeHeap 'non-nmethods': size=5760Kb used=2555Kb max_used=2627Kb free=3204Kb
 bounds [0x000002401a4a0000, 0x000002401a740000, 0x000002401aa40000]
 total_blobs=29034 nmethods=27927 adapters=1017
 compilation: enabled
              stopped_count=0, restarted_count=0
 full_count=0

Compilation events (20 events):
Event: 1223.404 Thread 0x000002402dc91cb0 37726       2       com.google.common.collect.ImmutableMap$Builder::build (5 bytes)
Event: 1223.404 Thread 0x000002402dc91cb0 nmethod 37726 0x0000024013017290 code [0x0000024013017420, 0x0000024013017548]
Event: 1223.614 Thread 0x000002402dc8e2b0 nmethod 37485 0x000002401c17df10 code [0x000002401c17e4c0, 0x000002401c184488]
Event: 1223.615 Thread 0x000002402dc8e2b0 37718       4       com.android.tools.r8.internal.E7::a (265 bytes)
Event: 1223.659 Thread 0x000002402dc8e2b0 nmethod 37718 0x000002401c3cd710 code [0x000002401c3cd940, 0x000002401c3cea48]
Event: 1223.659 Thread 0x000002402dc8e2b0 37720       4       com.android.tools.r8.internal.Ul0::b (350 bytes)
Event: 1223.671 Thread 0x000002402dc91cb0 37727       3       org.gradle.internal.file.FilePathUtil::sizeOfCommonPrefix (142 bytes)
Event: 1223.675 Thread 0x000002402dc91cb0 nmethod 37727 0x0000024016040190 code [0x00000240160405e0, 0x0000024016042958]
Event: 1223.684 Thread 0x000002402dc91cb0 37728       2       java.util.ArrayDeque::remove (5 bytes)
Event: 1223.684 Thread 0x000002402dc91cb0 nmethod 37728 0x00000240136d3490 code [0x00000240136d3620, 0x00000240136d3748]
Event: 1223.908 Thread 0x000002402dc91cb0 37729       2       com.android.tools.r8.internal.pw::b (90 bytes)
Event: 1223.910 Thread 0x00000240748f58e0 nmethod 37429% 0x000002401c318710 code [0x000002401c318ea0, 0x000002401c320b68]
Event: 1223.910 Thread 0x000002402dc91cb0 nmethod 37729 0x0000024013c29e10 code [0x0000024013c2a000, 0x0000024013c2a438]
Event: 1223.911 Thread 0x00000240748f58e0 37721       4       com.android.tools.r8.internal.Vg::a (52 bytes)
Event: 1224.201 Thread 0x000002402dc91cb0 37732       3       com.android.tools.r8.internal.Ma::a (313 bytes)
Event: 1224.202 Thread 0x00000240748f58e0 nmethod 37721 0x000002401b046a10 code [0x000002401b046c00, 0x000002401b047228]
Event: 1224.202 Thread 0x00000240748f58e0 37730       4       com.android.tools.r8.graph.I2::a (271 bytes)
Event: 1224.203 Thread 0x000002402dc91cb0 nmethod 37732 0x000002401669b510 code [0x000002401669b880, 0x000002401669ce98]
Event: 1224.211 Thread 0x00000240748f58e0 nmethod 37730 0x000002401c103b10 code [0x000002401c103cc0, 0x000002401c104208]
Event: 1224.211 Thread 0x00000240748f58e0 37731       4       com.android.tools.r8.internal.Ie::b (717 bytes)

GC Heap History (20 events):
Event: 1196.784 GC heap before
{Heap before GC invocations=131 (full 0):
 garbage-first heap   total 731136K, used 618423K [0x0000000700000000, 0x0000000800000000)
  region size 2048K, 80 young (163840K), 2 survivors (4096K)
 Metaspace       used 165372K, committed 167104K, reserved 1048576K
  class space    used 21713K, committed 22528K, reserved 851968K
}
Event: 1196.793 GC heap after
{Heap after GC invocations=132 (full 0):
 garbage-first heap   total 731136K, used 459622K [0x0000000700000000, 0x0000000800000000)
  region size 2048K, 2 young (4096K), 2 survivors (4096K)
 Metaspace       used 165372K, committed 167104K, reserved 1048576K
  class space    used 21713K, committed 22528K, reserved 851968K
}
Event: 1199.041 GC heap before
{Heap before GC invocations=132 (full 0):
 garbage-first heap   total 731136K, used 625510K [0x0000000700000000, 0x0000000800000000)
  region size 2048K, 83 young (169984K), 2 survivors (4096K)
 Metaspace       used 165485K, committed 167232K, reserved 1048576K
  class space    used 21730K, committed 22528K, reserved 851968K
}
Event: 1199.051 GC heap after
{Heap after GC invocations=133 (full 0):
 garbage-first heap   total 731136K, used 459876K [0x0000000700000000, 0x0000000800000000)
  region size 2048K, 2 young (4096K), 2 survivors (4096K)
 Metaspace       used 165485K, committed 167232K, reserved 1048576K
  class space    used 21730K, committed 22528K, reserved 851968K
}
Event: 1200.719 GC heap before
{Heap before GC invocations=133 (full 0):
 garbage-first heap   total 731136K, used 629860K [0x0000000700000000, 0x0000000800000000)
  region size 2048K, 86 young (176128K), 2 survivors (4096K)
 Metaspace       used 165551K, committed 167360K, reserved 1048576K
  class space    used 21738K, committed 22592K, reserved 851968K
}
Event: 1200.728 GC heap after
{Heap after GC invocations=134 (full 0):
 garbage-first heap   total 731136K, used 460196K [0x0000000700000000, 0x0000000800000000)
  region size 2048K, 2 young (4096K), 2 survivors (4096K)
 Metaspace       used 165551K, committed 167360K, reserved 1048576K
  class space    used 21738K, committed 22592K, reserved 851968K
}
Event: 1203.299 GC heap before
{Heap before GC invocations=134 (full 0):
 garbage-first heap   total 731136K, used 636324K [0x0000000700000000, 0x0000000800000000)
  region size 2048K, 88 young (180224K), 2 survivors (4096K)
 Metaspace       used 165622K, committed 167424K, reserved 1048576K
  class space    used 21748K, committed 22592K, reserved 851968K
}
Event: 1203.313 GC heap after
{Heap after GC invocations=135 (full 0):
 garbage-first heap   total 731136K, used 461441K [0x0000000700000000, 0x0000000800000000)
  region size 2048K, 3 young (6144K), 3 survivors (6144K)
 Metaspace       used 165622K, committed 167424K, reserved 1048576K
  class space    used 21748K, committed 22592K, reserved 851968K
}
Event: 1206.190 GC heap before
{Heap before GC invocations=135 (full 0):
 garbage-first heap   total 731136K, used 637569K [0x0000000700000000, 0x0000000800000000)
  region size 2048K, 89 young (182272K), 3 survivors (6144K)
 Metaspace       used 165661K, committed 167424K, reserved 1048576K
  class space    used 21752K, committed 22592K, reserved 851968K
}
Event: 1206.205 GC heap after
{Heap after GC invocations=136 (full 0):
 garbage-first heap   total 731136K, used 462039K [0x0000000700000000, 0x0000000800000000)
  region size 2048K, 3 young (6144K), 3 survivors (6144K)
 Metaspace       used 165661K, committed 167424K, reserved 1048576K
  class space    used 21752K, committed 22592K, reserved 851968K
}
Event: 1208.922 GC heap before
{Heap before GC invocations=136 (full 0):
 garbage-first heap   total 731136K, used 642263K [0x0000000700000000, 0x0000000800000000)
  region size 2048K, 91 young (186368K), 3 survivors (6144K)
 Metaspace       used 165698K, committed 167488K, reserved 1048576K
  class space    used 21752K, committed 22592K, reserved 851968K
}
Event: 1208.938 GC heap after
{Heap after GC invocations=137 (full 0):
 garbage-first heap   total 731136K, used 462701K [0x0000000700000000, 0x0000000800000000)
  region size 2048K, 3 young (6144K), 3 survivors (6144K)
 Metaspace       used 165698K, committed 167488K, reserved 1048576K
  class space    used 21752K, committed 22592K, reserved 851968K
}
Event: 1211.679 GC heap before
{Heap before GC invocations=137 (full 0):
 garbage-first heap   total 731136K, used 644973K [0x0000000700000000, 0x0000000800000000)
  region size 2048K, 92 young (188416K), 3 survivors (6144K)
 Metaspace       used 165750K, committed 167488K, reserved 1048576K
  class space    used 21756K, committed 22592K, reserved 851968K
}
Event: 1211.695 GC heap after
{Heap after GC invocations=138 (full 0):
 garbage-first heap   total 731136K, used 464190K [0x0000000700000000, 0x0000000800000000)
  region size 2048K, 4 young (8192K), 4 survivors (8192K)
 Metaspace       used 165750K, committed 167488K, reserved 1048576K
  class space    used 21756K, committed 22592K, reserved 851968K
}
Event: 1214.811 GC heap before
{Heap before GC invocations=138 (full 0):
 garbage-first heap   total 731136K, used 646462K [0x0000000700000000, 0x0000000800000000)
  region size 2048K, 93 young (190464K), 4 survivors (8192K)
 Metaspace       used 166845K, committed 168576K, reserved 1048576K
  class space    used 21904K, committed 22720K, reserved 851968K
}
Event: 1214.831 GC heap after
{Heap after GC invocations=139 (full 0):
 garbage-first heap   total 731136K, used 464822K [0x0000000700000000, 0x0000000800000000)
  region size 2048K, 4 young (8192K), 4 survivors (8192K)
 Metaspace       used 166845K, committed 168576K, reserved 1048576K
  class space    used 21904K, committed 22720K, reserved 851968K
}
Event: 1218.188 GC heap before
{Heap before GC invocations=139 (full 0):
 garbage-first heap   total 731136K, used 645046K [0x0000000700000000, 0x0000000800000000)
  region size 2048K, 93 young (190464K), 4 survivors (8192K)
 Metaspace       used 167512K, committed 169280K, reserved 1048576K
  class space    used 21988K, committed 22784K, reserved 851968K
}
Event: 1218.209 GC heap after
{Heap after GC invocations=140 (full 0):
 garbage-first heap   total 731136K, used 464312K [0x0000000700000000, 0x0000000800000000)
  region size 2048K, 4 young (8192K), 4 survivors (8192K)
 Metaspace       used 167512K, committed 169280K, reserved 1048576K
  class space    used 21988K, committed 22784K, reserved 851968K
}
Event: 1222.061 GC heap before
{Heap before GC invocations=140 (full 0):
 garbage-first heap   total 731136K, used 648632K [0x0000000700000000, 0x0000000800000000)
  region size 2048K, 94 young (192512K), 4 survivors (8192K)
 Metaspace       used 167582K, committed 169408K, reserved 1048576K
  class space    used 21996K, committed 22848K, reserved 851968K
}
Event: 1222.081 GC heap after
{Heap after GC invocations=141 (full 0):
 garbage-first heap   total 731136K, used 465250K [0x0000000700000000, 0x0000000800000000)
  region size 2048K, 5 young (10240K), 5 survivors (10240K)
 Metaspace       used 167582K, committed 169408K, reserved 1048576K
  class space    used 21996K, committed 22848K, reserved 851968K
}

Dll operation events (15 events):
Event: 0.017 Loaded shared library C:\Program Files\Eclipse Adoptium\jdk-17.0.15.6-hotspot\bin\java.dll
Event: 0.035 Loaded shared library C:\Program Files\Eclipse Adoptium\jdk-17.0.15.6-hotspot\bin\jsvml.dll
Event: 0.095 Loaded shared library C:\Program Files\Eclipse Adoptium\jdk-17.0.15.6-hotspot\bin\zip.dll
Event: 0.099 Loaded shared library C:\Program Files\Eclipse Adoptium\jdk-17.0.15.6-hotspot\bin\instrument.dll
Event: 0.104 Loaded shared library C:\Program Files\Eclipse Adoptium\jdk-17.0.15.6-hotspot\bin\net.dll
Event: 0.106 Loaded shared library C:\Program Files\Eclipse Adoptium\jdk-17.0.15.6-hotspot\bin\nio.dll
Event: 0.108 Loaded shared library C:\Program Files\Eclipse Adoptium\jdk-17.0.15.6-hotspot\bin\zip.dll
Event: 0.628 Loaded shared library C:\Program Files\Eclipse Adoptium\jdk-17.0.15.6-hotspot\bin\jimage.dll
Event: 0.957 Loaded shared library C:\Program Files\Eclipse Adoptium\jdk-17.0.15.6-hotspot\bin\verify.dll
Event: 1.115 Loaded shared library C:\Users\dell\.gradle\native\1def1411415f61bf3af743bc5b6707747c0891f09f0c88961ee8f79bc544acac\windows-amd64\native-platform.dll
Event: 1.139 Loaded shared library C:\Users\dell\.gradle\native\0.2.7\x86_64-windows-gnu\gradle-fileevents.dll
Event: 3.010 Loaded shared library C:\Program Files\Eclipse Adoptium\jdk-17.0.15.6-hotspot\bin\management.dll
Event: 3.013 Loaded shared library C:\Program Files\Eclipse Adoptium\jdk-17.0.15.6-hotspot\bin\management_ext.dll
Event: 3.288 Loaded shared library C:\Program Files\Eclipse Adoptium\jdk-17.0.15.6-hotspot\bin\extnet.dll
Event: 3.555 Loaded shared library C:\Program Files\Eclipse Adoptium\jdk-17.0.15.6-hotspot\bin\sunmscapi.dll

Deoptimization events (20 events):
Event: 1222.426 Thread 0x00000240695649e0 Uncommon trap: trap_request=0xffffff6e fr.pc=0x000002401af3d3e4 relative=0x0000000000000be4
Event: 1222.426 Thread 0x00000240695649e0 Uncommon trap: reason=loop_limit_check action=maybe_recompile pc=0x000002401af3d3e4 method=com.android.tools.r8.graph.j0.a(Lcom/android/tools/r8/internal/eG;Lcom/android/tools/r8/internal/eG;)Z @ 65 c2
Event: 1222.426 Thread 0x00000240695649e0 DEOPT PACKING pc=0x000002401af3d3e4 sp=0x0000006ef68f9960
Event: 1222.426 Thread 0x00000240695649e0 DEOPT UNPACKING pc=0x000002401a4f69a3 sp=0x0000006ef68f9940 mode 2
Event: 1222.953 Thread 0x000002406a7c1300 DEOPT PACKING pc=0x000002401c000374 sp=0x0000006ef96fae10
Event: 1222.953 Thread 0x000002406a7c1300 DEOPT UNPACKING pc=0x000002401a4f7143 sp=0x0000006ef96fa2d8 mode 0
Event: 1223.104 Thread 0x00000240695649e0 DEOPT PACKING pc=0x00000240164b0211 sp=0x0000006ef68f9de0
Event: 1223.104 Thread 0x00000240695649e0 DEOPT UNPACKING pc=0x000002401a4f7143 sp=0x0000006ef68f9398 mode 0
Event: 1223.300 Thread 0x000002406bd6a3d0 DEOPT PACKING pc=0x0000024013d279c7 sp=0x0000006efacf9fd0
Event: 1223.300 Thread 0x000002406bd6a3d0 DEOPT UNPACKING pc=0x000002401a4f7143 sp=0x0000006efacf94e8 mode 0
Event: 1223.963 Thread 0x00000240695649e0 Uncommon trap: trap_request=0xffffff45 fr.pc=0x000002401c01218c relative=0x0000000000004c0c
Event: 1223.963 Thread 0x00000240695649e0 Uncommon trap: reason=unstable_if action=reinterpret pc=0x000002401c01218c method=com.android.tools.r8.internal.Ma.a(ILcom/android/tools/r8/internal/qA;)I @ 189 c2
Event: 1223.963 Thread 0x00000240695649e0 DEOPT PACKING pc=0x000002401c01218c sp=0x0000006ef68fa040
Event: 1223.963 Thread 0x00000240695649e0 DEOPT UNPACKING pc=0x000002401a4f69a3 sp=0x0000006ef68fa038 mode 2
Event: 1224.218 Thread 0x000002406bd6a3d0 DEOPT PACKING pc=0x0000024015c29253 sp=0x0000006efacf9d40
Event: 1224.218 Thread 0x000002406bd6a3d0 DEOPT UNPACKING pc=0x000002401a4f7143 sp=0x0000006efacf9300 mode 0
Event: 1224.257 Thread 0x00000240695649e0 Uncommon trap: trap_request=0xffffff45 fr.pc=0x000002401c3369d0 relative=0x0000000000004990
Event: 1224.257 Thread 0x00000240695649e0 Uncommon trap: reason=unstable_if action=reinterpret pc=0x000002401c3369d0 method=com.android.tools.r8.ir.optimize.e0.a(Lcom/android/tools/r8/internal/H5;Lcom/android/tools/r8/internal/bR;Ljava/util/Set;Lcom/android/tools/r8/ir/optimize/Z;)V @ 320 c2
Event: 1224.257 Thread 0x00000240695649e0 DEOPT PACKING pc=0x000002401c3369d0 sp=0x0000006ef68f9890
Event: 1224.257 Thread 0x00000240695649e0 DEOPT UNPACKING pc=0x000002401a4f69a3 sp=0x0000006ef68f98c8 mode 2

Classes loaded (20 events):
Event: 1189.829 Loading class java/util/IdentityHashMap$EntryIterator$Entry
Event: 1189.829 Loading class java/util/IdentityHashMap$EntryIterator$Entry done
Event: 1189.925 Loading class java/util/SortedSet$1
Event: 1189.925 Loading class java/util/SortedSet$1 done
Event: 1189.926 Loading class java/util/stream/SliceOps
Event: 1189.931 Loading class java/util/stream/SliceOps done
Event: 1189.931 Loading class java/util/stream/SliceOps$1
Event: 1189.932 Loading class java/util/stream/SliceOps$1 done
Event: 1189.936 Loading class java/util/stream/SliceOps$1$1
Event: 1189.936 Loading class java/util/stream/SliceOps$1$1 done
Event: 1191.775 Loading class jdk/internal/reflect/UnsafeQualifiedBooleanFieldAccessorImpl
Event: 1191.776 Loading class jdk/internal/reflect/UnsafeQualifiedBooleanFieldAccessorImpl done
Event: 1192.909 Loading class jdk/internal/reflect/UnsafeByteFieldAccessorImpl
Event: 1192.909 Loading class jdk/internal/reflect/UnsafeByteFieldAccessorImpl done
Event: 1215.181 Loading class java/nio/ShortBuffer
Event: 1215.182 Loading class java/nio/ShortBuffer done
Event: 1215.969 Loading class java/nio/ByteBufferAsShortBufferL
Event: 1215.969 Loading class java/nio/ByteBufferAsShortBufferL done
Event: 1216.655 Loading class java/util/zip/Adler32
Event: 1216.656 Loading class java/util/zip/Adler32 done

Classes unloaded (20 events):
Event: 1090.800 Thread 0x000002402dc5fad0 Unloading class 0x00000240300d9000 '_BuildScript_'
Event: 1090.800 Thread 0x000002402dc5fad0 Unloading class 0x00000240300d4bb8 '_BuildScript_$_run_closure1$_closure5'
Event: 1090.800 Thread 0x000002402dc5fad0 Unloading class 0x00000240300d47d0 '_BuildScript_$_run_closure1$_closure4'
Event: 1090.800 Thread 0x000002402dc5fad0 Unloading class 0x00000240300d43e8 '_BuildScript_$_run_closure1$_closure3$_closure6'
Event: 1090.800 Thread 0x000002402dc5fad0 Unloading class 0x00000240300d4000 '_BuildScript_$_run_closure1$_closure3'
Event: 1090.800 Thread 0x000002402dc5fad0 Unloading class 0x00000240300d1920 '_BuildScript_$_run_closure1$_closure2'
Event: 1090.800 Thread 0x000002402dc5fad0 Unloading class 0x00000240300d1538 '_BuildScript_$_run_closure1'
Event: 1090.800 Thread 0x000002402dc5fad0 Unloading class 0x00000240300d1000 '_BuildScript_'
Event: 1090.800 Thread 0x000002402dc5fad0 Unloading class 0x00000240300c67d0 '_BuildScript_$_run_closure3'
Event: 1090.800 Thread 0x000002402dc5fad0 Unloading class 0x00000240300c63e8 '_BuildScript_$_run_closure2$_closure11'
Event: 1090.800 Thread 0x000002402dc5fad0 Unloading class 0x00000240300c6000 '_BuildScript_$_run_closure2'
Event: 1090.800 Thread 0x000002402dc5fad0 Unloading class 0x00000240300c5b58 '_BuildScript_$_run_closure1$_closure8$_closure10'
Event: 1090.800 Thread 0x000002402dc5fad0 Unloading class 0x00000240300c5770 '_BuildScript_$_run_closure1$_closure8'
Event: 1090.800 Thread 0x000002402dc5fad0 Unloading class 0x00000240300c5388 '_BuildScript_$_run_closure1$_closure7'
Event: 1090.800 Thread 0x000002402dc5fad0 Unloading class 0x00000240300c4fa0 '_BuildScript_$_run_closure1$_closure6'
Event: 1090.800 Thread 0x000002402dc5fad0 Unloading class 0x00000240300c4bb8 '_BuildScript_$_run_closure1$_closure5$_closure9'
Event: 1090.800 Thread 0x000002402dc5fad0 Unloading class 0x00000240300c47d0 '_BuildScript_$_run_closure1$_closure5'
Event: 1090.800 Thread 0x000002402dc5fad0 Unloading class 0x00000240300c43e8 '_BuildScript_$_run_closure1$_closure4'
Event: 1090.800 Thread 0x000002402dc5fad0 Unloading class 0x00000240300c4000 '_BuildScript_$_run_closure1'
Event: 1090.800 Thread 0x000002402dc5fad0 Unloading class 0x00000240300b8800 '_BuildScript_'

Classes redefined (0 events):
No events

Internal exceptions (20 events):
Event: 1189.157 Thread 0x000002406a7c1300 Exception <a 'java/lang/IncompatibleClassChangeError'{0x000000072a5247f0}: Found class java.lang.Object, but interface was expected> (0x000000072a5247f0) 
thrown [s\src\hotspot\share\interpreter\linkResolver.cpp, line 826]
Event: 1189.512 Thread 0x000002406a7c1300 Exception <a 'java/lang/NoSuchMethodError'{0x0000000727a797c0}: 'void java.lang.invoke.DirectMethodHandle$Holder.invokeSpecial(java.lang.Object, java.lang.Object, int, java.lang.Object)'> (0x0000000727a797c0) 
thrown [s\src\hotspot\share\interpreter\linkResolver.cpp, line 759]
Event: 1189.870 Thread 0x000002406a7c1300 Exception <a 'java/lang/NoSuchMethodError'{0x00000007269ca1e0}: 'int java.lang.invoke.DirectMethodHandle$Holder.invokeSpecial(java.lang.Object, java.lang.Object, java.lang.Object, int, java.lang.Object)'> (0x00000007269ca1e0) 
thrown [s\src\hotspot\share\interpreter\linkResolver.cpp, line 759]
Event: 1190.228 Thread 0x000002406a7c1300 Exception <a 'java/lang/NoSuchMethodError'{0x0000000725af69c0}: 'java.lang.Object java.lang.invoke.DirectMethodHandle$Holder.invokeInterface(java.lang.Object, java.lang.Object, int)'> (0x0000000725af69c0) 
thrown [s\src\hotspot\share\interpreter\linkResolver.cpp, line 759]
Event: 1191.431 Thread 0x00000240695649e0 Exception <a 'java/lang/IncompatibleClassChangeError'{0x0000000723913228}: Found class java.lang.Object, but interface was expected> (0x0000000723913228) 
thrown [s\src\hotspot\share\interpreter\linkResolver.cpp, line 826]
Event: 1191.850 Thread 0x000002406a7c1300 Exception <a 'java/lang/NoSuchMethodError'{0x0000000722360868}: 'int java.lang.invoke.DirectMethodHandle$Holder.invokeInterface(java.lang.Object, java.lang.Object, int)'> (0x0000000722360868) 
thrown [s\src\hotspot\share\interpreter\linkResolver.cpp, line 759]
Event: 1192.651 Thread 0x0000024075087490 Exception <a 'java/lang/NoSuchMethodError'{0x000000072acfffb0}: 'java.lang.Object java.lang.invoke.DirectMethodHandle$Holder.invokeSpecial(java.lang.Object, java.lang.Object, java.lang.Object, java.lang.Object, long)'> (0x000000072acfffb0) 
thrown [s\src\hotspot\share\interpreter\linkResolver.cpp, line 759]
Event: 1192.652 Thread 0x0000024075087490 Exception <a 'java/lang/NoSuchMethodError'{0x000000072ad045d8}: 'java.lang.Object java.lang.invoke.Invokers$Holder.linkToTargetMethod(java.lang.Object, java.lang.Object, long, java.lang.Object)'> (0x000000072ad045d8) 
thrown [s\src\hotspot\share\interpreter\linkResolver.cpp, line 759]
Event: 1195.731 Thread 0x0000024075087490 Exception <a 'sun/nio/fs/WindowsException'{0x00000007285cbe70}> (0x00000007285cbe70) 
thrown [s\src\hotspot\share\prims\jni.cpp, line 516]
Event: 1210.001 Thread 0x000002406bd6a3d0 Implicit null exception at 0x000002401c24172c to 0x000002401c244145
Event: 1213.208 Thread 0x000002406a7c1300 Exception <a 'java/lang/NoSuchMethodError'{0x0000000726cc4db8}: 'java.lang.Object java.lang.invoke.DirectMethodHandle$Holder.newInvokeSpecial(java.lang.Object, java.lang.Object, int, java.lang.Object, java.lang.Object, java.lang.Object)'> (0x0000000726cc4db8) 
thrown [s\src\hotspot\share\interpreter\linkResolver.cpp, line 759]
Event: 1213.209 Thread 0x000002406a7c1300 Exception <a 'java/lang/NoSuchMethodError'{0x0000000726ccd820}: 'java.lang.Object java.lang.invoke.Invokers$Holder.linkToTargetMethod(java.lang.Object, int, java.lang.Object, java.lang.Object, java.lang.Object, java.lang.Object)'> (0x0000000726ccd820) 
thrown [s\src\hotspot\share\interpreter\linkResolver.cpp, line 759]
Event: 1213.209 Thread 0x000002406a7c1300 Exception <a 'java/lang/NoSuchMethodError'{0x0000000726cd2a60}: 'void java.lang.invoke.DirectMethodHandle$Holder.invokeSpecial(java.lang.Object, java.lang.Object, java.lang.Object, int, java.lang.Object, java.lang.Object, java.lang.Object, java.lang.Object)'> (0x0000000726cd2a60) 
thrown [s\src\hotspot\share\interpreter\linkResolver.cpp, line 759]
Event: 1213.215 Thread 0x000002406a7c1300 Exception <a 'java/lang/NoSuchMethodError'{0x0000000726cfceb8}: 'void java.lang.invoke.DirectMethodHandle$Holder.invokeStatic(java.lang.Object, java.lang.Object, java.lang.Object, java.lang.Object, java.lang.Object, java.lang.Object, java.lang.Object, java.lang.Object)'> (0x0000000726cfceb8) 
thrown [s\src\hotspot\share\interpreter\linkResolver.cpp, line 759]
Event: 1214.720 Thread 0x000002406a7c1300 Exception <a 'java/lang/IncompatibleClassChangeError'{0x0000000721909d88}: Found class java.lang.Object, but interface was expected> (0x0000000721909d88) 
thrown [s\src\hotspot\share\interpreter\linkResolver.cpp, line 826]
Event: 1216.745 Thread 0x000002406a7c1300 Exception <a 'sun/nio/fs/WindowsException'{0x000000072769ccd8}> (0x000000072769ccd8) 
thrown [s\src\hotspot\share\prims\jni.cpp, line 516]
Event: 1219.907 Thread 0x00000240695649e0 Implicit null exception at 0x000002401c352897 to 0x000002401c3562b4
Event: 1221.176 Thread 0x000002406bd6a3d0 Exception <a 'java/lang/NoSuchMethodError'{0x0000000723ffd240}: 'void java.lang.invoke.DirectMethodHandle$Holder.invokeSpecialIFC(java.lang.Object, java.lang.Object, java.lang.Object, java.lang.Object)'> (0x0000000723ffd240) 
thrown [s\src\hotspot\share\interpreter\linkResolver.cpp, line 759]
Event: 1222.976 Thread 0x000002406a7c1300 Exception <a 'sun/nio/fs/WindowsException'{0x000000072b1f7bc0}> (0x000000072b1f7bc0) 
thrown [s\src\hotspot\share\prims\jni.cpp, line 516]
Event: 1222.976 Thread 0x000002406a7c1300 Exception <a 'sun/nio/fs/WindowsException'{0x000000072b1f7da8}> (0x000000072b1f7da8) 
thrown [s\src\hotspot\share\prims\jni.cpp, line 516]

VM Operations (20 events):
Event: 1217.828 Executing VM operation: HandshakeAllThreads
Event: 1217.829 Executing VM operation: HandshakeAllThreads done
Event: 1218.188 Executing VM operation: G1CollectForAllocation
Event: 1218.209 Executing VM operation: G1CollectForAllocation done
Event: 1219.665 Executing VM operation: HandshakeAllThreads
Event: 1219.854 Executing VM operation: HandshakeAllThreads done
Event: 1219.854 Executing VM operation: Cleanup
Event: 1219.855 Executing VM operation: Cleanup done
Event: 1220.065 Executing VM operation: HandshakeAllThreads
Event: 1220.073 Executing VM operation: HandshakeAllThreads done
Event: 1221.076 Executing VM operation: Cleanup
Event: 1221.139 Executing VM operation: Cleanup done
Event: 1221.184 Executing VM operation: HandshakeAllThreads
Event: 1221.290 Executing VM operation: HandshakeAllThreads done
Event: 1221.945 Executing VM operation: G1CollectForAllocation
Event: 1222.081 Executing VM operation: G1CollectForAllocation done
Event: 1222.840 Executing VM operation: HandshakeAllThreads
Event: 1222.841 Executing VM operation: HandshakeAllThreads done
Event: 1223.834 Executing VM operation: Cleanup
Event: 1223.891 Executing VM operation: Cleanup done

Memory protections (0 events):
No events

Nmethod flushes (20 events):
Event: 1222.901 Thread 0x000002402dc9c5e0 flushing  nmethod 0x000002401645d790
Event: 1222.901 Thread 0x000002402dc9c5e0 flushing  nmethod 0x000002401645e390
Event: 1222.901 Thread 0x000002402dc9c5e0 flushing  nmethod 0x0000024016463d10
Event: 1222.901 Thread 0x000002402dc9c5e0 flushing  nmethod 0x000002401646f590
Event: 1222.901 Thread 0x000002402dc9c5e0 flushing  nmethod 0x0000024016471a10
Event: 1222.901 Thread 0x000002402dc9c5e0 flushing  nmethod 0x00000240164a7490
Event: 1222.902 Thread 0x000002402dc9c5e0 flushing  nmethod 0x000002401651e190
Event: 1222.902 Thread 0x000002402dc9c5e0 flushing  nmethod 0x000002401654f190
Event: 1222.902 Thread 0x000002402dc9c5e0 flushing  nmethod 0x000002401654f890
Event: 1222.902 Thread 0x000002402dc9c5e0 flushing  nmethod 0x000002401654fc90
Event: 1222.902 Thread 0x000002402dc9c5e0 flushing  nmethod 0x000002401655b610
Event: 1222.902 Thread 0x000002402dc9c5e0 flushing  nmethod 0x000002401655ff10
Event: 1222.902 Thread 0x000002402dc9c5e0 flushing  nmethod 0x0000024016564790
Event: 1222.902 Thread 0x000002402dc9c5e0 flushing  nmethod 0x0000024016566310
Event: 1222.902 Thread 0x000002402dc9c5e0 flushing  nmethod 0x0000024016567210
Event: 1222.902 Thread 0x000002402dc9c5e0 flushing  nmethod 0x0000024016568710
Event: 1222.902 Thread 0x000002402dc9c5e0 flushing  nmethod 0x0000024016594310
Event: 1222.902 Thread 0x000002402dc9c5e0 flushing  nmethod 0x0000024016654410
Event: 1222.903 Thread 0x000002402dc9c5e0 flushing  nmethod 0x00000240166a5a90
Event: 1222.903 Thread 0x000002402dc9c5e0 flushing osr nmethod 0x00000240167cc410

Events (20 events):
Event: 1131.595 Thread 0x00000240690c6570 Thread added: 0x00000240671e4550
Event: 1143.772 Thread 0x0000024073e2f500 Thread exited: 0x0000024073e2f500
Event: 1143.774 Thread 0x0000024073e2eff0 Thread exited: 0x0000024073e2eff0
Event: 1143.932 Thread 0x000002406d5c3110 Thread exited: 0x000002406d5c3110
Event: 1165.084 Thread 0x000002402dc8e2b0 Thread added: 0x000002406b581580
Event: 1165.420 Thread 0x000002406b581580 Thread exited: 0x000002406b581580
Event: 1177.875 Thread 0x000002406bd6cc50 Thread added: 0x00000240671e68c0
Event: 1178.435 Thread 0x000002406bd6cc50 Thread added: 0x000002406d5c2c00
Event: 1178.435 Thread 0x000002406bd6cc50 Thread added: 0x000002406d5c3110
Event: 1178.627 Thread 0x000002406a7c1300 Thread added: 0x0000024073e31870
Event: 1178.627 Thread 0x000002406a7c1300 Thread added: 0x0000024073e2e5d0
Event: 1180.995 Thread 0x000002402dc91cb0 Thread added: 0x00000240748f58e0
Event: 1182.786 Thread 0x00000240748f58e0 Thread exited: 0x00000240748f58e0
Event: 1183.255 Thread 0x000002402dc91cb0 Thread added: 0x000002406d0ea520
Event: 1184.199 Thread 0x000002406d0ea520 Thread exited: 0x000002406d0ea520
Event: 1185.626 Thread 0x000002402dc91cb0 Thread added: 0x00000240748f58e0
Event: 1191.671 Thread 0x000002406d5c26f0 Thread exited: 0x000002406d5c26f0
Event: 1195.774 Thread 0x0000024075087490 Thread added: 0x000002406d5c3620
Event: 1195.994 Thread 0x000002406d5c3620 Thread added: 0x00000240780c1920
Event: 1195.994 Thread 0x000002406d5c3620 Thread added: 0x00000240780c1410


Dynamic libraries:
0x00007ff745910000 - 0x00007ff74591e000 	C:\Program Files\Eclipse Adoptium\jdk-17.0.15.6-hotspot\bin\java.exe
0x00007ff9ec2f0000 - 0x00007ff9ec4e8000 	C:\WINDOWS\SYSTEM32\ntdll.dll
0x00007ff9eab70000 - 0x00007ff9eac32000 	C:\WINDOWS\System32\KERNEL32.DLL
0x00007ff9e9b50000 - 0x00007ff9e9e46000 	C:\WINDOWS\System32\KERNELBASE.dll
0x00007ff9e9e80000 - 0x00007ff9e9f80000 	C:\WINDOWS\System32\ucrtbase.dll
0x00007ff9df940000 - 0x00007ff9df95e000 	C:\Program Files\Eclipse Adoptium\jdk-17.0.15.6-hotspot\bin\VCRUNTIME140.dll
0x00007ff9db360000 - 0x00007ff9db377000 	C:\Program Files\Eclipse Adoptium\jdk-17.0.15.6-hotspot\bin\jli.dll
0x00007ff9eb110000 - 0x00007ff9eb2ad000 	C:\WINDOWS\System32\USER32.dll
0x00007ff9d9580000 - 0x00007ff9d981a000 	C:\WINDOWS\WinSxS\amd64_microsoft.windows.common-controls_6595b64144ccf1df_6.0.19041.5915_none_60b4b9d171f9c7c7\COMCTL32.dll
0x00007ff9e9e50000 - 0x00007ff9e9e72000 	C:\WINDOWS\System32\win32u.dll
0x00007ff9eb900000 - 0x00007ff9eb99e000 	C:\WINDOWS\System32\msvcrt.dll
0x00007ff9ec1a0000 - 0x00007ff9ec1cb000 	C:\WINDOWS\System32\GDI32.dll
0x00007ff9ea250000 - 0x00007ff9ea369000 	C:\WINDOWS\System32\gdi32full.dll
0x00007ff9e9fd0000 - 0x00007ff9ea06d000 	C:\WINDOWS\System32\msvcp_win.dll
0x00007ff9ec170000 - 0x00007ff9ec19f000 	C:\WINDOWS\System32\IMM32.DLL
0x00007ff9db350000 - 0x00007ff9db35c000 	C:\Program Files\Eclipse Adoptium\jdk-17.0.15.6-hotspot\bin\vcruntime140_1.dll
0x00007ff9cd3f0000 - 0x00007ff9cd47d000 	C:\Program Files\Eclipse Adoptium\jdk-17.0.15.6-hotspot\bin\msvcp140.dll
0x00007ff9871b0000 - 0x00007ff987e1b000 	C:\Program Files\Eclipse Adoptium\jdk-17.0.15.6-hotspot\bin\server\jvm.dll
0x00007ff9ec1f0000 - 0x00007ff9ec2a1000 	C:\WINDOWS\System32\ADVAPI32.dll
0x00007ff9eb2b0000 - 0x00007ff9eb34f000 	C:\WINDOWS\System32\sechost.dll
0x00007ff9eac50000 - 0x00007ff9ead73000 	C:\WINDOWS\System32\RPCRT4.dll
0x00007ff9e9b20000 - 0x00007ff9e9b47000 	C:\WINDOWS\System32\bcrypt.dll
0x00007ff9eb6b0000 - 0x00007ff9eb71b000 	C:\WINDOWS\System32\WS2_32.dll
0x00007ff9e8fb0000 - 0x00007ff9e8ffb000 	C:\WINDOWS\SYSTEM32\POWRPROF.dll
0x00007ff9d9f30000 - 0x00007ff9d9f57000 	C:\WINDOWS\SYSTEM32\WINMM.dll
0x00007ff9d8270000 - 0x00007ff9d827a000 	C:\WINDOWS\SYSTEM32\VERSION.dll
0x00007ff9e8e70000 - 0x00007ff9e8e82000 	C:\WINDOWS\SYSTEM32\UMPDC.dll
0x00007ff9e8290000 - 0x00007ff9e82a2000 	C:\WINDOWS\SYSTEM32\kernel.appcore.dll
0x00007ff9dae60000 - 0x00007ff9dae6a000 	C:\Program Files\Eclipse Adoptium\jdk-17.0.15.6-hotspot\bin\jimage.dll
0x00007ff9e7f70000 - 0x00007ff9e8171000 	C:\WINDOWS\SYSTEM32\DBGHELP.DLL
0x00007ff9d2590000 - 0x00007ff9d25c4000 	C:\WINDOWS\SYSTEM32\dbgcore.DLL
0x00007ff9ea370000 - 0x00007ff9ea3f2000 	C:\WINDOWS\System32\bcryptPrimitives.dll
0x00007ff9d5c20000 - 0x00007ff9d5c2e000 	C:\Program Files\Eclipse Adoptium\jdk-17.0.15.6-hotspot\bin\instrument.dll
0x00007ff9d7e60000 - 0x00007ff9d7e85000 	C:\Program Files\Eclipse Adoptium\jdk-17.0.15.6-hotspot\bin\java.dll
0x00007ff9cacc0000 - 0x00007ff9cad97000 	C:\Program Files\Eclipse Adoptium\jdk-17.0.15.6-hotspot\bin\jsvml.dll
0x00007ff9ea400000 - 0x00007ff9eab6e000 	C:\WINDOWS\System32\SHELL32.dll
0x00007ff9e77c0000 - 0x00007ff9e7f64000 	C:\WINDOWS\SYSTEM32\windows.storage.dll
0x00007ff9eb350000 - 0x00007ff9eb6a3000 	C:\WINDOWS\System32\combase.dll
0x00007ff9e94a0000 - 0x00007ff9e94cb000 	C:\WINDOWS\SYSTEM32\Wldp.dll
0x00007ff9eb040000 - 0x00007ff9eb10d000 	C:\WINDOWS\System32\OLEAUT32.dll
0x00007ff9eb850000 - 0x00007ff9eb8fd000 	C:\WINDOWS\System32\SHCORE.dll
0x00007ff9ec0b0000 - 0x00007ff9ec10b000 	C:\WINDOWS\System32\shlwapi.dll
0x00007ff9e99a0000 - 0x00007ff9e99c5000 	C:\WINDOWS\SYSTEM32\profapi.dll
0x00007ff9d64d0000 - 0x00007ff9d64e8000 	C:\Program Files\Eclipse Adoptium\jdk-17.0.15.6-hotspot\bin\zip.dll
0x00007ff9d7e20000 - 0x00007ff9d7e39000 	C:\Program Files\Eclipse Adoptium\jdk-17.0.15.6-hotspot\bin\net.dll
0x00007ff9dee20000 - 0x00007ff9def2a000 	C:\WINDOWS\SYSTEM32\WINHTTP.dll
0x00007ff9e9200000 - 0x00007ff9e926a000 	C:\WINDOWS\system32\mswsock.dll
0x00007ff9d7de0000 - 0x00007ff9d7df6000 	C:\Program Files\Eclipse Adoptium\jdk-17.0.15.6-hotspot\bin\nio.dll
0x00007ff9dae50000 - 0x00007ff9dae60000 	C:\Program Files\Eclipse Adoptium\jdk-17.0.15.6-hotspot\bin\verify.dll
0x00007ff9d2120000 - 0x00007ff9d2147000 	C:\Users\dell\.gradle\native\1def1411415f61bf3af743bc5b6707747c0891f09f0c88961ee8f79bc544acac\windows-amd64\native-platform.dll
0x00007ff9c9c50000 - 0x00007ff9c9cc8000 	C:\Users\dell\.gradle\native\0.2.7\x86_64-windows-gnu\gradle-fileevents.dll
0x00007ff9d6610000 - 0x00007ff9d661a000 	C:\Program Files\Eclipse Adoptium\jdk-17.0.15.6-hotspot\bin\management.dll
0x00007ff9d64c0000 - 0x00007ff9d64cb000 	C:\Program Files\Eclipse Adoptium\jdk-17.0.15.6-hotspot\bin\management_ext.dll
0x00007ff9eac40000 - 0x00007ff9eac48000 	C:\WINDOWS\System32\PSAPI.DLL
0x00007ff9e8e90000 - 0x00007ff9e8ecb000 	C:\WINDOWS\SYSTEM32\IPHLPAPI.DLL
0x00007ff9eba80000 - 0x00007ff9eba88000 	C:\WINDOWS\System32\NSI.dll
0x00007ff9e0f20000 - 0x00007ff9e0f37000 	C:\WINDOWS\SYSTEM32\dhcpcsvc6.DLL
0x00007ff9e2490000 - 0x00007ff9e24ad000 	C:\WINDOWS\SYSTEM32\dhcpcsvc.DLL
0x00007ff9e8ee0000 - 0x00007ff9e8faa000 	C:\WINDOWS\SYSTEM32\DNSAPI.dll
0x00007ff9d64a0000 - 0x00007ff9d64a9000 	C:\Program Files\Eclipse Adoptium\jdk-17.0.15.6-hotspot\bin\extnet.dll
0x00007ff9e9400000 - 0x00007ff9e9418000 	C:\WINDOWS\SYSTEM32\CRYPTSP.dll
0x00007ff9e8ab0000 - 0x00007ff9e8ae8000 	C:\WINDOWS\system32\rsaenh.dll
0x00007ff9e9920000 - 0x00007ff9e994e000 	C:\WINDOWS\SYSTEM32\USERENV.dll
0x00007ff9e93f0000 - 0x00007ff9e93fc000 	C:\WINDOWS\SYSTEM32\CRYPTBASE.dll
0x00007ff9d3cb0000 - 0x00007ff9d3cbe000 	C:\Program Files\Eclipse Adoptium\jdk-17.0.15.6-hotspot\bin\sunmscapi.dll
0x00007ff9ea0f0000 - 0x00007ff9ea24d000 	C:\WINDOWS\System32\CRYPT32.dll
0x00007ff9e9510000 - 0x00007ff9e9537000 	C:\WINDOWS\SYSTEM32\ncrypt.dll
0x00007ff9e94d0000 - 0x00007ff9e950b000 	C:\WINDOWS\SYSTEM32\NTASN1.dll
0x00007ff9e03b0000 - 0x00007ff9e03b7000 	C:\WINDOWS\system32\wshunix.dll
0x00007ff9d74c0000 - 0x00007ff9d74d7000 	C:\WINDOWS\system32\napinsp.dll
0x00007ff9d6aa0000 - 0x00007ff9d6abb000 	C:\WINDOWS\system32\pnrpnsp.dll
0x00007ff9cd7f0000 - 0x00007ff9cd80d000 	C:\WINDOWS\system32\wshbth.dll
0x00007ff9e3b30000 - 0x00007ff9e3b4d000 	C:\WINDOWS\system32\NLAapi.dll
0x00007ff9d5d60000 - 0x00007ff9d5d72000 	C:\WINDOWS\System32\winrnr.dll
0x00007ff9dd090000 - 0x00007ff9dd09a000 	C:\Windows\System32\rasadhlp.dll
0x00007ff9d9cf0000 - 0x00007ff9d9d70000 	C:\WINDOWS\System32\fwpuclnt.dll

dbghelp: loaded successfully - version: 4.0.5 - missing functions: none
symbol engine: initialized successfully - sym options: 0x614 - pdb path: .;C:\Program Files\Eclipse Adoptium\jdk-17.0.15.6-hotspot\bin;C:\WINDOWS\SYSTEM32;C:\WINDOWS\WinSxS\amd64_microsoft.windows.common-controls_6595b64144ccf1df_6.0.19041.5915_none_60b4b9d171f9c7c7;C:\Program Files\Eclipse Adoptium\jdk-17.0.15.6-hotspot\bin\server;C:\Users\dell\.gradle\native\1def1411415f61bf3af743bc5b6707747c0891f09f0c88961ee8f79bc544acac\windows-amd64;C:\Users\dell\.gradle\native\0.2.7\x86_64-windows-gnu

VM Arguments:
jvm_args: --add-opens=java.base/java.lang=ALL-UNNAMED --add-opens=java.base/java.lang.invoke=ALL-UNNAMED --add-opens=java.base/java.util=ALL-UNNAMED --add-opens=java.prefs/java.util.prefs=ALL-UNNAMED --add-exports=jdk.compiler/com.sun.tools.javac.api=ALL-UNNAMED --add-exports=jdk.compiler/com.sun.tools.javac.util=ALL-UNNAMED --add-opens=java.base/java.util=ALL-UNNAMED --add-opens=java.prefs/java.util.prefs=ALL-UNNAMED --add-opens=java.base/java.nio.charset=ALL-UNNAMED --add-opens=java.base/java.net=ALL-UNNAMED --add-opens=java.base/java.util.concurrent.atomic=ALL-UNNAMED --add-opens=java.xml/javax.xml.namespace=ALL-UNNAMED -XX:MaxMetaspaceSize=1024m -Xmx4096m -Dfile.encoding=windows-1252 -Duser.country=US -Duser.language=en -Duser.variant -javaagent:C:\Users\dell\.gradle\wrapper\dists\gradle-8.13-bin\5xuhj0ry160q40clulazy9h7d\gradle-8.13\lib\agents\gradle-instrumentation-agent-8.13.jar 
java_command: org.gradle.launcher.daemon.bootstrap.GradleDaemon 8.13
java_class_path (initial): C:\Users\dell\.gradle\wrapper\dists\gradle-8.13-bin\5xuhj0ry160q40clulazy9h7d\gradle-8.13\lib\gradle-daemon-main-8.13.jar
Launcher Type: SUN_STANDARD

[Global flags]
     intx CICompilerCount                          = 3                                         {product} {ergonomic}
   size_t CompressedClassSpaceSize                 = 872415232                                 {product} {ergonomic}
     uint ConcGCThreads                            = 1                                         {product} {ergonomic}
     uint G1ConcRefinementThreads                  = 4                                         {product} {ergonomic}
   size_t G1HeapRegionSize                         = 2097152                                   {product} {ergonomic}
    uintx GCDrainStackTargetSize                   = 64                                        {product} {ergonomic}
   size_t InitialHeapSize                          = 134217728                                 {product} {ergonomic}
   size_t MarkStackSize                            = 4194304                                   {product} {ergonomic}
   size_t MaxHeapSize                              = 4294967296                                {product} {command line}
   size_t MaxMetaspaceSize                         = 1073741824                                {product} {command line}
   size_t MaxNewSize                               = 2575302656                                {product} {ergonomic}
   size_t MinHeapDeltaBytes                        = 2097152                                   {product} {ergonomic}
   size_t MinHeapSize                              = 8388608                                   {product} {ergonomic}
    uintx NonNMethodCodeHeapSize                   = 5832780                                {pd product} {ergonomic}
    uintx NonProfiledCodeHeapSize                  = 122912730                              {pd product} {ergonomic}
    uintx ProfiledCodeHeapSize                     = 122912730                              {pd product} {ergonomic}
    uintx ReservedCodeCacheSize                    = 251658240                              {pd product} {ergonomic}
     bool SegmentedCodeCache                       = true                                      {product} {ergonomic}
   size_t SoftMaxHeapSize                          = 4294967296                             {manageable} {ergonomic}
     bool UseCompressedClassPointers               = true                           {product lp64_product} {ergonomic}
     bool UseCompressedOops                        = true                           {product lp64_product} {ergonomic}
     bool UseG1GC                                  = true                                      {product} {ergonomic}
     bool UseLargePagesIndividualAllocation        = false                                  {pd product} {ergonomic}

Logging:
Log output configuration:
 #0: stdout all=warning uptime,level,tags
 #1: stderr all=off uptime,level,tags

Environment Variables:
JAVA_HOME=C:\Program Files\Eclipse Adoptium\jdk-17.0.15.6-hotspot\
CLASSPATH=C:\Users\dell\lifeorganizer\android\\gradle\wrapper\gradle-wrapper.jar
PATH=C:\Users\dell\lifeorganizer\node_modules\.bin;C:\Users\dell\lifeorganizer\node_modules\.bin;C:\Users\dell\node_modules\.bin;C:\Users\node_modules\.bin;C:\node_modules\.bin;C:\Users\dell\AppData\Roaming\npm\node_modules\npm\node_modules\@npmcli\run-script\lib\node-gyp-bin;C:\Program Files\Eclipse Adoptium\jdk-17.0.15.6-hotspot\bin;C:\Users\dell\AppData\Local\Android\Sdk;C:\ProgramData\chocolatey\bin\choco.exe\bin;C:\Program Files\;C:\Program Files\Git\cmd;C:\xampp\php;C:\ProgramData\ComposerSetup\bin;C:\Program Files\Eclipse Adoptium\jdk-17.0.15.6-hotspot\\bin;C:\Users\dell\AppData\Local\Microsoft\WindowsApps;C:\Users\dell\AppData\Local\Programs\Microsoft VS Code\bin;C:\Program Files\Azure Data Studio\bin;C:\Users\dell\.dotnet\tools;D:\flutter\bin;C:\Users\dell\AppData\Roaming\Composer\vendor\bin;C:\Users\dell\AppData\Roaming\npm;C:\Users\dell\AppData\Local\Android\Sdk\platform-tools;;c:\Users\dell\AppData\Roaming\Code\User\globalStorage\github.copilot-chat\debugCommand
USERNAME=dell
LANG=en_US.UTF-8
OS=Windows_NT
PROCESSOR_IDENTIFIER=Intel64 Family 6 Model 61 Stepping 4, GenuineIntel
TMP=C:\Users\dell\AppData\Local\Temp
TEMP=C:\Users\dell\AppData\Local\Temp



Periodic native trim disabled


---------------  S Y S T E M  ---------------

OS:
 Windows 10 , 64 bit Build 19041 (10.0.19041.5915)
OS uptime: 4 days 0:15 hours

CPU: total 4 (initial active 4) (2 cores per cpu, 2 threads per core) family 6 model 61 stepping 4 microcode 0x2d, cx8, cmov, fxsr, ht, mmx, 3dnowpref, sse, sse2, sse3, ssse3, sse4.1, sse4.2, popcnt, lzcnt, tsc, tscinvbit, avx, avx2, aes, erms, clmul, bmi1, bmi2, rtm, adx, fma, vzeroupper, clflush
Processor Information for all 4 processors :
  Max Mhz: 2295, Current Mhz: 2295, Mhz Limit: 2295

Memory: 4k page, system-wide physical 8082M (245M free)
TotalPageFile size 16274M (AvailPageFile size 8M)
current process WorkingSet (physical memory assigned to process): 918M, peak: 1068M
current process commit charge ("private bytes"): 1261M, peak: 1269M

vm_info: OpenJDK 64-Bit Server VM (17.0.15+6) for windows-amd64 JRE (17.0.15+6), built on Apr 15 2025 21:25:47 by "admin" with MS VC++ 17.7 (VS2022)

END.
